[
    {
        "model": "admin.logentry",
        "pk": 1,
        "fields": {
            "action_time": "2024-10-10T00:05:06.189Z",
            "user": 1,
            "content_type": 8,
            "object_id": "71",
            "object_repr": "CL-LI-1196",
            "action_flag": 1,
            "change_message": "new through import_export"
        }
    },
    {
        "model": "admin.logentry",
        "pk": 2,
        "fields": {
            "action_time": "2024-10-10T00:05:06.190Z",
            "user": 1,
            "content_type": 8,
            "object_id": "72",
            "object_repr": "CL-RM-2174",
            "action_flag": 1,
            "change_message": "new through import_export"
        }
    },
    {
        "model": "admin.logentry",
        "pk": 3,
        "fields": {
            "action_time": "2024-10-10T00:05:06.190Z",
            "user": 1,
            "content_type": 8,
            "object_id": "73",
            "object_repr": "CL-RM-2183",
            "action_flag": 1,
            "change_message": "new through import_export"
        }
    },
    {
        "model": "admin.logentry",
        "pk": 4,
        "fields": {
            "action_time": "2024-10-10T00:05:06.190Z",
            "user": 1,
            "content_type": 8,
            "object_id": "74",
            "object_repr": "CL-VS-1398",
            "action_flag": 1,
            "change_message": "new through import_export"
        }
    },
    {
        "model": "admin.logentry",
        "pk": 5,
        "fields": {
            "action_time": "2024-10-10T00:05:06.190Z",
            "user": 1,
            "content_type": 8,
            "object_id": "75",
            "object_repr": "CL-VS-1399",
            "action_flag": 1,
            "change_message": "new through import_export"
        }
    },
    {
        "model": "admin.logentry",
        "pk": 6,
        "fields": {
            "action_time": "2024-10-10T00:05:06.190Z",
            "user": 1,
            "content_type": 8,
            "object_id": "76",
            "object_repr": "CL-RM-2177",
            "action_flag": 1,
            "change_message": "new through import_export"
        }
    },
    {
        "model": "admin.logentry",
        "pk": 7,
        "fields": {
            "action_time": "2024-10-10T00:05:06.191Z",
            "user": 1,
            "content_type": 8,
            "object_id": "77",
            "object_repr": "CL-LI-1198",
            "action_flag": 1,
            "change_message": "new through import_export"
        }
    },
    {
        "model": "admin.logentry",
        "pk": 8,
        "fields": {
            "action_time": "2024-10-10T00:05:06.191Z",
            "user": 1,
            "content_type": 8,
            "object_id": "78",
            "object_repr": "CL-RM-2190",
            "action_flag": 1,
            "change_message": "new through import_export"
        }
    },
    {
        "model": "admin.logentry",
        "pk": 9,
        "fields": {
            "action_time": "2024-10-10T00:05:06.191Z",
            "user": 1,
            "content_type": 8,
            "object_id": "79",
            "object_repr": "CL-LI-1195",
            "action_flag": 1,
            "change_message": "new through import_export"
        }
    },
    {
        "model": "admin.logentry",
        "pk": 10,
        "fields": {
            "action_time": "2024-10-10T00:05:06.191Z",
            "user": 1,
            "content_type": 8,
            "object_id": "80",
            "object_repr": "CL-LI-1185",
            "action_flag": 1,
            "change_message": "new through import_export"
        }
    },
    {
        "model": "admin.logentry",
        "pk": 11,
        "fields": {
            "action_time": "2024-10-10T00:05:06.191Z",
            "user": 1,
            "content_type": 8,
            "object_id": "81",
            "object_repr": "CL-RM-2188",
            "action_flag": 1,
            "change_message": "new through import_export"
        }
    },
    {
        "model": "admin.logentry",
        "pk": 12,
        "fields": {
            "action_time": "2024-10-10T00:05:06.191Z",
            "user": 1,
            "content_type": 8,
            "object_id": "82",
            "object_repr": "CL-RM-2182",
            "action_flag": 1,
            "change_message": "new through import_export"
        }
    },
    {
        "model": "admin.logentry",
        "pk": 13,
        "fields": {
            "action_time": "2024-10-10T00:05:06.191Z",
            "user": 1,
            "content_type": 8,
            "object_id": "83",
            "object_repr": "CL-LL-1199",
            "action_flag": 1,
            "change_message": "new through import_export"
        }
    },
    {
        "model": "admin.logentry",
        "pk": 14,
        "fields": {
            "action_time": "2024-10-10T00:05:06.191Z",
            "user": 1,
            "content_type": 8,
            "object_id": "84",
            "object_repr": "CL-VS-1400",
            "action_flag": 1,
            "change_message": "new through import_export"
        }
    },
    {
        "model": "admin.logentry",
        "pk": 15,
        "fields": {
            "action_time": "2024-10-10T00:05:06.191Z",
            "user": 1,
            "content_type": 8,
            "object_id": "85",
            "object_repr": "CL-LI-1183",
            "action_flag": 1,
            "change_message": "new through import_export"
        }
    },
    {
        "model": "admin.logentry",
        "pk": 16,
        "fields": {
            "action_time": "2024-10-10T00:05:06.191Z",
            "user": 1,
            "content_type": 8,
            "object_id": "86",
            "object_repr": "CL-LI-1184",
            "action_flag": 1,
            "change_message": "new through import_export"
        }
    },
    {
        "model": "admin.logentry",
        "pk": 17,
        "fields": {
            "action_time": "2024-10-10T00:05:06.191Z",
            "user": 1,
            "content_type": 8,
            "object_id": "87",
            "object_repr": "CL-RM-2178",
            "action_flag": 1,
            "change_message": "new through import_export"
        }
    },
    {
        "model": "admin.logentry",
        "pk": 18,
        "fields": {
            "action_time": "2024-10-10T00:05:06.191Z",
            "user": 1,
            "content_type": 8,
            "object_id": "88",
            "object_repr": "CL-LI-1189",
            "action_flag": 1,
            "change_message": "new through import_export"
        }
    },
    {
        "model": "admin.logentry",
        "pk": 19,
        "fields": {
            "action_time": "2024-10-10T00:05:06.191Z",
            "user": 1,
            "content_type": 8,
            "object_id": "89",
            "object_repr": "CL-LI-1190",
            "action_flag": 1,
            "change_message": "new through import_export"
        }
    },
    {
        "model": "admin.logentry",
        "pk": 20,
        "fields": {
            "action_time": "2024-10-10T00:05:06.191Z",
            "user": 1,
            "content_type": 8,
            "object_id": "90",
            "object_repr": "CL-CO-1256",
            "action_flag": 1,
            "change_message": "new through import_export"
        }
    },
    {
        "model": "admin.logentry",
        "pk": 21,
        "fields": {
            "action_time": "2024-10-10T00:05:06.191Z",
            "user": 1,
            "content_type": 8,
            "object_id": "91",
            "object_repr": "CL-LI-1191",
            "action_flag": 1,
            "change_message": "new through import_export"
        }
    },
    {
        "model": "admin.logentry",
        "pk": 22,
        "fields": {
            "action_time": "2024-10-10T00:05:06.191Z",
            "user": 1,
            "content_type": 8,
            "object_id": "92",
            "object_repr": "CL-LI-1192",
            "action_flag": 1,
            "change_message": "new through import_export"
        }
    },
    {
        "model": "admin.logentry",
        "pk": 23,
        "fields": {
            "action_time": "2024-10-10T00:05:06.191Z",
            "user": 1,
            "content_type": 8,
            "object_id": "93",
            "object_repr": "CL-LI-1182",
            "action_flag": 1,
            "change_message": "new through import_export"
        }
    },
    {
        "model": "admin.logentry",
        "pk": 24,
        "fields": {
            "action_time": "2024-10-10T00:05:06.191Z",
            "user": 1,
            "content_type": 8,
            "object_id": "94",
            "object_repr": "CL-RM-2175",
            "action_flag": 1,
            "change_message": "new through import_export"
        }
    },
    {
        "model": "admin.logentry",
        "pk": 25,
        "fields": {
            "action_time": "2024-10-10T00:05:06.191Z",
            "user": 1,
            "content_type": 8,
            "object_id": "95",
            "object_repr": "CL-RM-2179",
            "action_flag": 1,
            "change_message": "new through import_export"
        }
    },
    {
        "model": "admin.logentry",
        "pk": 26,
        "fields": {
            "action_time": "2024-10-10T00:05:06.191Z",
            "user": 1,
            "content_type": 8,
            "object_id": "96",
            "object_repr": "CL-LI-1188",
            "action_flag": 1,
            "change_message": "new through import_export"
        }
    },
    {
        "model": "admin.logentry",
        "pk": 27,
        "fields": {
            "action_time": "2024-10-10T00:05:06.191Z",
            "user": 1,
            "content_type": 8,
            "object_id": "97",
            "object_repr": "CL-LI-1194",
            "action_flag": 1,
            "change_message": "new through import_export"
        }
    },
    {
        "model": "admin.logentry",
        "pk": 28,
        "fields": {
            "action_time": "2024-10-10T00:05:06.191Z",
            "user": 1,
            "content_type": 8,
            "object_id": "98",
            "object_repr": "CL-VS-1407",
            "action_flag": 1,
            "change_message": "new through import_export"
        }
    },
    {
        "model": "admin.logentry",
        "pk": 29,
        "fields": {
            "action_time": "2024-10-10T00:05:06.191Z",
            "user": 1,
            "content_type": 8,
            "object_id": "99",
            "object_repr": "CL-RM-2186",
            "action_flag": 1,
            "change_message": "new through import_export"
        }
    },
    {
        "model": "admin.logentry",
        "pk": 30,
        "fields": {
            "action_time": "2024-10-10T00:05:06.191Z",
            "user": 1,
            "content_type": 8,
            "object_id": "100",
            "object_repr": "CL-RM-2187",
            "action_flag": 1,
            "change_message": "new through import_export"
        }
    },
    {
        "model": "admin.logentry",
        "pk": 31,
        "fields": {
            "action_time": "2024-10-10T00:05:06.191Z",
            "user": 1,
            "content_type": 8,
            "object_id": "101",
            "object_repr": "CL-LI-1193",
            "action_flag": 1,
            "change_message": "new through import_export"
        }
    },
    {
        "model": "admin.logentry",
        "pk": 32,
        "fields": {
            "action_time": "2024-10-10T00:05:06.191Z",
            "user": 1,
            "content_type": 8,
            "object_id": "102",
            "object_repr": "CL-VS-1404",
            "action_flag": 1,
            "change_message": "new through import_export"
        }
    },
    {
        "model": "admin.logentry",
        "pk": 33,
        "fields": {
            "action_time": "2024-10-10T00:05:06.191Z",
            "user": 1,
            "content_type": 8,
            "object_id": "103",
            "object_repr": "CL-RM-2176",
            "action_flag": 1,
            "change_message": "new through import_export"
        }
    },
    {
        "model": "admin.logentry",
        "pk": 34,
        "fields": {
            "action_time": "2024-10-10T00:05:06.191Z",
            "user": 1,
            "content_type": 8,
            "object_id": "104",
            "object_repr": "CL-RM-2173",
            "action_flag": 1,
            "change_message": "new through import_export"
        }
    },
    {
        "model": "admin.logentry",
        "pk": 35,
        "fields": {
            "action_time": "2024-10-10T00:05:06.191Z",
            "user": 1,
            "content_type": 8,
            "object_id": "105",
            "object_repr": "CL-VS-1403",
            "action_flag": 1,
            "change_message": "new through import_export"
        }
    },
    {
        "model": "admin.logentry",
        "pk": 36,
        "fields": {
            "action_time": "2024-10-10T00:05:06.191Z",
            "user": 1,
            "content_type": 8,
            "object_id": "106",
            "object_repr": "CL-LI-1203",
            "action_flag": 1,
            "change_message": "new through import_export"
        }
    },
    {
        "model": "admin.logentry",
        "pk": 37,
        "fields": {
            "action_time": "2024-10-10T00:05:06.191Z",
            "user": 1,
            "content_type": 8,
            "object_id": "107",
            "object_repr": "CL-RM-2114",
            "action_flag": 1,
            "change_message": "new through import_export"
        }
    },
    {
        "model": "admin.logentry",
        "pk": 38,
        "fields": {
            "action_time": "2024-10-10T00:05:06.191Z",
            "user": 1,
            "content_type": 8,
            "object_id": "108",
            "object_repr": "CL-VS-1415",
            "action_flag": 1,
            "change_message": "new through import_export"
        }
    },
    {
        "model": "admin.logentry",
        "pk": 39,
        "fields": {
            "action_time": "2024-10-10T00:15:39.378Z",
            "user": 1,
            "content_type": 4,
            "object_id": "2",
            "object_repr": "jordonez",
            "action_flag": 1,
            "change_message": "[{\"added\": {}}]"
        }
    },
    {
        "model": "admin.logentry",
        "pk": 40,
        "fields": {
            "action_time": "2024-10-10T00:16:03.567Z",
            "user": 1,
            "content_type": 4,
            "object_id": "2",
            "object_repr": "jordonez",
            "action_flag": 2,
            "change_message": "[{\"changed\": {\"fields\": [\"First name\", \"Last name\", \"Staff status\", \"Superuser status\"]}}]"
        }
    },
    {
        "model": "admin.logentry",
        "pk": 41,
        "fields": {
            "action_time": "2024-10-10T00:49:37.370Z",
            "user": 1,
            "content_type": 7,
            "object_id": "1",
            "object_repr": "MER",
            "action_flag": 1,
            "change_message": "[{\"added\": {}}]"
        }
    },
    {
        "model": "admin.logentry",
        "pk": 42,
        "fields": {
            "action_time": "2024-10-10T00:49:46.762Z",
            "user": 1,
            "content_type": 7,
            "object_id": "2",
            "object_repr": "AJ",
            "action_flag": 1,
            "change_message": "[{\"added\": {}}]"
        }
    },
    {
        "model": "admin.logentry",
        "pk": 43,
        "fields": {
            "action_time": "2024-10-10T00:50:14.473Z",
            "user": 1,
            "content_type": 7,
            "object_id": "3",
            "object_repr": "GH3",
            "action_flag": 1,
            "change_message": "[{\"added\": {}}]"
        }
    },
    {
        "model": "admin.logentry",
        "pk": 44,
        "fields": {
            "action_time": "2024-10-10T00:52:05.068Z",
            "user": 2,
            "content_type": 9,
            "object_id": "1",
            "object_repr": "Matias Fernandez",
            "action_flag": 1,
            "change_message": "[{\"added\": {}}]"
        }
    },
    {
        "model": "admin.logentry",
        "pk": 45,
        "fields": {
            "action_time": "2024-10-10T00:54:07.007Z",
            "user": 2,
            "content_type": 8,
            "object_id": "108",
            "object_repr": "CL-VS-1415",
            "action_flag": 2,
            "change_message": "[{\"changed\": {\"fields\": [\"Ito\", \"Contratista\"]}}]"
        }
    },
    {
        "model": "admin.logentry",
        "pk": 46,
        "fields": {
            "action_time": "2024-10-10T00:54:07.013Z",
            "user": 2,
            "content_type": 8,
            "object_id": "107",
            "object_repr": "CL-RM-2114",
            "action_flag": 2,
            "change_message": "[{\"changed\": {\"fields\": [\"Contratista\"]}}]"
        }
    },
    {
        "model": "admin.logentry",
        "pk": 47,
        "fields": {
            "action_time": "2024-10-10T00:54:07.017Z",
            "user": 2,
            "content_type": 8,
            "object_id": "106",
            "object_repr": "CL-LI-1203",
            "action_flag": 2,
            "change_message": "[{\"changed\": {\"fields\": [\"Contratista\"]}}]"
        }
    },
    {
        "model": "admin.logentry",
        "pk": 48,
        "fields": {
            "action_time": "2024-10-10T00:54:07.020Z",
            "user": 2,
            "content_type": 8,
            "object_id": "105",
            "object_repr": "CL-VS-1403",
            "action_flag": 2,
            "change_message": "[{\"changed\": {\"fields\": [\"Contratista\"]}}]"
        }
    },
    {
        "model": "admin.logentry",
        "pk": 49,
        "fields": {
            "action_time": "2024-10-10T00:58:55.132Z",
            "user": 2,
            "content_type": 10,
            "object_id": "1",
            "object_repr": "CL-VS-1415",
            "action_flag": 1,
            "change_message": "[{\"added\": {}}]"
        }
    },
    {
        "model": "admin.logentry",
        "pk": 50,
        "fields": {
            "action_time": "2024-10-10T00:59:30.031Z",
            "user": 2,
            "content_type": 10,
            "object_id": "2",
            "object_repr": "CL-RM-2114",
            "action_flag": 1,
            "change_message": "[{\"added\": {}}]"
        }
    },
    {
        "model": "admin.logentry",
        "pk": 51,
        "fields": {
            "action_time": "2024-10-10T01:00:07.135Z",
            "user": 2,
            "content_type": 10,
            "object_id": "3",
            "object_repr": "CL-LI-1203",
            "action_flag": 1,
            "change_message": "[{\"added\": {}}]"
        }
    },
    {
        "model": "admin.logentry",
        "pk": 52,
        "fields": {
            "action_time": "2024-10-10T01:00:46.508Z",
            "user": 2,
            "content_type": 10,
            "object_id": "4",
            "object_repr": "CL-VS-1403",
            "action_flag": 1,
            "change_message": "[{\"added\": {}}]"
        }
    },
    {
        "model": "admin.logentry",
        "pk": 53,
        "fields": {
            "action_time": "2024-10-10T01:02:44.756Z",
            "user": 1,
            "content_type": 9,
            "object_id": "1",
            "object_repr": "Matias Fernandez",
            "action_flag": 3,
            "change_message": ""
        }
    },
    {
        "model": "admin.logentry",
        "pk": 54,
        "fields": {
            "action_time": "2024-10-10T01:21:50.944Z",
            "user": 1,
            "content_type": 10,
            "object_id": "4",
            "object_repr": "CL-VS-1403",
            "action_flag": 2,
            "change_message": "[{\"changed\": {\"fields\": [\"Estado\"]}}]"
        }
    },
    {
        "model": "admin.logentry",
        "pk": 55,
        "fields": {
            "action_time": "2024-10-10T01:21:50.953Z",
            "user": 1,
            "content_type": 10,
            "object_id": "2",
            "object_repr": "CL-RM-2114",
            "action_flag": 2,
            "change_message": "[{\"changed\": {\"fields\": [\"Estado\"]}}]"
        }
    },
    {
        "model": "admin.logentry",
        "pk": 56,
        "fields": {
            "action_time": "2024-10-10T01:27:03.345Z",
            "user": 1,
            "content_type": 10,
            "object_id": "4",
            "object_repr": "CL-VS-1403",
            "action_flag": 2,
            "change_message": "[{\"changed\": {\"fields\": [\"Estado\"]}}]"
        }
    },
    {
        "model": "admin.logentry",
        "pk": 57,
        "fields": {
            "action_time": "2024-10-10T01:27:03.352Z",
            "user": 1,
            "content_type": 10,
            "object_id": "2",
            "object_repr": "CL-RM-2114",
            "action_flag": 2,
            "change_message": "[{\"changed\": {\"fields\": [\"Estado\"]}}]"
        }
    },
    {
        "model": "admin.logentry",
        "pk": 58,
        "fields": {
            "action_time": "2024-10-10T13:44:33.933Z",
            "user": 2,
            "content_type": 8,
            "object_id": "109",
            "object_repr": "CL-VS-1415",
            "action_flag": 1,
            "change_message": "[{\"added\": {}}]"
        }
    },
    {
        "model": "admin.logentry",
        "pk": 59,
        "fields": {
            "action_time": "2024-10-10T13:54:53.540Z",
            "user": 2,
            "content_type": 10,
            "object_id": "2",
            "object_repr": "CL-RM-2114",
            "action_flag": 2,
            "change_message": "[{\"changed\": {\"fields\": [\"Porcentaje\"]}}]"
        }
    },
    {
        "model": "admin.logentry",
        "pk": 60,
        "fields": {
            "action_time": "2024-10-10T13:55:33.197Z",
            "user": 2,
            "content_type": 10,
            "object_id": "5",
            "object_repr": "CL-VS-1415",
            "action_flag": 1,
            "change_message": "[{\"added\": {}}]"
        }
    },
    {
        "model": "admin.logentry",
        "pk": 61,
        "fields": {
            "action_time": "2024-10-10T14:21:02.138Z",
            "user": 2,
            "content_type": 12,
            "object_id": "14",
            "object_repr": "CL-LI-1203 - 2024-10-04",
            "action_flag": 2,
            "change_message": "[{\"changed\": {\"fields\": [\"Fecha carga\"]}}]"
        }
    },
    {
        "model": "admin.logentry",
        "pk": 62,
        "fields": {
            "action_time": "2024-10-10T14:21:02.145Z",
            "user": 2,
            "content_type": 12,
            "object_id": "13",
            "object_repr": "CL-LI-1203 - 2024-10-04",
            "action_flag": 2,
            "change_message": "[{\"changed\": {\"fields\": [\"Fecha carga\"]}}]"
        }
    },
    {
        "model": "admin.logentry",
        "pk": 63,
        "fields": {
            "action_time": "2024-10-10T14:21:02.150Z",
            "user": 2,
            "content_type": 12,
            "object_id": "12",
            "object_repr": "CL-LI-1203 - 2024-10-04",
            "action_flag": 2,
            "change_message": "[{\"changed\": {\"fields\": [\"Fecha carga\"]}}]"
        }
    },
    {
        "model": "admin.logentry",
        "pk": 64,
        "fields": {
            "action_time": "2024-10-10T14:21:02.167Z",
            "user": 2,
            "content_type": 12,
            "object_id": "11",
            "object_repr": "CL-LI-1203 - 2024-10-04",
            "action_flag": 2,
            "change_message": "[{\"changed\": {\"fields\": [\"Fecha carga\"]}}]"
        }
    },
    {
        "model": "admin.logentry",
        "pk": 65,
        "fields": {
            "action_time": "2024-10-10T14:22:11.492Z",
            "user": 2,
            "content_type": 12,
            "object_id": "6",
            "object_repr": "CL-VS-1403 - 2024-10-02",
            "action_flag": 2,
            "change_message": "[{\"changed\": {\"fields\": [\"Fecha carga\"]}}]"
        }
    },
    {
        "model": "admin.logentry",
        "pk": 66,
        "fields": {
            "action_time": "2024-10-10T14:22:11.498Z",
            "user": 2,
            "content_type": 12,
            "object_id": "5",
            "object_repr": "CL-VS-1403 - 2024-10-02",
            "action_flag": 2,
            "change_message": "[{\"changed\": {\"fields\": [\"Fecha carga\"]}}]"
        }
    },
    {
        "model": "admin.logentry",
        "pk": 67,
        "fields": {
            "action_time": "2024-10-10T14:22:11.502Z",
            "user": 2,
            "content_type": 12,
            "object_id": "4",
            "object_repr": "CL-VS-1403 - 2024-10-02",
            "action_flag": 2,
            "change_message": "[{\"changed\": {\"fields\": [\"Fecha carga\"]}}]"
        }
    },
    {
        "model": "admin.logentry",
        "pk": 68,
        "fields": {
            "action_time": "2024-10-10T14:23:24.392Z",
            "user": 2,
            "content_type": 11,
            "object_id": "2",
            "object_repr": "CL-VS-1403 - Se inicia con la excavación de la fundación",
            "action_flag": 2,
            "change_message": "[{\"changed\": {\"fields\": [\"Fecha carga\"]}}]"
        }
    },
    {
        "model": "admin.logentry",
        "pk": 69,
        "fields": {
            "action_time": "2024-10-10T14:28:42.724Z",
            "user": 2,
            "content_type": 12,
            "object_id": "67",
            "object_repr": "CL-VS-1415 - 2024-10-10",
            "action_flag": 3,
            "change_message": ""
        }
    },
    {
        "model": "admin.logentry",
        "pk": 70,
        "fields": {
            "action_time": "2024-10-10T14:28:42.724Z",
            "user": 2,
            "content_type": 12,
            "object_id": "66",
            "object_repr": "CL-VS-1415 - 2024-10-10",
            "action_flag": 3,
            "change_message": ""
        }
    },
    {
        "model": "admin.logentry",
        "pk": 71,
        "fields": {
            "action_time": "2024-10-10T14:28:42.724Z",
            "user": 2,
            "content_type": 12,
            "object_id": "65",
            "object_repr": "CL-VS-1415 - 2024-10-10",
            "action_flag": 3,
            "change_message": ""
        }
    },
    {
        "model": "admin.logentry",
        "pk": 72,
        "fields": {
            "action_time": "2024-10-10T14:29:22.172Z",
            "user": 2,
            "content_type": 12,
            "object_id": "64",
            "object_repr": "CL-VS-1415 - 2024-10-05",
            "action_flag": 2,
            "change_message": "[{\"changed\": {\"fields\": [\"Fecha carga\"]}}]"
        }
    },
    {
        "model": "admin.logentry",
        "pk": 73,
        "fields": {
            "action_time": "2024-10-10T14:29:22.176Z",
            "user": 2,
            "content_type": 12,
            "object_id": "63",
            "object_repr": "CL-VS-1415 - 2024-10-05",
            "action_flag": 2,
            "change_message": "[{\"changed\": {\"fields\": [\"Fecha carga\"]}}]"
        }
    },
    {
        "model": "admin.logentry",
        "pk": 74,
        "fields": {
            "action_time": "2024-10-10T14:29:22.180Z",
            "user": 2,
            "content_type": 12,
            "object_id": "62",
            "object_repr": "CL-VS-1415 - 2024-10-05",
            "action_flag": 2,
            "change_message": "[{\"changed\": {\"fields\": [\"Fecha carga\"]}}]"
        }
    },
    {
        "model": "admin.logentry",
        "pk": 75,
        "fields": {
            "action_time": "2024-10-10T14:29:53.568Z",
            "user": 2,
            "content_type": 11,
            "object_id": "18",
            "object_repr": "CL-VS-1415 - Se realiza como trabajo adicional la construccion de  cerco y portón en el ...",
            "action_flag": 2,
            "change_message": "[{\"changed\": {\"fields\": [\"Fecha carga\"]}}]"
        }
    },
    {
        "model": "admin.logentry",
        "pk": 76,
        "fields": {
            "action_time": "2024-10-10T14:30:42.015Z",
            "user": 2,
            "content_type": 11,
            "object_id": "17",
            "object_repr": "CL-VS-1415 - Se realiza como trabajo adicional la construccion de  cerco y portón en el ...",
            "action_flag": 3,
            "change_message": ""
        }
    },
    {
        "model": "admin.logentry",
        "pk": 77,
        "fields": {
            "action_time": "2024-10-10T14:36:42.808Z",
            "user": 2,
            "content_type": 11,
            "object_id": "4",
            "object_repr": "CL-LI-1203 - Se realiza la inspección y liberación de la enferradura de la fundación",
            "action_flag": 2,
            "change_message": "[{\"changed\": {\"fields\": [\"Fecha carga\"]}}]"
        }
    },
    {
        "model": "admin.logentry",
        "pk": 78,
        "fields": {
            "action_time": "2024-10-11T23:21:41.716Z",
            "user": 1,
            "content_type": 13,
            "object_id": "1",
            "object_repr": "Instalación de Faenas",
            "action_flag": 1,
            "change_message": "[{\"added\": {}}]"
        }
    },
    {
        "model": "admin.logentry",
        "pk": 79,
        "fields": {
            "action_time": "2024-10-11T23:21:52.835Z",
            "user": 1,
            "content_type": 13,
            "object_id": "2",
            "object_repr": "Replanteo y Trazado",
            "action_flag": 1,
            "change_message": "[{\"added\": {}}]"
        }
    },
    {
        "model": "admin.logentry",
        "pk": 80,
        "fields": {
            "action_time": "2024-10-11T23:22:08.105Z",
            "user": 1,
            "content_type": 13,
            "object_id": "3",
            "object_repr": "Excavación para la fundaicón",
            "action_flag": 1,
            "change_message": "[{\"added\": {}}]"
        }
    },
    {
        "model": "admin.logentry",
        "pk": 81,
        "fields": {
            "action_time": "2024-10-11T23:22:22.037Z",
            "user": 1,
            "content_type": 13,
            "object_id": "4",
            "object_repr": "Enferradura de la fundación",
            "action_flag": 1,
            "change_message": "[{\"added\": {}}]"
        }
    },
    {
        "model": "admin.logentry",
        "pk": 82,
        "fields": {
            "action_time": "2024-10-11T23:22:35.621Z",
            "user": 1,
            "content_type": 13,
            "object_id": "5",
            "object_repr": "Hormigonado de la fundación",
            "action_flag": 1,
            "change_message": "[{\"added\": {}}]"
        }
    },
    {
        "model": "admin.logentry",
        "pk": 83,
        "fields": {
            "action_time": "2024-10-11T23:22:43.998Z",
            "user": 1,
            "content_type": 13,
            "object_id": "6",
            "object_repr": "Relleno y Compactado",
            "action_flag": 1,
            "change_message": "[{\"added\": {}}]"
        }
    },
    {
        "model": "admin.logentry",
        "pk": 84,
        "fields": {
            "action_time": "2024-10-11T23:22:57.474Z",
            "user": 1,
            "content_type": 13,
            "object_id": "7",
            "object_repr": "Montaje de la torre",
            "action_flag": 1,
            "change_message": "[{\"added\": {}}]"
        }
    },
    {
        "model": "admin.logentry",
        "pk": 85,
        "fields": {
            "action_time": "2024-10-11T23:23:08.015Z",
            "user": 1,
            "content_type": 13,
            "object_id": "8",
            "object_repr": "Losa radier de equipos",
            "action_flag": 1,
            "change_message": "[{\"added\": {}}]"
        }
    },
    {
        "model": "admin.logentry",
        "pk": 86,
        "fields": {
            "action_time": "2024-10-11T23:23:18.760Z",
            "user": 1,
            "content_type": 13,
            "object_id": "9",
            "object_repr": "Cierre perimetral",
            "action_flag": 1,
            "change_message": "[{\"added\": {}}]"
        }
    },
    {
        "model": "admin.logentry",
        "pk": 87,
        "fields": {
            "action_time": "2024-10-11T23:23:27.469Z",
            "user": 1,
            "content_type": 13,
            "object_id": "10",
            "object_repr": "Sistema puesta a tierra",
            "action_flag": 1,
            "change_message": "[{\"added\": {}}]"
        }
    },
    {
        "model": "admin.logentry",
        "pk": 88,
        "fields": {
            "action_time": "2024-10-11T23:23:41.533Z",
            "user": 1,
            "content_type": 13,
            "object_id": "11",
            "object_repr": "Linea eléctrica provisoria",
            "action_flag": 1,
            "change_message": "[{\"added\": {}}]"
        }
    },
    {
        "model": "admin.logentry",
        "pk": 89,
        "fields": {
            "action_time": "2024-10-11T23:23:54.836Z",
            "user": 1,
            "content_type": 13,
            "object_id": "12",
            "object_repr": "Linea eléctrica definitiva",
            "action_flag": 1,
            "change_message": "[{\"added\": {}}]"
        }
    },
    {
        "model": "admin.logentry",
        "pk": 90,
        "fields": {
            "action_time": "2024-10-11T23:24:09.991Z",
            "user": 1,
            "content_type": 13,
            "object_id": "13",
            "object_repr": "Trabajos finales / adicionales",
            "action_flag": 1,
            "change_message": "[{\"added\": {}}]"
        }
    },
    {
        "model": "admin.logentry",
        "pk": 91,
        "fields": {
            "action_time": "2024-10-11T23:26:44.284Z",
            "user": 1,
            "content_type": 13,
            "object_id": "14",
            "object_repr": "Sistema eléxtrico",
            "action_flag": 1,
            "change_message": "[{\"added\": {}}]"
        }
    },
    {
        "model": "admin.logentry",
        "pk": 92,
        "fields": {
            "action_time": "2024-10-11T23:27:22.623Z",
            "user": 1,
            "content_type": 14,
            "object_id": "1",
            "object_repr": "PTI Base Torres",
            "action_flag": 1,
            "change_message": "[{\"added\": {}}, {\"added\": {\"name\": \"actividad grupo\", \"object\": \"Instalaci\\u00f3n de Faenas\"}}, {\"added\": {\"name\": \"actividad grupo\", \"object\": \"Replanteo y Trazado\"}}, {\"added\": {\"name\": \"actividad grupo\", \"object\": \"Excavaci\\u00f3n para la fundaic\\u00f3n\"}}, {\"added\": {\"name\": \"actividad grupo\", \"object\": \"Enferradura de la fundaci\\u00f3n\"}}, {\"added\": {\"name\": \"actividad grupo\", \"object\": \"Hormigonado de la fundaci\\u00f3n\"}}, {\"added\": {\"name\": \"actividad grupo\", \"object\": \"Relleno y Compactado\"}}, {\"added\": {\"name\": \"actividad grupo\", \"object\": \"Montaje de la torre\"}}, {\"added\": {\"name\": \"actividad grupo\", \"object\": \"Losa radier de equipos\"}}, {\"added\": {\"name\": \"actividad grupo\", \"object\": \"Cierre perimetral\"}}, {\"added\": {\"name\": \"actividad grupo\", \"object\": \"Sistema puesta a tierra\"}}, {\"added\": {\"name\": \"actividad grupo\", \"object\": \"Sistema el\\u00e9xtrico\"}}, {\"added\": {\"name\": \"actividad grupo\", \"object\": \"Linea el\\u00e9ctrica provisoria\"}}, {\"added\": {\"name\": \"actividad grupo\", \"object\": \"Linea el\\u00e9ctrica definitiva\"}}, {\"added\": {\"name\": \"actividad grupo\", \"object\": \"Trabajos finales / adicionales\"}}]"
        }
    },
    {
        "model": "admin.logentry",
        "pk": 93,
        "fields": {
            "action_time": "2024-10-11T23:31:32.335Z",
            "user": 1,
            "content_type": 16,
            "object_id": "1",
            "object_repr": "CL-VS-1403 ---> PTI Base Torres",
            "action_flag": 1,
            "change_message": "[{\"added\": {}}]"
        }
    },
    {
        "model": "admin.logentry",
        "pk": 94,
        "fields": {
            "action_time": "2024-10-11T23:31:50.555Z",
            "user": 1,
            "content_type": 16,
            "object_id": "2",
            "object_repr": "CL-VS-1415 ---> PTI Base Torres",
            "action_flag": 1,
            "change_message": "[{\"added\": {}}]"
        }
    },
    {
        "model": "admin.logentry",
        "pk": 95,
        "fields": {
            "action_time": "2024-10-11T23:32:13.138Z",
            "user": 1,
            "content_type": 16,
            "object_id": "3",
            "object_repr": "CL-RM-2114 ---> PTI Base Torres",
            "action_flag": 1,
            "change_message": "[{\"added\": {}}]"
        }
    },
    {
        "model": "admin.logentry",
        "pk": 96,
        "fields": {
            "action_time": "2024-10-11T23:32:23.799Z",
            "user": 1,
            "content_type": 16,
            "object_id": "4",
            "object_repr": "CL-LI-1203 ---> PTI Base Torres",
            "action_flag": 1,
            "change_message": "[{\"added\": {}}]"
        }
    },
    {
        "model": "admin.logentry",
        "pk": 97,
        "fields": {
            "action_time": "2024-10-11T23:32:54.483Z",
            "user": 1,
            "content_type": 17,
            "object_id": "4",
            "object_repr": "CL-LI-1203",
            "action_flag": 2,
            "change_message": "[{\"changed\": {\"name\": \"Detalle de Progreso\", \"object\": \"Grupo PTI Base Torres             | Ponderacio\\u0301n: 2.0                 | Completado: 100.0% \", \"fields\": [\"Avance %\"]}}, {\"changed\": {\"name\": \"Detalle de Progreso\", \"object\": \"Grupo PTI Base Torres             | Ponderacio\\u0301n: 2.0                 | Completado: 100.0% \", \"fields\": [\"Avance %\"]}}, {\"changed\": {\"name\": \"Detalle de Progreso\", \"object\": \"Grupo PTI Base Torres             | Ponderacio\\u0301n: 2.0                 | Completado: 20.0% \", \"fields\": [\"Avance %\"]}}, {\"changed\": {\"name\": \"Detalle de Progreso\", \"object\": \"Grupo PTI Base Torres             | Ponderacio\\u0301n: 15.0                 | Completado: 20.0% \", \"fields\": [\"Avance %\"]}}, {\"changed\": {\"name\": \"Detalle de Progreso\", \"object\": \"Grupo PTI Base Torres             | Ponderacio\\u0301n: 15.0                 | Completado: 10.0% \", \"fields\": [\"Avance %\"]}}, {\"changed\": {\"name\": \"Detalle de Progreso\", \"object\": \"Grupo PTI Base Torres             | Ponderacio\\u0301n: 10.0                 | Completado: 10.0% \", \"fields\": [\"Avance %\"]}}, {\"changed\": {\"name\": \"Detalle de Progreso\", \"object\": \"Grupo PTI Base Torres             | Ponderacio\\u0301n: 15.0                 | Completado: 10.0% \", \"fields\": [\"Avance %\"]}}, {\"changed\": {\"name\": \"Detalle de Progreso\", \"object\": \"Grupo PTI Base Torres             | Ponderacio\\u0301n: 4.0                 | Completado: 20.0% \", \"fields\": [\"Avance %\"]}}, {\"changed\": {\"name\": \"Detalle de Progreso\", \"object\": \"Grupo PTI Base Torres             | Ponderacio\\u0301n: 5.0                 | Completado: 20.0% \", \"fields\": [\"Avance %\"]}}, {\"changed\": {\"name\": \"Detalle de Progreso\", \"object\": \"Grupo PTI Base Torres             | Ponderacio\\u0301n: 5.0                 | Completado: 20.0% \", \"fields\": [\"Avance %\"]}}, {\"changed\": {\"name\": \"Detalle de Progreso\", \"object\": \"Grupo PTI Base Torres             | Ponderacio\\u0301n: 10.0                 | Completado: 20.0% \", \"fields\": [\"Avance %\"]}}, {\"changed\": {\"name\": \"Detalle de Progreso\", \"object\": \"Grupo PTI Base Torres             | Ponderacio\\u0301n: 5.0                 | Completado: 20.0% \", \"fields\": [\"Avance %\"]}}, {\"changed\": {\"name\": \"Detalle de Progreso\", \"object\": \"Grupo PTI Base Torres             | Ponderacio\\u0301n: 5.0                 | Completado: 20.0% \", \"fields\": [\"Avance %\"]}}, {\"changed\": {\"name\": \"Detalle de Progreso\", \"object\": \"Grupo PTI Base Torres             | Ponderacio\\u0301n: 5.0                 | Completado: 20.0% \", \"fields\": [\"Avance %\"]}}]"
        }
    },
    {
        "model": "admin.logentry",
        "pk": 98,
        "fields": {
            "action_time": "2024-10-11T23:33:22.210Z",
            "user": 1,
            "content_type": 17,
            "object_id": "3",
            "object_repr": "CL-RM-2114",
            "action_flag": 2,
            "change_message": "[{\"changed\": {\"name\": \"Detalle de Progreso\", \"object\": \"Grupo PTI Base Torres             | Ponderacio\\u0301n: 2.0                 | Completado: 100.0% \", \"fields\": [\"Avance %\"]}}, {\"changed\": {\"name\": \"Detalle de Progreso\", \"object\": \"Grupo PTI Base Torres             | Ponderacio\\u0301n: 2.0                 | Completado: 20.0% \", \"fields\": [\"Avance %\"]}}, {\"changed\": {\"name\": \"Detalle de Progreso\", \"object\": \"Grupo PTI Base Torres             | Ponderacio\\u0301n: 2.0                 | Completado: 30.0% \", \"fields\": [\"Avance %\"]}}, {\"changed\": {\"name\": \"Detalle de Progreso\", \"object\": \"Grupo PTI Base Torres             | Ponderacio\\u0301n: 15.0                 | Completado: 40.0% \", \"fields\": [\"Avance %\"]}}, {\"changed\": {\"name\": \"Detalle de Progreso\", \"object\": \"Grupo PTI Base Torres             | Ponderacio\\u0301n: 15.0                 | Completado: 50.0% \", \"fields\": [\"Avance %\"]}}, {\"changed\": {\"name\": \"Detalle de Progreso\", \"object\": \"Grupo PTI Base Torres             | Ponderacio\\u0301n: 10.0                 | Completado: 60.0% \", \"fields\": [\"Avance %\"]}}, {\"changed\": {\"name\": \"Detalle de Progreso\", \"object\": \"Grupo PTI Base Torres             | Ponderacio\\u0301n: 15.0                 | Completado: 70.0% \", \"fields\": [\"Avance %\"]}}, {\"changed\": {\"name\": \"Detalle de Progreso\", \"object\": \"Grupo PTI Base Torres             | Ponderacio\\u0301n: 4.0                 | Completado: 20.0% \", \"fields\": [\"Avance %\"]}}, {\"changed\": {\"name\": \"Detalle de Progreso\", \"object\": \"Grupo PTI Base Torres             | Ponderacio\\u0301n: 5.0                 | Completado: 10.0% \", \"fields\": [\"Avance %\"]}}, {\"changed\": {\"name\": \"Detalle de Progreso\", \"object\": \"Grupo PTI Base Torres             | Ponderacio\\u0301n: 5.0                 | Completado: 10.0% \", \"fields\": [\"Avance %\"]}}, {\"changed\": {\"name\": \"Detalle de Progreso\", \"object\": \"Grupo PTI Base Torres             | Ponderacio\\u0301n: 10.0                 | Completado: 10.0% \", \"fields\": [\"Avance %\"]}}, {\"changed\": {\"name\": \"Detalle de Progreso\", \"object\": \"Grupo PTI Base Torres             | Ponderacio\\u0301n: 5.0                 | Completado: 10.0% \", \"fields\": [\"Avance %\"]}}, {\"changed\": {\"name\": \"Detalle de Progreso\", \"object\": \"Grupo PTI Base Torres             | Ponderacio\\u0301n: 5.0                 | Completado: 10.0% \", \"fields\": [\"Avance %\"]}}, {\"changed\": {\"name\": \"Detalle de Progreso\", \"object\": \"Grupo PTI Base Torres             | Ponderacio\\u0301n: 5.0                 | Completado: 50.0% \", \"fields\": [\"Avance %\"]}}]"
        }
    },
    {
        "model": "admin.logentry",
        "pk": 99,
        "fields": {
            "action_time": "2024-10-11T23:33:32.002Z",
            "user": 1,
            "content_type": 17,
            "object_id": "2",
            "object_repr": "CL-VS-1415",
            "action_flag": 2,
            "change_message": "[{\"changed\": {\"name\": \"Detalle de Progreso\", \"object\": \"Grupo PTI Base Torres             | Ponderacio\\u0301n: 2.0                 | Completado: 100.0% \", \"fields\": [\"Avance %\"]}}]"
        }
    },
    {
        "model": "admin.logentry",
        "pk": 100,
        "fields": {
            "action_time": "2024-10-11T23:33:40.589Z",
            "user": 1,
            "content_type": 17,
            "object_id": "1",
            "object_repr": "CL-VS-1403",
            "action_flag": 2,
            "change_message": "[{\"changed\": {\"name\": \"Detalle de Progreso\", \"object\": \"Grupo PTI Base Torres             | Ponderacio\\u0301n: 2.0                 | Completado: 10.0% \", \"fields\": [\"Avance %\"]}}, {\"changed\": {\"name\": \"Detalle de Progreso\", \"object\": \"Grupo PTI Base Torres             | Ponderacio\\u0301n: 2.0                 | Completado: 20.0% \", \"fields\": [\"Avance %\"]}}]"
        }
    },
    {
        "model": "admin.logentry",
        "pk": 101,
        "fields": {
            "action_time": "2024-10-11T23:34:45.498Z",
            "user": 1,
            "content_type": 17,
            "object_id": "4",
            "object_repr": "CL-LI-1203",
            "action_flag": 2,
            "change_message": "[{\"changed\": {\"fields\": [\"Activar\"]}}]"
        }
    },
    {
        "model": "admin.logentry",
        "pk": 102,
        "fields": {
            "action_time": "2024-10-11T23:34:53.847Z",
            "user": 1,
            "content_type": 17,
            "object_id": "3",
            "object_repr": "CL-RM-2114",
            "action_flag": 2,
            "change_message": "[{\"changed\": {\"fields\": [\"Activar\"]}}]"
        }
    },
    {
        "model": "admin.logentry",
        "pk": 103,
        "fields": {
            "action_time": "2024-10-11T23:35:00.610Z",
            "user": 1,
            "content_type": 17,
            "object_id": "2",
            "object_repr": "CL-VS-1415",
            "action_flag": 2,
            "change_message": "[{\"changed\": {\"fields\": [\"Activar\"]}}]"
        }
    },
    {
        "model": "admin.logentry",
        "pk": 104,
        "fields": {
            "action_time": "2024-10-11T23:35:08.637Z",
            "user": 1,
            "content_type": 17,
            "object_id": "1",
            "object_repr": "CL-VS-1403",
            "action_flag": 2,
            "change_message": "[{\"changed\": {\"fields\": [\"Activar\"]}}]"
        }
    },
    {
        "model": "admin.logentry",
        "pk": 105,
        "fields": {
            "action_time": "2024-10-12T01:21:43.023Z",
            "user": 1,
            "content_type": 17,
            "object_id": "4",
            "object_repr": "CL-LI-1203",
            "action_flag": 2,
            "change_message": "[{\"changed\": {\"fields\": [\"Activar\"]}}]"
        }
    },
    {
        "model": "admin.logentry",
        "pk": 106,
        "fields": {
            "action_time": "2024-10-12T01:21:43.032Z",
            "user": 1,
            "content_type": 17,
            "object_id": "3",
            "object_repr": "CL-RM-2114",
            "action_flag": 2,
            "change_message": "[{\"changed\": {\"fields\": [\"Activar\"]}}]"
        }
    },
    {
        "model": "admin.logentry",
        "pk": 107,
        "fields": {
            "action_time": "2024-10-12T01:21:43.043Z",
            "user": 1,
            "content_type": 17,
            "object_id": "2",
            "object_repr": "CL-VS-1415",
            "action_flag": 2,
            "change_message": "[{\"changed\": {\"fields\": [\"Activar\"]}}]"
        }
    },
    {
        "model": "admin.logentry",
        "pk": 108,
        "fields": {
            "action_time": "2024-10-12T01:21:43.053Z",
            "user": 1,
            "content_type": 17,
            "object_id": "1",
            "object_repr": "CL-VS-1403",
            "action_flag": 2,
            "change_message": "[{\"changed\": {\"fields\": [\"Activar\"]}}]"
        }
    },
    {
        "model": "admin.logentry",
        "pk": 109,
        "fields": {
            "action_time": "2024-10-12T01:26:36.560Z",
            "user": 2,
            "content_type": 10,
            "object_id": "5",
            "object_repr": "CL-VS-1415",
            "action_flag": 2,
            "change_message": "[{\"changed\": {\"fields\": [\"Porcentaje\"]}}]"
        }
    },
    {
        "model": "admin.logentry",
        "pk": 110,
        "fields": {
            "action_time": "2024-10-12T01:26:36.565Z",
            "user": 2,
            "content_type": 10,
            "object_id": "4",
            "object_repr": "CL-VS-1403",
            "action_flag": 2,
            "change_message": "[{\"changed\": {\"fields\": [\"Porcentaje\"]}}]"
        }
    },
    {
        "model": "admin.logentry",
        "pk": 111,
        "fields": {
            "action_time": "2024-10-12T01:26:36.574Z",
            "user": 2,
            "content_type": 10,
            "object_id": "3",
            "object_repr": "CL-LI-1203",
            "action_flag": 2,
            "change_message": "[{\"changed\": {\"fields\": [\"Porcentaje\"]}}]"
        }
    },
    {
        "model": "admin.logentry",
        "pk": 112,
        "fields": {
            "action_time": "2024-10-12T01:26:36.577Z",
            "user": 2,
            "content_type": 10,
            "object_id": "2",
            "object_repr": "CL-RM-2114",
            "action_flag": 2,
            "change_message": "[{\"changed\": {\"fields\": [\"Porcentaje\"]}}]"
        }
    },
    {
        "model": "admin.logentry",
        "pk": 113,
        "fields": {
            "action_time": "2024-10-12T01:35:10.930Z",
            "user": 2,
            "content_type": 17,
            "object_id": "4",
            "object_repr": "CL-LI-1203",
            "action_flag": 2,
            "change_message": "[{\"changed\": {\"name\": \"Detalle de Progreso\", \"object\": \"Grupo PTI Base Torres             | Ponderacio\\u0301n: 2.0                 | Completado: 100.0% \", \"fields\": [\"Avance %\"]}}, {\"changed\": {\"name\": \"Detalle de Progreso\", \"object\": \"Grupo PTI Base Torres             | Ponderacio\\u0301n: 15.0                 | Completado: 100.0% \", \"fields\": [\"Avance %\"]}}, {\"changed\": {\"name\": \"Detalle de Progreso\", \"object\": \"Grupo PTI Base Torres             | Ponderacio\\u0301n: 15.0                 | Completado: 100.0% \", \"fields\": [\"Avance %\"]}}, {\"changed\": {\"name\": \"Detalle de Progreso\", \"object\": \"Grupo PTI Base Torres             | Ponderacio\\u0301n: 10.0                 | Completado: 99.0% \", \"fields\": [\"Avance %\"]}}, {\"changed\": {\"name\": \"Detalle de Progreso\", \"object\": \"Grupo PTI Base Torres             | Ponderacio\\u0301n: 15.0                 | Completado: 90.0% \", \"fields\": [\"Avance %\"]}}, {\"changed\": {\"name\": \"Detalle de Progreso\", \"object\": \"Grupo PTI Base Torres             | Ponderacio\\u0301n: 4.0                 | Completado: 0.0% \", \"fields\": [\"Avance %\"]}}, {\"changed\": {\"name\": \"Detalle de Progreso\", \"object\": \"Grupo PTI Base Torres             | Ponderacio\\u0301n: 5.0                 | Completado: 0.0% \", \"fields\": [\"Avance %\"]}}, {\"changed\": {\"name\": \"Detalle de Progreso\", \"object\": \"Grupo PTI Base Torres             | Ponderacio\\u0301n: 5.0                 | Completado: 0.0% \", \"fields\": [\"Avance %\"]}}, {\"changed\": {\"name\": \"Detalle de Progreso\", \"object\": \"Grupo PTI Base Torres             | Ponderacio\\u0301n: 10.0                 | Completado: 0.0% \", \"fields\": [\"Avance %\"]}}, {\"changed\": {\"name\": \"Detalle de Progreso\", \"object\": \"Grupo PTI Base Torres             | Ponderacio\\u0301n: 5.0                 | Completado: -1.0% \", \"fields\": [\"Avance %\"]}}, {\"changed\": {\"name\": \"Detalle de Progreso\", \"object\": \"Grupo PTI Base Torres             | Ponderacio\\u0301n: 5.0                 | Completado: 0.0% \", \"fields\": [\"Avance %\"]}}, {\"changed\": {\"name\": \"Detalle de Progreso\", \"object\": \"Grupo PTI Base Torres             | Ponderacio\\u0301n: 5.0                 | Completado: 0.0% \", \"fields\": [\"Avance %\"]}}]"
        }
    },
    {
        "model": "admin.logentry",
        "pk": 114,
        "fields": {
            "action_time": "2024-10-12T01:35:20.621Z",
            "user": 2,
            "content_type": 17,
            "object_id": "4",
            "object_repr": "CL-LI-1203",
            "action_flag": 2,
            "change_message": "[]"
        }
    },
    {
        "model": "admin.logentry",
        "pk": 115,
        "fields": {
            "action_time": "2024-10-12T01:36:34.622Z",
            "user": 2,
            "content_type": 17,
            "object_id": "3",
            "object_repr": "CL-RM-2114",
            "action_flag": 2,
            "change_message": "[{\"changed\": {\"name\": \"Detalle de Progreso\", \"object\": \"Grupo PTI Base Torres             | Ponderacio\\u0301n: 2.0                 | Completado: 100.0% \", \"fields\": [\"Avance %\"]}}, {\"changed\": {\"name\": \"Detalle de Progreso\", \"object\": \"Grupo PTI Base Torres             | Ponderacio\\u0301n: 2.0                 | Completado: 100.0% \", \"fields\": [\"Avance %\"]}}, {\"changed\": {\"name\": \"Detalle de Progreso\", \"object\": \"Grupo PTI Base Torres             | Ponderacio\\u0301n: 15.0                 | Completado: 100.0% \", \"fields\": [\"Avance %\"]}}, {\"changed\": {\"name\": \"Detalle de Progreso\", \"object\": \"Grupo PTI Base Torres             | Ponderacio\\u0301n: 15.0                 | Completado: 100.0% \", \"fields\": [\"Avance %\"]}}, {\"changed\": {\"name\": \"Detalle de Progreso\", \"object\": \"Grupo PTI Base Torres             | Ponderacio\\u0301n: 10.0                 | Completado: 99.0% \", \"fields\": [\"Avance %\"]}}, {\"changed\": {\"name\": \"Detalle de Progreso\", \"object\": \"Grupo PTI Base Torres             | Ponderacio\\u0301n: 15.0                 | Completado: 0.0% \", \"fields\": [\"Avance %\"]}}, {\"changed\": {\"name\": \"Detalle de Progreso\", \"object\": \"Grupo PTI Base Torres             | Ponderacio\\u0301n: 4.0                 | Completado: 0.0% \", \"fields\": [\"Avance %\"]}}, {\"changed\": {\"name\": \"Detalle de Progreso\", \"object\": \"Grupo PTI Base Torres             | Ponderacio\\u0301n: 5.0                 | Completado: -1.0% \", \"fields\": [\"Avance %\"]}}, {\"changed\": {\"name\": \"Detalle de Progreso\", \"object\": \"Grupo PTI Base Torres             | Ponderacio\\u0301n: 5.0                 | Completado: 20.0% \", \"fields\": [\"Avance %\"]}}, {\"changed\": {\"name\": \"Detalle de Progreso\", \"object\": \"Grupo PTI Base Torres             | Ponderacio\\u0301n: 10.0                 | Completado: 0.0% \", \"fields\": [\"Avance %\"]}}, {\"changed\": {\"name\": \"Detalle de Progreso\", \"object\": \"Grupo PTI Base Torres             | Ponderacio\\u0301n: 5.0                 | Completado: 0.0% \", \"fields\": [\"Avance %\"]}}, {\"changed\": {\"name\": \"Detalle de Progreso\", \"object\": \"Grupo PTI Base Torres             | Ponderacio\\u0301n: 5.0                 | Completado: 0.0% \", \"fields\": [\"Avance %\"]}}, {\"changed\": {\"name\": \"Detalle de Progreso\", \"object\": \"Grupo PTI Base Torres             | Ponderacio\\u0301n: 5.0                 | Completado: 0.0% \", \"fields\": [\"Avance %\"]}}]"
        }
    },
    {
        "model": "admin.logentry",
        "pk": 116,
        "fields": {
            "action_time": "2024-10-12T01:37:10.523Z",
            "user": 2,
            "content_type": 17,
            "object_id": "2",
            "object_repr": "CL-VS-1415",
            "action_flag": 2,
            "change_message": "[{\"changed\": {\"name\": \"Detalle de Progreso\", \"object\": \"Grupo PTI Base Torres             | Ponderacio\\u0301n: 2.0                 | Completado: 100.0% \", \"fields\": [\"Avance %\"]}}, {\"changed\": {\"name\": \"Detalle de Progreso\", \"object\": \"Grupo PTI Base Torres             | Ponderacio\\u0301n: 2.0                 | Completado: 100.0% \", \"fields\": [\"Avance %\"]}}, {\"changed\": {\"name\": \"Detalle de Progreso\", \"object\": \"Grupo PTI Base Torres             | Ponderacio\\u0301n: 15.0                 | Completado: 100.0% \", \"fields\": [\"Avance %\"]}}, {\"changed\": {\"name\": \"Detalle de Progreso\", \"object\": \"Grupo PTI Base Torres             | Ponderacio\\u0301n: 15.0                 | Completado: 100.0% \", \"fields\": [\"Avance %\"]}}, {\"changed\": {\"name\": \"Detalle de Progreso\", \"object\": \"Grupo PTI Base Torres             | Ponderacio\\u0301n: 10.0                 | Completado: 100.0% \", \"fields\": [\"Avance %\"]}}, {\"changed\": {\"name\": \"Detalle de Progreso\", \"object\": \"Grupo PTI Base Torres             | Ponderacio\\u0301n: 15.0                 | Completado: 90.0% \", \"fields\": [\"Avance %\"]}}, {\"changed\": {\"name\": \"Detalle de Progreso\", \"object\": \"Grupo PTI Base Torres             | Ponderacio\\u0301n: 5.0                 | Completado: 20.0% \", \"fields\": [\"Avance %\"]}}]"
        }
    },
    {
        "model": "admin.logentry",
        "pk": 117,
        "fields": {
            "action_time": "2024-10-12T01:37:42.412Z",
            "user": 2,
            "content_type": 17,
            "object_id": "1",
            "object_repr": "CL-VS-1403",
            "action_flag": 2,
            "change_message": "[{\"changed\": {\"name\": \"Detalle de Progreso\", \"object\": \"Grupo PTI Base Torres             | Ponderacio\\u0301n: 2.0                 | Completado: 100.0% \", \"fields\": [\"Avance %\"]}}, {\"changed\": {\"name\": \"Detalle de Progreso\", \"object\": \"Grupo PTI Base Torres             | Ponderacio\\u0301n: 2.0                 | Completado: 100.0% \", \"fields\": [\"Avance %\"]}}, {\"changed\": {\"name\": \"Detalle de Progreso\", \"object\": \"Grupo PTI Base Torres             | Ponderacio\\u0301n: 2.0                 | Completado: 100.0% \", \"fields\": [\"Avance %\"]}}, {\"changed\": {\"name\": \"Detalle de Progreso\", \"object\": \"Grupo PTI Base Torres             | Ponderacio\\u0301n: 15.0                 | Completado: 100.0% \", \"fields\": [\"Avance %\"]}}, {\"changed\": {\"name\": \"Detalle de Progreso\", \"object\": \"Grupo PTI Base Torres             | Ponderacio\\u0301n: 15.0                 | Completado: 99.0% \", \"fields\": [\"Avance %\"]}}, {\"changed\": {\"name\": \"Detalle de Progreso\", \"object\": \"Grupo PTI Base Torres             | Ponderacio\\u0301n: 10.0                 | Completado: 100.0% \", \"fields\": [\"Avance %\"]}}]"
        }
    },
    {
        "model": "admin.logentry",
        "pk": 118,
        "fields": {
            "action_time": "2024-10-12T04:08:07.239Z",
            "user": 1,
            "content_type": 13,
            "object_id": "14",
            "object_repr": "Sistema eléctrico",
            "action_flag": 2,
            "change_message": "[{\"changed\": {\"fields\": [\"Nombre\"]}}]"
        }
    },
    {
        "model": "admin.logentry",
        "pk": 119,
        "fields": {
            "action_time": "2024-10-12T14:26:30.035Z",
            "user": 1,
            "content_type": 13,
            "object_id": "3",
            "object_repr": "Excavación para la fundación",
            "action_flag": 2,
            "change_message": "[{\"changed\": {\"fields\": [\"Nombre\"]}}]"
        }
    },
    {
        "model": "auth.permission",
        "pk": 1,
        "fields": {
            "name": "Can add log entry",
            "content_type": 1,
            "codename": "add_logentry"
        }
    },
    {
        "model": "auth.permission",
        "pk": 2,
        "fields": {
            "name": "Can change log entry",
            "content_type": 1,
            "codename": "change_logentry"
        }
    },
    {
        "model": "auth.permission",
        "pk": 3,
        "fields": {
            "name": "Can delete log entry",
            "content_type": 1,
            "codename": "delete_logentry"
        }
    },
    {
        "model": "auth.permission",
        "pk": 4,
        "fields": {
            "name": "Can view log entry",
            "content_type": 1,
            "codename": "view_logentry"
        }
    },
    {
        "model": "auth.permission",
        "pk": 5,
        "fields": {
            "name": "Can add permission",
            "content_type": 2,
            "codename": "add_permission"
        }
    },
    {
        "model": "auth.permission",
        "pk": 6,
        "fields": {
            "name": "Can change permission",
            "content_type": 2,
            "codename": "change_permission"
        }
    },
    {
        "model": "auth.permission",
        "pk": 7,
        "fields": {
            "name": "Can delete permission",
            "content_type": 2,
            "codename": "delete_permission"
        }
    },
    {
        "model": "auth.permission",
        "pk": 8,
        "fields": {
            "name": "Can view permission",
            "content_type": 2,
            "codename": "view_permission"
        }
    },
    {
        "model": "auth.permission",
        "pk": 9,
        "fields": {
            "name": "Can add group",
            "content_type": 3,
            "codename": "add_group"
        }
    },
    {
        "model": "auth.permission",
        "pk": 10,
        "fields": {
            "name": "Can change group",
            "content_type": 3,
            "codename": "change_group"
        }
    },
    {
        "model": "auth.permission",
        "pk": 11,
        "fields": {
            "name": "Can delete group",
            "content_type": 3,
            "codename": "delete_group"
        }
    },
    {
        "model": "auth.permission",
        "pk": 12,
        "fields": {
            "name": "Can view group",
            "content_type": 3,
            "codename": "view_group"
        }
    },
    {
        "model": "auth.permission",
        "pk": 13,
        "fields": {
            "name": "Can add user",
            "content_type": 4,
            "codename": "add_user"
        }
    },
    {
        "model": "auth.permission",
        "pk": 14,
        "fields": {
            "name": "Can change user",
            "content_type": 4,
            "codename": "change_user"
        }
    },
    {
        "model": "auth.permission",
        "pk": 15,
        "fields": {
            "name": "Can delete user",
            "content_type": 4,
            "codename": "delete_user"
        }
    },
    {
        "model": "auth.permission",
        "pk": 16,
        "fields": {
            "name": "Can view user",
            "content_type": 4,
            "codename": "view_user"
        }
    },
    {
        "model": "auth.permission",
        "pk": 17,
        "fields": {
            "name": "Can add content type",
            "content_type": 5,
            "codename": "add_contenttype"
        }
    },
    {
        "model": "auth.permission",
        "pk": 18,
        "fields": {
            "name": "Can change content type",
            "content_type": 5,
            "codename": "change_contenttype"
        }
    },
    {
        "model": "auth.permission",
        "pk": 19,
        "fields": {
            "name": "Can delete content type",
            "content_type": 5,
            "codename": "delete_contenttype"
        }
    },
    {
        "model": "auth.permission",
        "pk": 20,
        "fields": {
            "name": "Can view content type",
            "content_type": 5,
            "codename": "view_contenttype"
        }
    },
    {
        "model": "auth.permission",
        "pk": 21,
        "fields": {
            "name": "Can add session",
            "content_type": 6,
            "codename": "add_session"
        }
    },
    {
        "model": "auth.permission",
        "pk": 22,
        "fields": {
            "name": "Can change session",
            "content_type": 6,
            "codename": "change_session"
        }
    },
    {
        "model": "auth.permission",
        "pk": 23,
        "fields": {
            "name": "Can delete session",
            "content_type": 6,
            "codename": "delete_session"
        }
    },
    {
        "model": "auth.permission",
        "pk": 24,
        "fields": {
            "name": "Can view session",
            "content_type": 6,
            "codename": "view_session"
        }
    },
    {
        "model": "auth.permission",
        "pk": 25,
        "fields": {
            "name": "Can add contratista",
            "content_type": 7,
            "codename": "add_contratista"
        }
    },
    {
        "model": "auth.permission",
        "pk": 26,
        "fields": {
            "name": "Can change contratista",
            "content_type": 7,
            "codename": "change_contratista"
        }
    },
    {
        "model": "auth.permission",
        "pk": 27,
        "fields": {
            "name": "Can delete contratista",
            "content_type": 7,
            "codename": "delete_contratista"
        }
    },
    {
        "model": "auth.permission",
        "pk": 28,
        "fields": {
            "name": "Can view contratista",
            "content_type": 7,
            "codename": "view_contratista"
        }
    },
    {
        "model": "auth.permission",
        "pk": 29,
        "fields": {
            "name": "Can add Proyecto",
            "content_type": 8,
            "codename": "add_sitio"
        }
    },
    {
        "model": "auth.permission",
        "pk": 30,
        "fields": {
            "name": "Can change Proyecto",
            "content_type": 8,
            "codename": "change_sitio"
        }
    },
    {
        "model": "auth.permission",
        "pk": 31,
        "fields": {
            "name": "Can delete Proyecto",
            "content_type": 8,
            "codename": "delete_sitio"
        }
    },
    {
        "model": "auth.permission",
        "pk": 32,
        "fields": {
            "name": "Can view Proyecto",
            "content_type": 8,
            "codename": "view_sitio"
        }
    },
    {
        "model": "auth.permission",
        "pk": 33,
        "fields": {
            "name": "Can add Supervisor",
            "content_type": 9,
            "codename": "add_supervisor"
        }
    },
    {
        "model": "auth.permission",
        "pk": 34,
        "fields": {
            "name": "Can change Supervisor",
            "content_type": 9,
            "codename": "change_supervisor"
        }
    },
    {
        "model": "auth.permission",
        "pk": 35,
        "fields": {
            "name": "Can delete Supervisor",
            "content_type": 9,
            "codename": "delete_supervisor"
        }
    },
    {
        "model": "auth.permission",
        "pk": 36,
        "fields": {
            "name": "Can view Supervisor",
            "content_type": 9,
            "codename": "view_supervisor"
        }
    },
    {
        "model": "auth.permission",
        "pk": 37,
        "fields": {
            "name": "Can add Avance",
            "content_type": 10,
            "codename": "add_avance"
        }
    },
    {
        "model": "auth.permission",
        "pk": 38,
        "fields": {
            "name": "Can change Avance",
            "content_type": 10,
            "codename": "change_avance"
        }
    },
    {
        "model": "auth.permission",
        "pk": 39,
        "fields": {
            "name": "Can delete Avance",
            "content_type": 10,
            "codename": "delete_avance"
        }
    },
    {
        "model": "auth.permission",
        "pk": 40,
        "fields": {
            "name": "Can view Avance",
            "content_type": 10,
            "codename": "view_avance"
        }
    },
    {
        "model": "auth.permission",
        "pk": 41,
        "fields": {
            "name": "Can add comentario",
            "content_type": 11,
            "codename": "add_comentario"
        }
    },
    {
        "model": "auth.permission",
        "pk": 42,
        "fields": {
            "name": "Can change comentario",
            "content_type": 11,
            "codename": "change_comentario"
        }
    },
    {
        "model": "auth.permission",
        "pk": 43,
        "fields": {
            "name": "Can delete comentario",
            "content_type": 11,
            "codename": "delete_comentario"
        }
    },
    {
        "model": "auth.permission",
        "pk": 44,
        "fields": {
            "name": "Can view comentario",
            "content_type": 11,
            "codename": "view_comentario"
        }
    },
    {
        "model": "auth.permission",
        "pk": 45,
        "fields": {
            "name": "Can add Imagen",
            "content_type": 12,
            "codename": "add_imagen"
        }
    },
    {
        "model": "auth.permission",
        "pk": 46,
        "fields": {
            "name": "Can change Imagen",
            "content_type": 12,
            "codename": "change_imagen"
        }
    },
    {
        "model": "auth.permission",
        "pk": 47,
        "fields": {
            "name": "Can delete Imagen",
            "content_type": 12,
            "codename": "delete_imagen"
        }
    },
    {
        "model": "auth.permission",
        "pk": 48,
        "fields": {
            "name": "Can view Imagen",
            "content_type": 12,
            "codename": "view_imagen"
        }
    },
    {
        "model": "auth.permission",
        "pk": 49,
        "fields": {
            "name": "Can add Actividad",
            "content_type": 13,
            "codename": "add_actividad"
        }
    },
    {
        "model": "auth.permission",
        "pk": 50,
        "fields": {
            "name": "Can change Actividad",
            "content_type": 13,
            "codename": "change_actividad"
        }
    },
    {
        "model": "auth.permission",
        "pk": 51,
        "fields": {
            "name": "Can delete Actividad",
            "content_type": 13,
            "codename": "delete_actividad"
        }
    },
    {
        "model": "auth.permission",
        "pk": 52,
        "fields": {
            "name": "Can view Actividad",
            "content_type": 13,
            "codename": "view_actividad"
        }
    },
    {
        "model": "auth.permission",
        "pk": 53,
        "fields": {
            "name": "Can add Grupo de Actividades",
            "content_type": 14,
            "codename": "add_grupoactividades"
        }
    },
    {
        "model": "auth.permission",
        "pk": 54,
        "fields": {
            "name": "Can change Grupo de Actividades",
            "content_type": 14,
            "codename": "change_grupoactividades"
        }
    },
    {
        "model": "auth.permission",
        "pk": 55,
        "fields": {
            "name": "Can delete Grupo de Actividades",
            "content_type": 14,
            "codename": "delete_grupoactividades"
        }
    },
    {
        "model": "auth.permission",
        "pk": 56,
        "fields": {
            "name": "Can view Grupo de Actividades",
            "content_type": 14,
            "codename": "view_grupoactividades"
        }
    },
    {
        "model": "auth.permission",
        "pk": 57,
        "fields": {
            "name": "Can add actividad grupo",
            "content_type": 15,
            "codename": "add_actividadgrupo"
        }
    },
    {
        "model": "auth.permission",
        "pk": 58,
        "fields": {
            "name": "Can change actividad grupo",
            "content_type": 15,
            "codename": "change_actividadgrupo"
        }
    },
    {
        "model": "auth.permission",
        "pk": 59,
        "fields": {
            "name": "Can delete actividad grupo",
            "content_type": 15,
            "codename": "delete_actividadgrupo"
        }
    },
    {
        "model": "auth.permission",
        "pk": 60,
        "fields": {
            "name": "Can view actividad grupo",
            "content_type": 15,
            "codename": "view_actividadgrupo"
        }
    },
    {
        "model": "auth.permission",
        "pk": 61,
        "fields": {
            "name": "Can add Proyecto con Actividades",
            "content_type": 16,
            "codename": "add_proyectoactividad"
        }
    },
    {
        "model": "auth.permission",
        "pk": 62,
        "fields": {
            "name": "Can change Proyecto con Actividades",
            "content_type": 16,
            "codename": "change_proyectoactividad"
        }
    },
    {
        "model": "auth.permission",
        "pk": 63,
        "fields": {
            "name": "Can delete Proyecto con Actividades",
            "content_type": 16,
            "codename": "delete_proyectoactividad"
        }
    },
    {
        "model": "auth.permission",
        "pk": 64,
        "fields": {
            "name": "Can view Proyecto con Actividades",
            "content_type": 16,
            "codename": "view_proyectoactividad"
        }
    },
    {
        "model": "auth.permission",
        "pk": 65,
        "fields": {
            "name": "Can add progreso",
            "content_type": 17,
            "codename": "add_progreso"
        }
    },
    {
        "model": "auth.permission",
        "pk": 66,
        "fields": {
            "name": "Can change progreso",
            "content_type": 17,
            "codename": "change_progreso"
        }
    },
    {
        "model": "auth.permission",
        "pk": 67,
        "fields": {
            "name": "Can delete progreso",
            "content_type": 17,
            "codename": "delete_progreso"
        }
    },
    {
        "model": "auth.permission",
        "pk": 68,
        "fields": {
            "name": "Can view progreso",
            "content_type": 17,
            "codename": "view_progreso"
        }
    },
    {
        "model": "auth.permission",
        "pk": 69,
        "fields": {
            "name": "Can add Detalle de Progreso",
            "content_type": 18,
            "codename": "add_detalleprogreso"
        }
    },
    {
        "model": "auth.permission",
        "pk": 70,
        "fields": {
            "name": "Can change Detalle de Progreso",
            "content_type": 18,
            "codename": "change_detalleprogreso"
        }
    },
    {
        "model": "auth.permission",
        "pk": 71,
        "fields": {
            "name": "Can delete Detalle de Progreso",
            "content_type": 18,
            "codename": "delete_detalleprogreso"
        }
    },
    {
        "model": "auth.permission",
        "pk": 72,
        "fields": {
            "name": "Can view Detalle de Progreso",
            "content_type": 18,
            "codename": "view_detalleprogreso"
        }
    },
    {
        "model": "auth.user",
        "pk": 1,
        "fields": {
            "password": "pbkdf2_sha256$870000$iuIXZkhvTDAhMRBNsKYHp1$8C1L8clWyHRmEDUT2y/+ONtV58LmLNvYdSR77Oon2jA=",
            "last_login": "2024-10-10T00:03:03.477Z",
            "is_superuser": true,
            "username": "gmartinez",
            "first_name": "",
            "last_name": "",
            "email": "gmartinez@tekon-rl.cl",
            "is_staff": true,
            "is_active": true,
            "date_joined": "2024-10-09T23:03:24.917Z",
            "groups": [],
            "user_permissions": []
        }
    },
    {
        "model": "auth.user",
        "pk": 2,
        "fields": {
            "password": "pbkdf2_sha256$870000$cy9OVG9jS6bVSTrbXrCDxK$VaUFeromJatqf7ayX/cKnT8CXFkvaVmaKxsSsjG/VlU=",
            "last_login": "2024-10-10T00:49:34.236Z",
            "is_superuser": true,
            "username": "jordonez",
            "first_name": "Jare",
            "last_name": "Ordoñez",
            "email": "",
            "is_staff": true,
            "is_active": true,
            "date_joined": "2024-10-10T00:15:38Z",
            "groups": [],
            "user_permissions": []
        }
    },
    {
        "model": "contenttypes.contenttype",
        "pk": 1,
        "fields": {
            "app_label": "admin",
            "model": "logentry"
        }
    },
    {
        "model": "contenttypes.contenttype",
        "pk": 2,
        "fields": {
            "app_label": "auth",
            "model": "permission"
        }
    },
    {
        "model": "contenttypes.contenttype",
        "pk": 3,
        "fields": {
            "app_label": "auth",
            "model": "group"
        }
    },
    {
        "model": "contenttypes.contenttype",
        "pk": 4,
        "fields": {
            "app_label": "auth",
            "model": "user"
        }
    },
    {
        "model": "contenttypes.contenttype",
        "pk": 5,
        "fields": {
            "app_label": "contenttypes",
            "model": "contenttype"
        }
    },
    {
        "model": "contenttypes.contenttype",
        "pk": 6,
        "fields": {
            "app_label": "sessions",
            "model": "session"
        }
    },
    {
        "model": "contenttypes.contenttype",
        "pk": 7,
        "fields": {
            "app_label": "main",
            "model": "contratista"
        }
    },
    {
        "model": "contenttypes.contenttype",
        "pk": 8,
        "fields": {
            "app_label": "main",
            "model": "sitio"
        }
    },
    {
        "model": "contenttypes.contenttype",
        "pk": 9,
        "fields": {
            "app_label": "main",
            "model": "supervisor"
        }
    },
    {
        "model": "contenttypes.contenttype",
        "pk": 10,
        "fields": {
            "app_label": "main",
            "model": "avance"
        }
    },
    {
        "model": "contenttypes.contenttype",
        "pk": 11,
        "fields": {
            "app_label": "galeria",
            "model": "comentario"
        }
    },
    {
        "model": "contenttypes.contenttype",
        "pk": 12,
        "fields": {
            "app_label": "galeria",
            "model": "imagen"
        }
    },
    {
        "model": "contenttypes.contenttype",
        "pk": 13,
        "fields": {
            "app_label": "actividades",
            "model": "actividad"
        }
    },
    {
        "model": "contenttypes.contenttype",
        "pk": 14,
        "fields": {
            "app_label": "actividades",
            "model": "grupoactividades"
        }
    },
    {
        "model": "contenttypes.contenttype",
        "pk": 15,
        "fields": {
            "app_label": "actividades",
            "model": "actividadgrupo"
        }
    },
    {
        "model": "contenttypes.contenttype",
        "pk": 16,
        "fields": {
            "app_label": "actividades",
            "model": "proyectoactividad"
        }
    },
    {
        "model": "contenttypes.contenttype",
        "pk": 17,
        "fields": {
            "app_label": "actividades",
            "model": "progreso"
        }
    },
    {
        "model": "contenttypes.contenttype",
        "pk": 18,
        "fields": {
            "app_label": "actividades",
            "model": "detalleprogreso"
        }
    },
    {
        "model": "sessions.session",
        "pk": "7ra5j1zkb5axvxcrk1yqox8b4n2v5bn6",
        "fields": {
            "session_data": ".eJxVjMsOwiAQRf-FtSFYhkdduvcbyMwAUjWQlHZl_HfbpAvd3nPOfYuA61LC2tMcpigu4ixOvxshP1PdQXxgvTfJrS7zRHJX5EG7vLWYXtfD_Tso2MtW65y9iconTm5E9sMYGYDIRgAP5AwY0uCcIqVtRkzeDEZra8hvHrD4fAHubjex:1sygdz:XeoMmp2mUCkPu5Dp32rAcUW3PBwY-2q9oWTQZHc04M0",
            "expire_date": "2024-10-24T00:03:03.515Z"
        }
    },
    {
        "model": "sessions.session",
        "pk": "cxcnthkanbtx1drkcorx9o3bhopvyiuj",
        "fields": {
            "session_data": ".eJxVjEEOwiAQAP_C2RBZhIJH730D2WVBqgaS0p6MfzckPeh1ZjJvEXDfSth7WsPC4ipAnH4ZYXymOgQ_sN6bjK1u60JyJPKwXc6N0-t2tH-Dgr2M7Tk6FZUyXjM44zIB45QtoPYZEjDliQmVxugdg8FLspYoI7BO0WTx-QLrmDjo:1syhN0:n-96IjFfRF4cCoOeySjbIwbqXMPAvVmJYXpWTcMK1G4",
            "expire_date": "2024-10-24T00:49:34.252Z"
        }
    },
    {
        "model": "main.contratista",
        "pk": 1,
        "fields": {
            "name": "MER Group",
            "cod": "MER"
        }
    },
    {
        "model": "main.contratista",
        "pk": 2,
        "fields": {
            "name": "AJ",
            "cod": "AJ"
        }
    },
    {
        "model": "main.contratista",
        "pk": 3,
        "fields": {
            "name": "GH3",
            "cod": "GH3"
        }
    },
    {
        "model": "main.sitio",
        "pk": 71,
        "fields": {
            "sitio": "CL-LI-1196",
            "cod_id": "ZO403",
            "nombre": "Cruce La Paloma",
            "altura": 42,
            "contratista": null,
            "lat": -34.55513,
            "lon": -70.95819,
            "ito": null
        }
    },
    {
        "model": "main.sitio",
        "pk": 72,
        "fields": {
            "sitio": "CL-RM-2174",
            "cod_id": "FG510",
            "nombre": "Maria Pinto",
            "altura": 48,
            "contratista": null,
            "lat": -33.41833,
            "lon": -71.05056,
            "ito": null
        }
    },
    {
        "model": "main.sitio",
        "pk": 73,
        "fields": {
            "sitio": "CL-RM-2183",
            "cod_id": "FG518",
            "nombre": "Angostura",
            "altura": 42,
            "contratista": null,
            "lat": -33.898167,
            "lon": -70.735556,
            "ito": null
        }
    },
    {
        "model": "main.sitio",
        "pk": 74,
        "fields": {
            "sitio": "CL-VS-1398",
            "cod_id": "ZV980",
            "nombre": "Lo Vasquez",
            "altura": 48,
            "contratista": null,
            "lat": -33.2848611,
            "lon": -71.4268611,
            "ito": null
        }
    },
    {
        "model": "main.sitio",
        "pk": 75,
        "fields": {
            "sitio": "CL-VS-1399",
            "cod_id": "ZV982",
            "nombre": "Santuario Lo Vasquez",
            "altura": 48,
            "contratista": null,
            "lat": -33.260889,
            "lon": -71.43775,
            "ito": null
        }
    },
    {
        "model": "main.sitio",
        "pk": 76,
        "fields": {
            "sitio": "CL-RM-2177",
            "cod_id": "FG506",
            "nombre": "Chiñigue",
            "altura": 36,
            "contratista": null,
            "lat": -33.681972,
            "lon": -71.07617,
            "ito": null
        }
    },
    {
        "model": "main.sitio",
        "pk": 77,
        "fields": {
            "sitio": "CL-LI-1198",
            "cod_id": "ZO402",
            "nombre": "Copec, San Fernando",
            "altura": 42,
            "contratista": null,
            "lat": -34.50286,
            "lon": -70.918111,
            "ito": null
        }
    },
    {
        "model": "main.sitio",
        "pk": 78,
        "fields": {
            "sitio": "CL-RM-2190",
            "cod_id": "FG515",
            "nombre": "Agua de la Nipa",
            "altura": 48,
            "contratista": null,
            "lat": -33.105583,
            "lon": -70.835972,
            "ito": null
        }
    },
    {
        "model": "main.sitio",
        "pk": 79,
        "fields": {
            "sitio": "CL-LI-1195",
            "cod_id": "ZO414",
            "nombre": "Las Mercedes",
            "altura": 42,
            "contratista": null,
            "lat": -34.25778,
            "lon": -70.80758,
            "ito": null
        }
    },
    {
        "model": "main.sitio",
        "pk": 80,
        "fields": {
            "sitio": "CL-LI-1185",
            "cod_id": "ZO421",
            "nombre": "El Arrozal",
            "altura": 42,
            "contratista": null,
            "lat": -34.0834722,
            "lon": -70.765833,
            "ito": null
        }
    },
    {
        "model": "main.sitio",
        "pk": 81,
        "fields": {
            "sitio": "CL-RM-2188",
            "cod_id": "FG516 ",
            "nombre": "Rungue",
            "altura": 42,
            "contratista": null,
            "lat": -33.005333,
            "lon": -70.903528,
            "ito": null
        }
    },
    {
        "model": "main.sitio",
        "pk": 82,
        "fields": {
            "sitio": "CL-RM-2182",
            "cod_id": "FG517",
            "nombre": "Linderos Sur",
            "altura": 42,
            "contratista": null,
            "lat": -33.7750667,
            "lon": -70.7471306,
            "ito": null
        }
    },
    {
        "model": "main.sitio",
        "pk": 83,
        "fields": {
            "sitio": "CL-LL-1199",
            "cod_id": "ZL559",
            "nombre": "Lomas del Ciprés -Puerto Varas",
            "altura": 24,
            "contratista": null,
            "lat": -41.3024444444444,
            "lon": -72.9993055555556,
            "ito": null
        }
    },
    {
        "model": "main.sitio",
        "pk": 84,
        "fields": {
            "sitio": "CL-VS-1400",
            "cod_id": "ZV979",
            "nombre": "Ruta 68-Santiago Valparaíso - Peaje Lateral Algarrobo",
            "altura": 48,
            "contratista": null,
            "lat": -33.344244,
            "lon": -71.365097,
            "ito": null
        }
    },
    {
        "model": "main.sitio",
        "pk": 85,
        "fields": {
            "sitio": "CL-LI-1183",
            "cod_id": "ZO408",
            "nombre": "Ruta 5_Santiago Talca- Sector Loma Alegre",
            "altura": 42,
            "contratista": null,
            "lat": -34.8134166666667,
            "lon": -71.0568055555556,
            "ito": null
        }
    },
    {
        "model": "main.sitio",
        "pk": 86,
        "fields": {
            "sitio": "CL-LI-1184",
            "cod_id": "ZO420",
            "nombre": "Ruta 5_Santiago Talca- Sector Aldea Agrícola",
            "altura": 42,
            "contratista": null,
            "lat": -34.0404166666667,
            "lon": -70.7028611111111,
            "ito": null
        }
    },
    {
        "model": "main.sitio",
        "pk": 87,
        "fields": {
            "sitio": "CL-RM-2178",
            "cod_id": "FG507",
            "nombre": "Ruta 78_Santiago Cartagena -Sector Melipilla Salida Poniente",
            "altura": 42,
            "contratista": null,
            "lat": -33.6699444444444,
            "lon": -71.2361944444445,
            "ito": null
        }
    },
    {
        "model": "main.sitio",
        "pk": 88,
        "fields": {
            "sitio": "CL-LI-1189",
            "cod_id": "ZO419",
            "nombre": "Ruta 5_Santiago Talca- Sector Cruce ruta H-145",
            "altura": 42,
            "contratista": null,
            "lat": -34.0018611111111,
            "lon": -70.6976666666667,
            "ito": null
        }
    },
    {
        "model": "main.sitio",
        "pk": 89,
        "fields": {
            "sitio": "CL-LI-1190",
            "cod_id": "ZO413",
            "nombre": "Ruta 5_Santiago Talca- Sector SubSole",
            "altura": 45,
            "contratista": null,
            "lat": -34.21383333333333,
            "lon": -70.78777777777778,
            "ito": null
        }
    },
    {
        "model": "main.sitio",
        "pk": 90,
        "fields": {
            "sitio": "CL-CO-1256",
            "cod_id": "ZS705",
            "nombre": "Ruta 5_La Serena Los Vilos - Sector Cerrillos Pobre",
            "altura": 48,
            "contratista": null,
            "lat": -30.621722,
            "lon": -71.500722,
            "ito": null
        }
    },
    {
        "model": "main.sitio",
        "pk": 91,
        "fields": {
            "sitio": "CL-LI-1191",
            "cod_id": "ZO412",
            "nombre": "Ruta 5_Santiago Talca- Sector Acceso Poniente Rancagua",
            "altura": 60,
            "contratista": null,
            "lat": -34.183749999999996,
            "lon": -70.79358333333333,
            "ito": null
        }
    },
    {
        "model": "main.sitio",
        "pk": 92,
        "fields": {
            "sitio": "CL-LI-1192",
            "cod_id": "ZO411",
            "nombre": "Ruta 5_Santiago Talca- Sector camino Santa Elena",
            "altura": 42,
            "contratista": null,
            "lat": -34.1473055555556,
            "lon": -70.7834722222222,
            "ito": null
        }
    },
    {
        "model": "main.sitio",
        "pk": 93,
        "fields": {
            "sitio": "CL-LI-1182",
            "cod_id": "ZO405",
            "nombre": "Ruta 5_Santiago Talca- Sector Las Mariposas",
            "altura": 42,
            "contratista": null,
            "lat": -34.696999999999996,
            "lon": -71.01877777777777,
            "ito": null
        }
    },
    {
        "model": "main.sitio",
        "pk": 94,
        "fields": {
            "sitio": "CL-RM-2175",
            "cod_id": "FG511",
            "nombre": "Ruta 68_Santiago Valparaíso- Sector Quebrada El Torito",
            "altura": 42,
            "contratista": null,
            "lat": -33.3985833333333,
            "lon": -71.2280833333333,
            "ito": null
        }
    },
    {
        "model": "main.sitio",
        "pk": 95,
        "fields": {
            "sitio": "CL-RM-2179",
            "cod_id": "FG508",
            "nombre": "Ruta 78_Santiago Cartagena -Sector Puertas Coloradas",
            "altura": 42,
            "contratista": null,
            "lat": -33.6521388888889,
            "lon": -71.3094166666667,
            "ito": null
        }
    },
    {
        "model": "main.sitio",
        "pk": 96,
        "fields": {
            "sitio": "CL-LI-1188",
            "cod_id": "ZO418",
            "nombre": "Ruta 5_Santiago Talca- Sector Cruce Los Lagartos",
            "altura": 48,
            "contratista": null,
            "lat": -33.9635,
            "lon": -70.7075833333333,
            "ito": null
        }
    },
    {
        "model": "main.sitio",
        "pk": 97,
        "fields": {
            "sitio": "CL-LI-1194",
            "cod_id": "ZO415",
            "nombre": "Ruta 5_Santiago Talca- Sector Pichiguao",
            "altura": 42,
            "contratista": null,
            "lat": -34.32025,
            "lon": -70.8309444444444,
            "ito": null
        }
    },
    {
        "model": "main.sitio",
        "pk": 98,
        "fields": {
            "sitio": "CL-VS-1407",
            "cod_id": "ZV967",
            "nombre": "Ruta 78-Santiago Cartagena - Sector Leyda",
            "altura": 42,
            "contratista": null,
            "lat": -33.6090833333333,
            "lon": -71.4632777777778,
            "ito": null
        }
    },
    {
        "model": "main.sitio",
        "pk": 99,
        "fields": {
            "sitio": "CL-RM-2186",
            "cod_id": "FG504",
            "nombre": "Ruta 78_Santiago Cartagena -Sector El Peumo",
            "altura": 48,
            "contratista": null,
            "lat": -33.68075,
            "lon": -70.9334444444444,
            "ito": null
        }
    },
    {
        "model": "main.sitio",
        "pk": 100,
        "fields": {
            "sitio": "CL-RM-2187",
            "cod_id": "FG505",
            "nombre": "Ruta 78_Santiago Cartagena -Sector La Manreza",
            "altura": 48,
            "contratista": null,
            "lat": -33.70594,
            "lon": -71.00317,
            "ito": null
        }
    },
    {
        "model": "main.sitio",
        "pk": 101,
        "fields": {
            "sitio": "CL-LI-1193",
            "cod_id": "ZO409",
            "nombre": "Ruta 5_Santiago Talca- Sector Rengo Sur",
            "altura": 42,
            "contratista": null,
            "lat": -34.424889,
            "lon": -70.886361,
            "ito": null
        }
    },
    {
        "model": "main.sitio",
        "pk": 102,
        "fields": {
            "sitio": "CL-VS-1404",
            "cod_id": "ZV990",
            "nombre": "Ruta 5_Los Vilos Santiago-Sector Playa La Ballena",
            "altura": 42,
            "contratista": null,
            "lat": -32.254306,
            "lon": -71.478306,
            "ito": null
        }
    },
    {
        "model": "main.sitio",
        "pk": 103,
        "fields": {
            "sitio": "CL-RM-2176",
            "cod_id": "FG509",
            "nombre": "Ruta 68_Santiago Valparaíso- Sector Agua de Piedra",
            "altura": 42,
            "contratista": null,
            "lat": -33.404222,
            "lon": -71.195889,
            "ito": null
        }
    },
    {
        "model": "main.sitio",
        "pk": 104,
        "fields": {
            "sitio": "CL-RM-2173",
            "cod_id": "FG509",
            "nombre": "Ruta 68_Santiago Valparaíso- Sector Agua de Piedra",
            "altura": 42,
            "contratista": null,
            "lat": -33.2060833,
            "lon": -70.7739722,
            "ito": null
        }
    },
    {
        "model": "main.sitio",
        "pk": 105,
        "fields": {
            "sitio": "CL-VS-1403",
            "cod_id": "ZV985",
            "nombre": "Ruta 5_Los Vilos Santiago-Sector Pichicuy",
            "altura": 60,
            "contratista": 2,
            "lat": -32.33961,
            "lon": -71.44719,
            "ito": null
        }
    },
    {
        "model": "main.sitio",
        "pk": 106,
        "fields": {
            "sitio": "CL-LI-1203",
            "cod_id": "06_113 ",
            "nombre": "R5 Santiago Talca",
            "altura": 30,
            "contratista": 2,
            "lat": -33.9348333,
            "lon": -70.7126944,
            "ito": null
        }
    },
    {
        "model": "main.sitio",
        "pk": 107,
        "fields": {
            "sitio": "CL-RM-2114",
            "cod_id": "43_055",
            "nombre": "Ruta 78 Autopista El Sol",
            "altura": 36,
            "contratista": 1,
            "lat": -33.69873,
            "lon": -71.02565,
            "ito": null
        }
    },
    {
        "model": "main.sitio",
        "pk": 109,
        "fields": {
            "sitio": "CL-VS-1415",
            "cod_id": "25_540",
            "nombre": "R5 La Calera - Santiago",
            "altura": 36,
            "contratista": 3,
            "lat": -32.8514722,
            "lon": -70.9126111,
            "ito": null
        }
    },

    {
        "model": "galeria.imagen",
        "pk": 1,
        "fields": {
            "sitio": 105,
            "imagen": "imagenes/WhatsApp_Image_2024-10-09_at_09.13.19_1.jpeg",
            "descripcion": null,
            "fecha_carga": "2024-10-08",
            "usuario": 2
        }
    },
    {
        "model": "galeria.imagen",
        "pk": 2,
        "fields": {
            "sitio": 105,
            "imagen": "imagenes/WhatsApp_Image_2024-10-09_at_09.13.19.jpeg",
            "descripcion": null,
            "fecha_carga": "2024-10-08",
            "usuario": 2
        }
    },
    {
        "model": "galeria.imagen",
        "pk": 3,
        "fields": {
            "sitio": 105,
            "imagen": "imagenes/WhatsApp_Image_2024-10-09_at_09.13.21.jpeg",
            "descripcion": null,
            "fecha_carga": "2024-10-08",
            "usuario": 2
        }
    },
    {
        "model": "galeria.imagen",
        "pk": 4,
        "fields": {
            "sitio": 105,
            "imagen": "imagenes/WhatsApp_Image_2024-10-03_at_11.19.13.jpeg",
            "descripcion": null,
            "fecha_carga": "2024-10-02",
            "usuario": 2
        }
    },
    {
        "model": "galeria.imagen",
        "pk": 5,
        "fields": {
            "sitio": 105,
            "imagen": "imagenes/WhatsApp_Image_2024-10-03_at_11.19.23.jpeg",
            "descripcion": null,
            "fecha_carga": "2024-10-02",
            "usuario": 2
        }
    },
    {
        "model": "galeria.imagen",
        "pk": 6,
        "fields": {
            "sitio": 105,
            "imagen": "imagenes/WhatsApp_Image_2024-10-03_at_11.19.37.jpeg",
            "descripcion": null,
            "fecha_carga": "2024-10-02",
            "usuario": 2
        }
    },
    {
        "model": "galeria.imagen",
        "pk": 7,
        "fields": {
            "sitio": 106,
            "imagen": "imagenes/WhatsApp_Image_2024-09-30_at_09.53.37_2.jpeg",
            "descripcion": null,
            "fecha_carga": "2024-09-30",
            "usuario": 2
        }
    },
    {
        "model": "galeria.imagen",
        "pk": 8,
        "fields": {
            "sitio": 106,
            "imagen": "imagenes/WhatsApp_Image_2024-09-30_at_09.53.37.jpeg",
            "descripcion": null,
            "fecha_carga": "2024-09-30",
            "usuario": 2
        }
    },
    {
        "model": "galeria.imagen",
        "pk": 9,
        "fields": {
            "sitio": 106,
            "imagen": "imagenes/WhatsApp_Image_2024-10-01_at_09.55.37_1.jpeg",
            "descripcion": null,
            "fecha_carga": "2024-09-30",
            "usuario": 2
        }
    },
    {
        "model": "galeria.imagen",
        "pk": 10,
        "fields": {
            "sitio": 106,
            "imagen": "imagenes/WhatsApp_Image_2024-10-01_at_09.55.37.jpeg",
            "descripcion": null,
            "fecha_carga": "2024-09-30",
            "usuario": 2
        }
    },
    {
        "model": "galeria.imagen",
        "pk": 11,
        "fields": {
            "sitio": 106,
            "imagen": "imagenes/WhatsApp_Image_2024-10-05_at_09.57.01.jpeg",
            "descripcion": null,
            "fecha_carga": "2024-10-04",
            "usuario": 2
        }
    },
    {
        "model": "galeria.imagen",
        "pk": 12,
        "fields": {
            "sitio": 106,
            "imagen": "imagenes/WhatsApp_Image_2024-10-05_at_09.57.02.jpeg",
            "descripcion": null,
            "fecha_carga": "2024-10-04",
            "usuario": 2
        }
    },
    {
        "model": "galeria.imagen",
        "pk": 13,
        "fields": {
            "sitio": 106,
            "imagen": "imagenes/WhatsApp_Image_2024-10-05_at_09.57.03.jpeg",
            "descripcion": null,
            "fecha_carga": "2024-10-04",
            "usuario": 2
        }
    },
    {
        "model": "galeria.imagen",
        "pk": 14,
        "fields": {
            "sitio": 106,
            "imagen": "imagenes/WhatsApp_Image_2024-10-05_at_09.57.04.jpeg",
            "descripcion": null,
            "fecha_carga": "2024-10-04",
            "usuario": 2
        }
    },
    {
        "model": "galeria.imagen",
        "pk": 15,
        "fields": {
            "sitio": 106,
            "imagen": "imagenes/WhatsApp_Image_2024-10-05_at_12.20.33.jpeg",
            "descripcion": null,
            "fecha_carga": "2024-10-05",
            "usuario": 2
        }
    },
    {
        "model": "galeria.imagen",
        "pk": 16,
        "fields": {
            "sitio": 106,
            "imagen": "imagenes/WhatsApp_Image_2024-10-05_at_12.20.34.jpeg",
            "descripcion": null,
            "fecha_carga": "2024-10-05",
            "usuario": 2
        }
    },
    {
        "model": "galeria.imagen",
        "pk": 17,
        "fields": {
            "sitio": 106,
            "imagen": "imagenes/WhatsApp_Image_2024-10-05_at_12.20.35.jpeg",
            "descripcion": null,
            "fecha_carga": "2024-10-05",
            "usuario": 2
        }
    },
    {
        "model": "galeria.imagen",
        "pk": 18,
        "fields": {
            "sitio": 106,
            "imagen": "imagenes/WhatsApp_Image_2024-10-05_at_12.20.37.jpeg",
            "descripcion": null,
            "fecha_carga": "2024-10-05",
            "usuario": 2
        }
    },
    {
        "model": "galeria.imagen",
        "pk": 19,
        "fields": {
            "sitio": 106,
            "imagen": "imagenes/WhatsApp_Image_2024-10-05_at_12.22.20.jpeg",
            "descripcion": null,
            "fecha_carga": "2024-10-05",
            "usuario": 2
        }
    },
    {
        "model": "galeria.imagen",
        "pk": 20,
        "fields": {
            "sitio": 107,
            "imagen": "imagenes/WhatsApp_Image_2024-09-30_at_14.41.18.jpeg",
            "descripcion": null,
            "fecha_carga": "2024-09-30",
            "usuario": 2
        }
    },
    {
        "model": "galeria.imagen",
        "pk": 21,
        "fields": {
            "sitio": 107,
            "imagen": "imagenes/WhatsApp_Image_2024-09-30_at_14.41.20_1.jpeg",
            "descripcion": null,
            "fecha_carga": "2024-09-30",
            "usuario": 2
        }
    },
    {
        "model": "galeria.imagen",
        "pk": 22,
        "fields": {
            "sitio": 107,
            "imagen": "imagenes/WhatsApp_Image_2024-09-30_at_14.41.49_1.jpeg",
            "descripcion": null,
            "fecha_carga": "2024-09-30",
            "usuario": 2
        }
    },
    {
        "model": "galeria.imagen",
        "pk": 23,
        "fields": {
            "sitio": 107,
            "imagen": "imagenes/WhatsApp_Image_2024-10-01_at_11.55.26.jpeg",
            "descripcion": null,
            "fecha_carga": "2024-10-01",
            "usuario": 2
        }
    },
    {
        "model": "galeria.imagen",
        "pk": 24,
        "fields": {
            "sitio": 107,
            "imagen": "imagenes/WhatsApp_Image_2024-10-01_at_11.55.27.jpeg",
            "descripcion": null,
            "fecha_carga": "2024-10-01",
            "usuario": 2
        }
    },
    {
        "model": "galeria.imagen",
        "pk": 25,
        "fields": {
            "sitio": 107,
            "imagen": "imagenes/WhatsApp_Image_2024-10-07_at_13.49.50.jpeg",
            "descripcion": null,
            "fecha_carga": "2024-10-06",
            "usuario": 2
        }
    },
    {
        "model": "galeria.imagen",
        "pk": 26,
        "fields": {
            "sitio": 107,
            "imagen": "imagenes/WhatsApp_Image_2024-10-07_at_13.49.54.jpeg",
            "descripcion": null,
            "fecha_carga": "2024-10-06",
            "usuario": 2
        }
    },
    {
        "model": "galeria.imagen",
        "pk": 27,
        "fields": {
            "sitio": 107,
            "imagen": "imagenes/WhatsApp_Image_2024-10-07_at_13.49.55_1.jpeg",
            "descripcion": null,
            "fecha_carga": "2024-10-06",
            "usuario": 2
        }
    },
    {
        "model": "galeria.imagen",
        "pk": 28,
        "fields": {
            "sitio": 107,
            "imagen": "imagenes/WhatsApp_Image_2024-10-07_at_13.49.55.jpeg",
            "descripcion": null,
            "fecha_carga": "2024-10-06",
            "usuario": 2
        }
    },
    {
        "model": "galeria.imagen",
        "pk": 29,
        "fields": {
            "sitio": 107,
            "imagen": "imagenes/WhatsApp_Image_2024-10-07_at_14.18.36.jpeg",
            "descripcion": null,
            "fecha_carga": "2024-10-07",
            "usuario": 2
        }
    },
    {
        "model": "galeria.imagen",
        "pk": 30,
        "fields": {
            "sitio": 107,
            "imagen": "imagenes/WhatsApp_Image_2024-10-07_at_14.18.37.jpeg",
            "descripcion": null,
            "fecha_carga": "2024-10-07",
            "usuario": 2
        }
    },
    {
        "model": "galeria.imagen",
        "pk": 31,
        "fields": {
            "sitio": 107,
            "imagen": "imagenes/WhatsApp_Image_2024-10-07_at_14.18.39.jpeg",
            "descripcion": null,
            "fecha_carga": "2024-10-07",
            "usuario": 2
        }
    },
    {
        "model": "galeria.imagen",
        "pk": 32,
        "fields": {
            "sitio": 109,
            "imagen": "imagenes/WhatsApp_Image_2024-09-30_at_12.11.51_1.jpeg",
            "descripcion": null,
            "fecha_carga": "2024-09-30",
            "usuario": 2
        }
    },
    {
        "model": "galeria.imagen",
        "pk": 33,
        "fields": {
            "sitio": 109,
            "imagen": "imagenes/WhatsApp_Image_2024-09-30_at_12.11.51_2.jpeg",
            "descripcion": null,
            "fecha_carga": "2024-09-30",
            "usuario": 2
        }
    },
    {
        "model": "galeria.imagen",
        "pk": 34,
        "fields": {
            "sitio": 109,
            "imagen": "imagenes/WhatsApp_Image_2024-10-03_at_10.26.47.jpeg",
            "descripcion": null,
            "fecha_carga": "2024-09-30",
            "usuario": 2
        }
    },
    {
        "model": "galeria.imagen",
        "pk": 35,
        "fields": {
            "sitio": 109,
            "imagen": "imagenes/WhatsApp_Image_2024-10-10_at_09.47.54.jpeg",
            "descripcion": null,
            "fecha_carga": "2024-09-30",
            "usuario": 2
        }
    },
    {
        "model": "galeria.imagen",
        "pk": 36,
        "fields": {
            "sitio": 109,
            "imagen": "imagenes/WhatsApp_Image_2024-10-01_at_15.23.05_1.jpeg",
            "descripcion": null,
            "fecha_carga": "2024-10-01",
            "usuario": 2
        }
    },
    {
        "model": "galeria.imagen",
        "pk": 37,
        "fields": {
            "sitio": 109,
            "imagen": "imagenes/WhatsApp_Image_2024-10-01_at_15.23.06.jpeg",
            "descripcion": null,
            "fecha_carga": "2024-10-01",
            "usuario": 2
        }
    },
    {
        "model": "galeria.imagen",
        "pk": 38,
        "fields": {
            "sitio": 109,
            "imagen": "imagenes/WhatsApp_Image_2024-10-01_at_15.23.07.jpeg",
            "descripcion": null,
            "fecha_carga": "2024-10-01",
            "usuario": 2
        }
    },
    {
        "model": "galeria.imagen",
        "pk": 39,
        "fields": {
            "sitio": 109,
            "imagen": "imagenes/WhatsApp_Image_2024-10-03_at_09.19.03.jpeg",
            "descripcion": null,
            "fecha_carga": "2024-10-01",
            "usuario": 2
        }
    },
    {
        "model": "galeria.imagen",
        "pk": 40,
        "fields": {
            "sitio": 109,
            "imagen": "imagenes/WhatsApp_Image_2024-10-07_at_08.10.18.jpeg",
            "descripcion": null,
            "fecha_carga": "2024-10-07",
            "usuario": 2
        }
    },
    {
        "model": "galeria.imagen",
        "pk": 41,
        "fields": {
            "sitio": 109,
            "imagen": "imagenes/WhatsApp_Image_2024-10-09_at_08.47.57_1.jpeg",
            "descripcion": null,
            "fecha_carga": "2024-10-07",
            "usuario": 2
        }
    },
    {
        "model": "galeria.imagen",
        "pk": 42,
        "fields": {
            "sitio": 109,
            "imagen": "imagenes/WhatsApp_Image_2024-10-09_at_08.47.57.jpeg",
            "descripcion": null,
            "fecha_carga": "2024-10-07",
            "usuario": 2
        }
    },
    {
        "model": "galeria.imagen",
        "pk": 43,
        "fields": {
            "sitio": 109,
            "imagen": "imagenes/WhatsApp_Image_2024-10-09_at_08.47.58_2.jpeg",
            "descripcion": null,
            "fecha_carga": "2024-10-07",
            "usuario": 2
        }
    },
    {
        "model": "galeria.imagen",
        "pk": 44,
        "fields": {
            "sitio": 109,
            "imagen": "imagenes/WhatsApp_Image_2024-10-09_at_08.47.59.jpeg",
            "descripcion": null,
            "fecha_carga": "2024-10-07",
            "usuario": 2
        }
    },
    {
        "model": "galeria.imagen",
        "pk": 45,
        "fields": {
            "sitio": 109,
            "imagen": "imagenes/WhatsApp_Image_2024-10-09_at_08.47.54_1.jpeg",
            "descripcion": null,
            "fecha_carga": "2024-10-08",
            "usuario": 2
        }
    },
    {
        "model": "galeria.imagen",
        "pk": 46,
        "fields": {
            "sitio": 109,
            "imagen": "imagenes/WhatsApp_Image_2024-10-09_at_08.47.55_2.jpeg",
            "descripcion": null,
            "fecha_carga": "2024-10-08",
            "usuario": 2
        }
    },
    {
        "model": "galeria.imagen",
        "pk": 47,
        "fields": {
            "sitio": 109,
            "imagen": "imagenes/WhatsApp_Image_2024-10-09_at_08.47.55.jpeg",
            "descripcion": null,
            "fecha_carga": "2024-10-08",
            "usuario": 2
        }
    },
    {
        "model": "galeria.imagen",
        "pk": 48,
        "fields": {
            "sitio": 109,
            "imagen": "imagenes/WhatsApp_Image_2024-10-09_at_08.47.56_1.jpeg",
            "descripcion": null,
            "fecha_carga": "2024-10-08",
            "usuario": 2
        }
    },
    {
        "model": "galeria.imagen",
        "pk": 49,
        "fields": {
            "sitio": 109,
            "imagen": "imagenes/WhatsApp_Image_2024-10-09_at_08.47.56_2.jpeg",
            "descripcion": null,
            "fecha_carga": "2024-10-08",
            "usuario": 2
        }
    },
    {
        "model": "galeria.imagen",
        "pk": 50,
        "fields": {
            "sitio": 109,
            "imagen": "imagenes/WhatsApp_Image_2024-10-09_at_08.47.56.jpeg",
            "descripcion": null,
            "fecha_carga": "2024-10-08",
            "usuario": 2
        }
    },
    {
        "model": "galeria.imagen",
        "pk": 51,
        "fields": {
            "sitio": 105,
            "imagen": "imagenes/WhatsApp_Image_2024-10-01_at_12.45.18_1.jpeg",
            "descripcion": null,
            "fecha_carga": "2024-10-01",
            "usuario": 2
        }
    },
    {
        "model": "galeria.imagen",
        "pk": 52,
        "fields": {
            "sitio": 105,
            "imagen": "imagenes/WhatsApp_Image_2024-10-01_at_12.45.18.jpeg",
            "descripcion": null,
            "fecha_carga": "2024-10-01",
            "usuario": 2
        }
    },
    {
        "model": "galeria.imagen",
        "pk": 53,
        "fields": {
            "sitio": 105,
            "imagen": "imagenes/WhatsApp_Image_2024-10-01_at_12.45.38.jpeg",
            "descripcion": null,
            "fecha_carga": "2024-10-01",
            "usuario": 2
        }
    },
    {
        "model": "galeria.imagen",
        "pk": 54,
        "fields": {
            "sitio": 105,
            "imagen": "imagenes/WhatsApp_Image_2024-10-01_at_12.45.47.jpeg",
            "descripcion": null,
            "fecha_carga": "2024-10-01",
            "usuario": 2
        }
    },
    {
        "model": "galeria.imagen",
        "pk": 55,
        "fields": {
            "sitio": 105,
            "imagen": "imagenes/WhatsApp_Image_2024-10-09_at_08.51.12_1.jpeg",
            "descripcion": null,
            "fecha_carga": "2024-10-07",
            "usuario": 2
        }
    },
    {
        "model": "galeria.imagen",
        "pk": 56,
        "fields": {
            "sitio": 105,
            "imagen": "imagenes/WhatsApp_Image_2024-10-09_at_08.51.14.jpeg",
            "descripcion": null,
            "fecha_carga": "2024-10-07",
            "usuario": 2
        }
    },
    {
        "model": "galeria.imagen",
        "pk": 57,
        "fields": {
            "sitio": 105,
            "imagen": "imagenes/WhatsApp_Image_2024-10-09_at_08.51.15_2.jpeg",
            "descripcion": null,
            "fecha_carga": "2024-10-07",
            "usuario": 2
        }
    },
    {
        "model": "galeria.imagen",
        "pk": 58,
        "fields": {
            "sitio": 105,
            "imagen": "imagenes/WhatsApp_Image_2024-10-09_at_08.51.16_1.jpeg",
            "descripcion": null,
            "fecha_carga": "2024-10-07",
            "usuario": 2
        }
    },
    {
        "model": "galeria.imagen",
        "pk": 59,
        "fields": {
            "sitio": 109,
            "imagen": "imagenes/WhatsApp_Image_2024-10-03_at_09.17.57.jpeg",
            "descripcion": null,
            "fecha_carga": "2024-10-03",
            "usuario": 2
        }
    },
    {
        "model": "galeria.imagen",
        "pk": 60,
        "fields": {
            "sitio": 109,
            "imagen": "imagenes/WhatsApp_Image_2024-10-03_at_09.17.58.jpeg",
            "descripcion": null,
            "fecha_carga": "2024-10-03",
            "usuario": 2
        }
    },
    {
        "model": "galeria.imagen",
        "pk": 61,
        "fields": {
            "sitio": 109,
            "imagen": "imagenes/WhatsApp_Image_2024-10-03_at_09.17.59.jpeg",
            "descripcion": null,
            "fecha_carga": "2024-10-03",
            "usuario": 2
        }
    },
    {
        "model": "galeria.imagen",
        "pk": 62,
        "fields": {
            "sitio": 109,
            "imagen": "imagenes/WhatsApp_Image_2024-10-07_at_08.11.16.jpeg",
            "descripcion": null,
            "fecha_carga": "2024-10-05",
            "usuario": 2
        }
    },
    {
        "model": "galeria.imagen",
        "pk": 63,
        "fields": {
            "sitio": 109,
            "imagen": "imagenes/WhatsApp_Image_2024-10-07_at_08.11.17_1.jpeg",
            "descripcion": null,
            "fecha_carga": "2024-10-05",
            "usuario": 2
        }
    },
    {
        "model": "galeria.imagen",
        "pk": 64,
        "fields": {
            "sitio": 109,
            "imagen": "imagenes/WhatsApp_Image_2024-10-07_at_08.11.17.jpeg",
            "descripcion": null,
            "fecha_carga": "2024-10-05",
            "usuario": 2
        }
    },
    {
        "model": "galeria.imagen",
        "pk": 68,
        "fields": {
            "sitio": 106,
            "imagen": "imagenes/WhatsApp_Image_2024-10-10_at_10.32.48.jpeg",
            "descripcion": null,
            "fecha_carga": "2024-10-10",
            "usuario": 2
        }
    },
    {
        "model": "galeria.imagen",
        "pk": 69,
        "fields": {
            "sitio": 106,
            "imagen": "imagenes/WhatsApp_Image_2024-10-10_at_11.23.09.jpeg",
            "descripcion": null,
            "fecha_carga": "2024-10-10",
            "usuario": 2
        }
    },
    {
        "model": "galeria.imagen",
        "pk": 70,
        "fields": {
            "sitio": 106,
            "imagen": "imagenes/WhatsApp_Image_2024-10-10_at_11.23.10_1.jpeg",
            "descripcion": null,
            "fecha_carga": "2024-10-10",
            "usuario": 2
        }
    },
    {
        "model": "galeria.imagen",
        "pk": 71,
        "fields": {
            "sitio": 106,
            "imagen": "imagenes/WhatsApp_Image_2024-10-10_at_11.23.10.jpeg",
            "descripcion": null,
            "fecha_carga": "2024-10-10",
            "usuario": 2
        }
    },
    {
        "model": "galeria.imagen",
        "pk": 72,
        "fields": {
            "sitio": 106,
            "imagen": "imagenes/WhatsApp_Image_2024-10-10_at_11.23.11.jpeg",
            "descripcion": null,
            "fecha_carga": "2024-10-10",
            "usuario": 2
        }
    },
    {
        "model": "galeria.imagen",
        "pk": 73,
        "fields": {
            "sitio": 106,
            "imagen": "imagenes/WhatsApp_Image_2024-10-10_at_11.31.19.jpeg",
            "descripcion": null,
            "fecha_carga": "2024-10-10",
            "usuario": 2
        }
    },
    {
        "model": "galeria.imagen",
        "pk": 74,
        "fields": {
            "sitio": 109,
            "imagen": "imagenes/WhatsApp_Image_2024-10-11_at_13.34.02.jpeg",
            "descripcion": null,
            "fecha_carga": "2024-10-11",
            "usuario": 2
        }
    },
    {
        "model": "galeria.imagen",
        "pk": 75,
        "fields": {
            "sitio": 109,
            "imagen": "imagenes/WhatsApp_Image_2024-10-11_at_16.45.17.jpeg",
            "descripcion": null,
            "fecha_carga": "2024-10-11",
            "usuario": 2
        }
    },
    {
        "model": "galeria.imagen",
        "pk": 76,
        "fields": {
            "sitio": 109,
            "imagen": "imagenes/WhatsApp_Image_2024-10-11_at_16.45.19_2.jpeg",
            "descripcion": null,
            "fecha_carga": "2024-10-11",
            "usuario": 2
        }
    },
    {
        "model": "galeria.imagen",
        "pk": 77,
        "fields": {
            "sitio": 109,
            "imagen": "imagenes/WhatsApp_Image_2024-10-11_at_16.45.22_2.jpeg",
            "descripcion": null,
            "fecha_carga": "2024-10-11",
            "usuario": 2
        }
    },
    {
        "model": "galeria.imagen",
        "pk": 78,
        "fields": {
            "sitio": 109,
            "imagen": "imagenes/WhatsApp_Image_2024-10-11_at_16.45.22_3.jpeg",
            "descripcion": null,
            "fecha_carga": "2024-10-11",
            "usuario": 2
        }
    },
    {
        "model": "galeria.comentario",
        "pk": 1,
        "fields": {
            "sitio": 105,
            "comentario": "Se realizo el hormigonado de la fundación",
            "fecha_carga": "2024-10-08",
            "usuario": 2
        }
    },
    {
        "model": "galeria.comentario",
        "pk": 2,
        "fields": {
            "sitio": 105,
            "comentario": "Se inicia con la excavación de la fundación",
            "fecha_carga": "2024-10-02",
            "usuario": 2
        }
    },
    {
        "model": "galeria.comentario",
        "pk": 3,
        "fields": {
            "sitio": 106,
            "comentario": "Se realiza la entrega del sitio a la constructora AJ, para dar inicios a las obras constructivas",
            "fecha_carga": "2024-09-30",
            "usuario": 2
        }
    },
    {
        "model": "galeria.comentario",
        "pk": 4,
        "fields": {
            "sitio": 106,
            "comentario": "Se realiza la inspección y liberación de la enferradura de la fundación",
            "fecha_carga": "2024-10-04",
            "usuario": 2
        }
    },
    {
        "model": "galeria.comentario",
        "pk": 5,
        "fields": {
            "sitio": 106,
            "comentario": "Se realiza el hormigonado de la fundación",
            "fecha_carga": "2024-10-05",
            "usuario": 2
        }
    },
    {
        "model": "galeria.comentario",
        "pk": 6,
        "fields": {
            "sitio": 107,
            "comentario": "Se realiza entrega del sitio a la constructora MER para inicios de actividades",
            "fecha_carga": "2024-09-30",
            "usuario": 2
        }
    },
    {
        "model": "galeria.comentario",
        "pk": 7,
        "fields": {
            "sitio": 107,
            "comentario": "Se inicia con la excavación de la fundación",
            "fecha_carga": "2024-10-01",
            "usuario": 2
        }
    },
    {
        "model": "galeria.comentario",
        "pk": 8,
        "fields": {
            "sitio": 107,
            "comentario": "Se realiza la verificación de la enferradura de la fundación",
            "fecha_carga": "2024-10-06",
            "usuario": 2
        }
    },
    {
        "model": "galeria.comentario",
        "pk": 9,
        "fields": {
            "sitio": 107,
            "comentario": "Se realiza el hormigonado de la fundación",
            "fecha_carga": "2024-10-07",
            "usuario": 2
        }
    },
    {
        "model": "galeria.comentario",
        "pk": 10,
        "fields": {
            "sitio": 109,
            "comentario": "Se realiza la entrega del sitio a la constructora GH3 para inicios de actividades",
            "fecha_carga": "2024-09-30",
            "usuario": 2
        }
    },
    {
        "model": "galeria.comentario",
        "pk": 11,
        "fields": {
            "sitio": 109,
            "comentario": "Se inicia la excavación para la fundación",
            "fecha_carga": "2024-10-01",
            "usuario": 2
        }
    },
    {
        "model": "galeria.comentario",
        "pk": 12,
        "fields": {
            "sitio": 109,
            "comentario": "Se realiza la verificación y liberación de la enferradura de la fundación",
            "fecha_carga": "2024-10-07",
            "usuario": 2
        }
    },
    {
        "model": "galeria.comentario",
        "pk": 13,
        "fields": {
            "sitio": 109,
            "comentario": "Se realiza el hormigonado de la fundación",
            "fecha_carga": "2024-10-08",
            "usuario": 2
        }
    },
    {
        "model": "galeria.comentario",
        "pk": 14,
        "fields": {
            "sitio": 105,
            "comentario": "Se realiza la entrega del sitio a la empresa AJ para dar inicio de actividades",
            "fecha_carga": "2024-10-01",
            "usuario": 2
        }
    },
    {
        "model": "galeria.comentario",
        "pk": 15,
        "fields": {
            "sitio": 105,
            "comentario": "Se realiza verificación y liberación de la enferradura de la fundación",
            "fecha_carga": "2024-10-07",
            "usuario": 2
        }
    },
    {
        "model": "galeria.comentario",
        "pk": 16,
        "fields": {
            "sitio": 109,
            "comentario": "Se realiza como trabajo adicional la limpieza y relleno de un pozo existente, para liberar el acceso al sitio",
            "fecha_carga": "2024-10-03",
            "usuario": 2
        }
    },
    {
        "model": "galeria.comentario",
        "pk": 18,
        "fields": {
            "sitio": 109,
            "comentario": "Se realiza como trabajo adicional la construccion de  cerco y portón en el sitio para mayor seguridad, a solicitud del propietario",
            "fecha_carga": "2024-10-05",
            "usuario": 2
        }
    },
    {
        "model": "galeria.comentario",
        "pk": 19,
        "fields": {
            "sitio": 106,
            "comentario": "Se realiza montaje de la torre Autosoportada",
            "fecha_carga": "2024-10-10",
            "usuario": 2
        }
    },
    {
        "model": "galeria.comentario",
        "pk": 20,
        "fields": {
            "sitio": 109,
            "comentario": "Se realiza montaje de la torre Autosoportada",
            "fecha_carga": "2024-10-11",
            "usuario": 2
        }
    },
    {
        "model": "actividades.actividad",
        "pk": 1,
        "fields": {
            "nombre": "Instalación de Faenas",
            "descripcion": ""
        }
    },
    {
        "model": "actividades.actividad",
        "pk": 2,
        "fields": {
            "nombre": "Replanteo y Trazado",
            "descripcion": ""
        }
    },
    {
        "model": "actividades.actividad",
        "pk": 3,
        "fields": {
            "nombre": "Excavación para la fundación",
            "descripcion": ""
        }
    },
    {
        "model": "actividades.actividad",
        "pk": 4,
        "fields": {
            "nombre": "Enferradura de la fundación",
            "descripcion": ""
        }
    },
    {
        "model": "actividades.actividad",
        "pk": 5,
        "fields": {
            "nombre": "Hormigonado de la fundación",
            "descripcion": ""
        }
    },
    {
        "model": "actividades.actividad",
        "pk": 6,
        "fields": {
            "nombre": "Relleno y Compactado",
            "descripcion": ""
        }
    },
    {
        "model": "actividades.actividad",
        "pk": 7,
        "fields": {
            "nombre": "Montaje de la torre",
            "descripcion": ""
        }
    },
    {
        "model": "actividades.actividad",
        "pk": 8,
        "fields": {
            "nombre": "Losa radier de equipos",
            "descripcion": ""
        }
    },
    {
        "model": "actividades.actividad",
        "pk": 9,
        "fields": {
            "nombre": "Cierre perimetral",
            "descripcion": ""
        }
    },
    {
        "model": "actividades.actividad",
        "pk": 10,
        "fields": {
            "nombre": "Sistema puesta a tierra",
            "descripcion": ""
        }
    },
    {
        "model": "actividades.actividad",
        "pk": 11,
        "fields": {
            "nombre": "Linea eléctrica provisoria",
            "descripcion": ""
        }
    },
    {
        "model": "actividades.actividad",
        "pk": 12,
        "fields": {
            "nombre": "Linea eléctrica definitiva",
            "descripcion": ""
        }
    },
    {
        "model": "actividades.actividad",
        "pk": 13,
        "fields": {
            "nombre": "Trabajos finales / adicionales",
            "descripcion": ""
        }
    },
    {
        "model": "actividades.actividad",
        "pk": 14,
        "fields": {
            "nombre": "Sistema eléctrico",
            "descripcion": ""
        }
    },
    {
        "model": "actividades.grupoactividades",
        "pk": 1,
        "fields": {
            "nombre": "PTI Base Torres"
        }
    },
    {
        "model": "actividades.actividadgrupo",
        "pk": 1,
        "fields": {
            "actividad": 1,
            "grupo": 1,
            "ponderacion": 2.0,
            "order": 0
        }
    },
    {
        "model": "actividades.actividadgrupo",
        "pk": 2,
        "fields": {
            "actividad": 2,
            "grupo": 1,
            "ponderacion": 2.0,
            "order": 0
        }
    },
    {
        "model": "actividades.actividadgrupo",
        "pk": 3,
        "fields": {
            "actividad": 3,
            "grupo": 1,
            "ponderacion": 2.0,
            "order": 0
        }
    },
    {
        "model": "actividades.actividadgrupo",
        "pk": 4,
        "fields": {
            "actividad": 4,
            "grupo": 1,
            "ponderacion": 15.0,
            "order": 0
        }
    },
    {
        "model": "actividades.actividadgrupo",
        "pk": 5,
        "fields": {
            "actividad": 5,
            "grupo": 1,
            "ponderacion": 15.0,
            "order": 0
        }
    },
    {
        "model": "actividades.actividadgrupo",
        "pk": 6,
        "fields": {
            "actividad": 6,
            "grupo": 1,
            "ponderacion": 10.0,
            "order": 0
        }
    },
    {
        "model": "actividades.actividadgrupo",
        "pk": 7,
        "fields": {
            "actividad": 7,
            "grupo": 1,
            "ponderacion": 15.0,
            "order": 0
        }
    },
    {
        "model": "actividades.actividadgrupo",
        "pk": 8,
        "fields": {
            "actividad": 8,
            "grupo": 1,
            "ponderacion": 4.0,
            "order": 0
        }
    },
    {
        "model": "actividades.actividadgrupo",
        "pk": 9,
        "fields": {
            "actividad": 9,
            "grupo": 1,
            "ponderacion": 5.0,
            "order": 0
        }
    },
    {
        "model": "actividades.actividadgrupo",
        "pk": 10,
        "fields": {
            "actividad": 10,
            "grupo": 1,
            "ponderacion": 5.0,
            "order": 0
        }
    },
    {
        "model": "actividades.actividadgrupo",
        "pk": 11,
        "fields": {
            "actividad": 14,
            "grupo": 1,
            "ponderacion": 10.0,
            "order": 0
        }
    },
    {
        "model": "actividades.actividadgrupo",
        "pk": 12,
        "fields": {
            "actividad": 11,
            "grupo": 1,
            "ponderacion": 5.0,
            "order": 0
        }
    },
    {
        "model": "actividades.actividadgrupo",
        "pk": 13,
        "fields": {
            "actividad": 12,
            "grupo": 1,
            "ponderacion": 5.0,
            "order": 0
        }
    },
    {
        "model": "actividades.actividadgrupo",
        "pk": 14,
        "fields": {
            "actividad": 13,
            "grupo": 1,
            "ponderacion": 5.0,
            "order": 0
        }
    },
    {
        "model": "actividades.proyectoactividad",
        "pk": 1,
        "fields": {
            "proyecto": 105,
            "grupo": 1
        }
    },
    {
        "model": "actividades.proyectoactividad",
        "pk": 2,
        "fields": {
            "proyecto": 109,
            "grupo": 1
        }
    },
    {
        "model": "actividades.proyectoactividad",
        "pk": 3,
        "fields": {
            "proyecto": 107,
            "grupo": 1
        }
    },
    {
        "model": "actividades.proyectoactividad",
        "pk": 4,
        "fields": {
            "proyecto": 106,
            "grupo": 1
        }
    },
    {
        "model": "actividades.progreso",
        "pk": 1,
        "fields": {
            "progreso": 1,
            "activar": true
        }
    },
    {
        "model": "actividades.progreso",
        "pk": 2,
        "fields": {
            "progreso": 2,
            "activar": true
        }
    },
    {
        "model": "actividades.progreso",
        "pk": 3,
        "fields": {
            "progreso": 3,
            "activar": true
        }
    },
    {
        "model": "actividades.progreso",
        "pk": 4,
        "fields": {
            "progreso": 4,
            "activar": true
        }
    },
    {
        "model": "actividades.detalleprogreso",
        "pk": 1,
        "fields": {
            "progreso": 1,
            "actividad_grupo": 1,
            "porcentaje": 100.0,
            "mostrar": true
        }
    },
    {
        "model": "actividades.detalleprogreso",
        "pk": 2,
        "fields": {
            "progreso": 1,
            "actividad_grupo": 2,
            "porcentaje": 100.0,
            "mostrar": true
        }
    },
    {
        "model": "actividades.detalleprogreso",
        "pk": 3,
        "fields": {
            "progreso": 1,
            "actividad_grupo": 3,
            "porcentaje": 100.0,
            "mostrar": true
        }
    },
    {
        "model": "actividades.detalleprogreso",
        "pk": 4,
        "fields": {
            "progreso": 1,
            "actividad_grupo": 4,
            "porcentaje": 100.0,
            "mostrar": true
        }
    },
    {
        "model": "actividades.detalleprogreso",
        "pk": 5,
        "fields": {
            "progreso": 1,
            "actividad_grupo": 5,
            "porcentaje": 99.0,
            "mostrar": true
        }
    },
    {
        "model": "actividades.detalleprogreso",
        "pk": 6,
        "fields": {
            "progreso": 1,
            "actividad_grupo": 6,
            "porcentaje": 100.0,
            "mostrar": true
        }
    },
    {
        "model": "actividades.detalleprogreso",
        "pk": 7,
        "fields": {
            "progreso": 1,
            "actividad_grupo": 7,
            "porcentaje": 0.0,
            "mostrar": true
        }
    },
    {
        "model": "actividades.detalleprogreso",
        "pk": 8,
        "fields": {
            "progreso": 1,
            "actividad_grupo": 8,
            "porcentaje": 0.0,
            "mostrar": true
        }
    },
    {
        "model": "actividades.detalleprogreso",
        "pk": 9,
        "fields": {
            "progreso": 1,
            "actividad_grupo": 9,
            "porcentaje": 0.0,
            "mostrar": true
        }
    },
    {
        "model": "actividades.detalleprogreso",
        "pk": 10,
        "fields": {
            "progreso": 1,
            "actividad_grupo": 10,
            "porcentaje": 0.0,
            "mostrar": true
        }
    },
    {
        "model": "actividades.detalleprogreso",
        "pk": 11,
        "fields": {
            "progreso": 1,
            "actividad_grupo": 11,
            "porcentaje": 0.0,
            "mostrar": true
        }
    },
    {
        "model": "actividades.detalleprogreso",
        "pk": 12,
        "fields": {
            "progreso": 1,
            "actividad_grupo": 12,
            "porcentaje": 0.0,
            "mostrar": true
        }
    },
    {
        "model": "actividades.detalleprogreso",
        "pk": 13,
        "fields": {
            "progreso": 1,
            "actividad_grupo": 13,
            "porcentaje": 0.0,
            "mostrar": true
        }
    },
    {
        "model": "actividades.detalleprogreso",
        "pk": 14,
        "fields": {
            "progreso": 1,
            "actividad_grupo": 14,
            "porcentaje": 0.0,
            "mostrar": true
        }
    },
    {
        "model": "actividades.detalleprogreso",
        "pk": 15,
        "fields": {
            "progreso": 2,
            "actividad_grupo": 1,
            "porcentaje": 100.0,
            "mostrar": true
        }
    },
    {
        "model": "actividades.detalleprogreso",
        "pk": 16,
        "fields": {
            "progreso": 2,
            "actividad_grupo": 2,
            "porcentaje": 100.0,
            "mostrar": true
        }
    },
    {
        "model": "actividades.detalleprogreso",
        "pk": 17,
        "fields": {
            "progreso": 2,
            "actividad_grupo": 3,
            "porcentaje": 100.0,
            "mostrar": true
        }
    },
    {
        "model": "actividades.detalleprogreso",
        "pk": 18,
        "fields": {
            "progreso": 2,
            "actividad_grupo": 4,
            "porcentaje": 100.0,
            "mostrar": true
        }
    },
    {
        "model": "actividades.detalleprogreso",
        "pk": 19,
        "fields": {
            "progreso": 2,
            "actividad_grupo": 5,
            "porcentaje": 100.0,
            "mostrar": true
        }
    },
    {
        "model": "actividades.detalleprogreso",
        "pk": 20,
        "fields": {
            "progreso": 2,
            "actividad_grupo": 6,
            "porcentaje": 100.0,
            "mostrar": true
        }
    },
    {
        "model": "actividades.detalleprogreso",
        "pk": 21,
        "fields": {
            "progreso": 2,
            "actividad_grupo": 7,
            "porcentaje": 90.0,
            "mostrar": true
        }
    },
    {
        "model": "actividades.detalleprogreso",
        "pk": 22,
        "fields": {
            "progreso": 2,
            "actividad_grupo": 8,
            "porcentaje": 0.0,
            "mostrar": true
        }
    },
    {
        "model": "actividades.detalleprogreso",
        "pk": 23,
        "fields": {
            "progreso": 2,
            "actividad_grupo": 9,
            "porcentaje": 0.0,
            "mostrar": true
        }
    },
    {
        "model": "actividades.detalleprogreso",
        "pk": 24,
        "fields": {
            "progreso": 2,
            "actividad_grupo": 10,
            "porcentaje": 0.0,
            "mostrar": true
        }
    },
    {
        "model": "actividades.detalleprogreso",
        "pk": 25,
        "fields": {
            "progreso": 2,
            "actividad_grupo": 11,
            "porcentaje": 0.0,
            "mostrar": true
        }
    },
    {
        "model": "actividades.detalleprogreso",
        "pk": 26,
        "fields": {
            "progreso": 2,
            "actividad_grupo": 12,
            "porcentaje": 0.0,
            "mostrar": true
        }
    },
    {
        "model": "actividades.detalleprogreso",
        "pk": 27,
        "fields": {
            "progreso": 2,
            "actividad_grupo": 13,
            "porcentaje": 0.0,
            "mostrar": true
        }
    },
    {
        "model": "actividades.detalleprogreso",
        "pk": 28,
        "fields": {
            "progreso": 2,
            "actividad_grupo": 14,
            "porcentaje": 20.0,
            "mostrar": true
        }
    },
    {
        "model": "actividades.detalleprogreso",
        "pk": 29,
        "fields": {
            "progreso": 3,
            "actividad_grupo": 1,
            "porcentaje": 100.0,
            "mostrar": true
        }
    },
    {
        "model": "actividades.detalleprogreso",
        "pk": 30,
        "fields": {
            "progreso": 3,
            "actividad_grupo": 2,
            "porcentaje": 100.0,
            "mostrar": true
        }
    },
    {
        "model": "actividades.detalleprogreso",
        "pk": 31,
        "fields": {
            "progreso": 3,
            "actividad_grupo": 3,
            "porcentaje": 100.0,
            "mostrar": true
        }
    },
    {
        "model": "actividades.detalleprogreso",
        "pk": 32,
        "fields": {
            "progreso": 3,
            "actividad_grupo": 4,
            "porcentaje": 100.0,
            "mostrar": true
        }
    },
    {
        "model": "actividades.detalleprogreso",
        "pk": 33,
        "fields": {
            "progreso": 3,
            "actividad_grupo": 5,
            "porcentaje": 100.0,
            "mostrar": true
        }
    },
    {
        "model": "actividades.detalleprogreso",
        "pk": 34,
        "fields": {
            "progreso": 3,
            "actividad_grupo": 6,
            "porcentaje": 99.0,
            "mostrar": true
        }
    },
    {
        "model": "actividades.detalleprogreso",
        "pk": 35,
        "fields": {
            "progreso": 3,
            "actividad_grupo": 7,
            "porcentaje": 0.0,
            "mostrar": true
        }
    },
    {
        "model": "actividades.detalleprogreso",
        "pk": 36,
        "fields": {
            "progreso": 3,
            "actividad_grupo": 8,
            "porcentaje": 0.0,
            "mostrar": true
        }
    },
    {
        "model": "actividades.detalleprogreso",
        "pk": 37,
        "fields": {
            "progreso": 3,
            "actividad_grupo": 9,
            "porcentaje": -1.0,
            "mostrar": true
        }
    },
    {
        "model": "actividades.detalleprogreso",
        "pk": 38,
        "fields": {
            "progreso": 3,
            "actividad_grupo": 10,
            "porcentaje": 20.0,
            "mostrar": true
        }
    },
    {
        "model": "actividades.detalleprogreso",
        "pk": 39,
        "fields": {
            "progreso": 3,
            "actividad_grupo": 11,
            "porcentaje": 0.0,
            "mostrar": true
        }
    },
    {
        "model": "actividades.detalleprogreso",
        "pk": 40,
        "fields": {
            "progreso": 3,
            "actividad_grupo": 12,
            "porcentaje": 0.0,
            "mostrar": true
        }
    },
    {
        "model": "actividades.detalleprogreso",
        "pk": 41,
        "fields": {
            "progreso": 3,
            "actividad_grupo": 13,
            "porcentaje": 0.0,
            "mostrar": true
        }
    },
    {
        "model": "actividades.detalleprogreso",
        "pk": 42,
        "fields": {
            "progreso": 3,
            "actividad_grupo": 14,
            "porcentaje": 0.0,
            "mostrar": true
        }
    },
    {
        "model": "actividades.detalleprogreso",
        "pk": 43,
        "fields": {
            "progreso": 4,
            "actividad_grupo": 1,
            "porcentaje": 100.0,
            "mostrar": true
        }
    },
    {
        "model": "actividades.detalleprogreso",
        "pk": 44,
        "fields": {
            "progreso": 4,
            "actividad_grupo": 2,
            "porcentaje": 100.0,
            "mostrar": true
        }
    },
    {
        "model": "actividades.detalleprogreso",
        "pk": 45,
        "fields": {
            "progreso": 4,
            "actividad_grupo": 3,
            "porcentaje": 100.0,
            "mostrar": true
        }
    },
    {
        "model": "actividades.detalleprogreso",
        "pk": 46,
        "fields": {
            "progreso": 4,
            "actividad_grupo": 4,
            "porcentaje": 100.0,
            "mostrar": true
        }
    },
    {
        "model": "actividades.detalleprogreso",
        "pk": 47,
        "fields": {
            "progreso": 4,
            "actividad_grupo": 5,
            "porcentaje": 100.0,
            "mostrar": true
        }
    },
    {
        "model": "actividades.detalleprogreso",
        "pk": 48,
        "fields": {
            "progreso": 4,
            "actividad_grupo": 6,
            "porcentaje": 99.0,
            "mostrar": true
        }
    },
    {
        "model": "actividades.detalleprogreso",
        "pk": 49,
        "fields": {
            "progreso": 4,
            "actividad_grupo": 7,
            "porcentaje": 90.0,
            "mostrar": true
        }
    },
    {
        "model": "actividades.detalleprogreso",
        "pk": 50,
        "fields": {
            "progreso": 4,
            "actividad_grupo": 8,
            "porcentaje": 0.0,
            "mostrar": true
        }
    },
    {
        "model": "actividades.detalleprogreso",
        "pk": 51,
        "fields": {
            "progreso": 4,
            "actividad_grupo": 9,
            "porcentaje": 0.0,
            "mostrar": true
        }
    },
    {
        "model": "actividades.detalleprogreso",
        "pk": 52,
        "fields": {
            "progreso": 4,
            "actividad_grupo": 10,
            "porcentaje": 0.0,
            "mostrar": true
        }
    },
    {
        "model": "actividades.detalleprogreso",
        "pk": 53,
        "fields": {
            "progreso": 4,
            "actividad_grupo": 11,
            "porcentaje": 0.0,
            "mostrar": true
        }
    },
    {
        "model": "actividades.detalleprogreso",
        "pk": 54,
        "fields": {
            "progreso": 4,
            "actividad_grupo": 12,
            "porcentaje": -1.0,
            "mostrar": true
        }
    },
    {
        "model": "actividades.detalleprogreso",
        "pk": 55,
        "fields": {
            "progreso": 4,
            "actividad_grupo": 13,
            "porcentaje": 0.0,
            "mostrar": true
        }
    },
    {
        "model": "actividades.detalleprogreso",
        "pk": 56,
        "fields": {
            "progreso": 4,
            "actividad_grupo": 14,
            "porcentaje": 0.0,
            "mostrar": true
        }
    }
]