[
{
  "model": "admin.logentry",
  "pk": 1,
  "fields": {
    "action_time": "2024-10-10T00:05:06.189Z",
    "user": 1,
    "content_type": 8,
    "object_id": "71",
    "object_repr": "CL-LI-1196",
    "action_flag": 1,
    "change_message": "new through import_export"
  }
},
{
  "model": "admin.logentry",
  "pk": 2,
  "fields": {
    "action_time": "2024-10-10T00:05:06.190Z",
    "user": 1,
    "content_type": 8,
    "object_id": "72",
    "object_repr": "CL-RM-2174",
    "action_flag": 1,
    "change_message": "new through import_export"
  }
},
{
  "model": "admin.logentry",
  "pk": 3,
  "fields": {
    "action_time": "2024-10-10T00:05:06.190Z",
    "user": 1,
    "content_type": 8,
    "object_id": "73",
    "object_repr": "CL-RM-2183",
    "action_flag": 1,
    "change_message": "new through import_export"
  }
},
{
  "model": "admin.logentry",
  "pk": 4,
  "fields": {
    "action_time": "2024-10-10T00:05:06.190Z",
    "user": 1,
    "content_type": 8,
    "object_id": "74",
    "object_repr": "CL-VS-1398",
    "action_flag": 1,
    "change_message": "new through import_export"
  }
},
{
  "model": "admin.logentry",
  "pk": 5,
  "fields": {
    "action_time": "2024-10-10T00:05:06.190Z",
    "user": 1,
    "content_type": 8,
    "object_id": "75",
    "object_repr": "CL-VS-1399",
    "action_flag": 1,
    "change_message": "new through import_export"
  }
},
{
  "model": "admin.logentry",
  "pk": 6,
  "fields": {
    "action_time": "2024-10-10T00:05:06.190Z",
    "user": 1,
    "content_type": 8,
    "object_id": "76",
    "object_repr": "CL-RM-2177",
    "action_flag": 1,
    "change_message": "new through import_export"
  }
},
{
  "model": "admin.logentry",
  "pk": 7,
  "fields": {
    "action_time": "2024-10-10T00:05:06.191Z",
    "user": 1,
    "content_type": 8,
    "object_id": "77",
    "object_repr": "CL-LI-1198",
    "action_flag": 1,
    "change_message": "new through import_export"
  }
},
{
  "model": "admin.logentry",
  "pk": 8,
  "fields": {
    "action_time": "2024-10-10T00:05:06.191Z",
    "user": 1,
    "content_type": 8,
    "object_id": "78",
    "object_repr": "CL-RM-2190",
    "action_flag": 1,
    "change_message": "new through import_export"
  }
},
{
  "model": "admin.logentry",
  "pk": 9,
  "fields": {
    "action_time": "2024-10-10T00:05:06.191Z",
    "user": 1,
    "content_type": 8,
    "object_id": "79",
    "object_repr": "CL-LI-1195",
    "action_flag": 1,
    "change_message": "new through import_export"
  }
},
{
  "model": "admin.logentry",
  "pk": 10,
  "fields": {
    "action_time": "2024-10-10T00:05:06.191Z",
    "user": 1,
    "content_type": 8,
    "object_id": "80",
    "object_repr": "CL-LI-1185",
    "action_flag": 1,
    "change_message": "new through import_export"
  }
},
{
  "model": "admin.logentry",
  "pk": 11,
  "fields": {
    "action_time": "2024-10-10T00:05:06.191Z",
    "user": 1,
    "content_type": 8,
    "object_id": "81",
    "object_repr": "CL-RM-2188",
    "action_flag": 1,
    "change_message": "new through import_export"
  }
},
{
  "model": "admin.logentry",
  "pk": 12,
  "fields": {
    "action_time": "2024-10-10T00:05:06.191Z",
    "user": 1,
    "content_type": 8,
    "object_id": "82",
    "object_repr": "CL-RM-2182",
    "action_flag": 1,
    "change_message": "new through import_export"
  }
},
{
  "model": "admin.logentry",
  "pk": 13,
  "fields": {
    "action_time": "2024-10-10T00:05:06.191Z",
    "user": 1,
    "content_type": 8,
    "object_id": "83",
    "object_repr": "CL-LL-1199",
    "action_flag": 1,
    "change_message": "new through import_export"
  }
},
{
  "model": "admin.logentry",
  "pk": 14,
  "fields": {
    "action_time": "2024-10-10T00:05:06.191Z",
    "user": 1,
    "content_type": 8,
    "object_id": "84",
    "object_repr": "CL-VS-1400",
    "action_flag": 1,
    "change_message": "new through import_export"
  }
},
{
  "model": "admin.logentry",
  "pk": 15,
  "fields": {
    "action_time": "2024-10-10T00:05:06.191Z",
    "user": 1,
    "content_type": 8,
    "object_id": "85",
    "object_repr": "CL-LI-1183",
    "action_flag": 1,
    "change_message": "new through import_export"
  }
},
{
  "model": "admin.logentry",
  "pk": 16,
  "fields": {
    "action_time": "2024-10-10T00:05:06.191Z",
    "user": 1,
    "content_type": 8,
    "object_id": "86",
    "object_repr": "CL-LI-1184",
    "action_flag": 1,
    "change_message": "new through import_export"
  }
},
{
  "model": "admin.logentry",
  "pk": 17,
  "fields": {
    "action_time": "2024-10-10T00:05:06.191Z",
    "user": 1,
    "content_type": 8,
    "object_id": "87",
    "object_repr": "CL-RM-2178",
    "action_flag": 1,
    "change_message": "new through import_export"
  }
},
{
  "model": "admin.logentry",
  "pk": 18,
  "fields": {
    "action_time": "2024-10-10T00:05:06.191Z",
    "user": 1,
    "content_type": 8,
    "object_id": "88",
    "object_repr": "CL-LI-1189",
    "action_flag": 1,
    "change_message": "new through import_export"
  }
},
{
  "model": "admin.logentry",
  "pk": 19,
  "fields": {
    "action_time": "2024-10-10T00:05:06.191Z",
    "user": 1,
    "content_type": 8,
    "object_id": "89",
    "object_repr": "CL-LI-1190",
    "action_flag": 1,
    "change_message": "new through import_export"
  }
},
{
  "model": "admin.logentry",
  "pk": 20,
  "fields": {
    "action_time": "2024-10-10T00:05:06.191Z",
    "user": 1,
    "content_type": 8,
    "object_id": "90",
    "object_repr": "CL-CO-1256",
    "action_flag": 1,
    "change_message": "new through import_export"
  }
},
{
  "model": "admin.logentry",
  "pk": 21,
  "fields": {
    "action_time": "2024-10-10T00:05:06.191Z",
    "user": 1,
    "content_type": 8,
    "object_id": "91",
    "object_repr": "CL-LI-1191",
    "action_flag": 1,
    "change_message": "new through import_export"
  }
},
{
  "model": "admin.logentry",
  "pk": 22,
  "fields": {
    "action_time": "2024-10-10T00:05:06.191Z",
    "user": 1,
    "content_type": 8,
    "object_id": "92",
    "object_repr": "CL-LI-1192",
    "action_flag": 1,
    "change_message": "new through import_export"
  }
},
{
  "model": "admin.logentry",
  "pk": 23,
  "fields": {
    "action_time": "2024-10-10T00:05:06.191Z",
    "user": 1,
    "content_type": 8,
    "object_id": "93",
    "object_repr": "CL-LI-1182",
    "action_flag": 1,
    "change_message": "new through import_export"
  }
},
{
  "model": "admin.logentry",
  "pk": 24,
  "fields": {
    "action_time": "2024-10-10T00:05:06.191Z",
    "user": 1,
    "content_type": 8,
    "object_id": "94",
    "object_repr": "CL-RM-2175",
    "action_flag": 1,
    "change_message": "new through import_export"
  }
},
{
  "model": "admin.logentry",
  "pk": 25,
  "fields": {
    "action_time": "2024-10-10T00:05:06.191Z",
    "user": 1,
    "content_type": 8,
    "object_id": "95",
    "object_repr": "CL-RM-2179",
    "action_flag": 1,
    "change_message": "new through import_export"
  }
},
{
  "model": "admin.logentry",
  "pk": 26,
  "fields": {
    "action_time": "2024-10-10T00:05:06.191Z",
    "user": 1,
    "content_type": 8,
    "object_id": "96",
    "object_repr": "CL-LI-1188",
    "action_flag": 1,
    "change_message": "new through import_export"
  }
},
{
  "model": "admin.logentry",
  "pk": 27,
  "fields": {
    "action_time": "2024-10-10T00:05:06.191Z",
    "user": 1,
    "content_type": 8,
    "object_id": "97",
    "object_repr": "CL-LI-1194",
    "action_flag": 1,
    "change_message": "new through import_export"
  }
},
{
  "model": "admin.logentry",
  "pk": 28,
  "fields": {
    "action_time": "2024-10-10T00:05:06.191Z",
    "user": 1,
    "content_type": 8,
    "object_id": "98",
    "object_repr": "CL-VS-1407",
    "action_flag": 1,
    "change_message": "new through import_export"
  }
},
{
  "model": "admin.logentry",
  "pk": 29,
  "fields": {
    "action_time": "2024-10-10T00:05:06.191Z",
    "user": 1,
    "content_type": 8,
    "object_id": "99",
    "object_repr": "CL-RM-2186",
    "action_flag": 1,
    "change_message": "new through import_export"
  }
},
{
  "model": "admin.logentry",
  "pk": 30,
  "fields": {
    "action_time": "2024-10-10T00:05:06.191Z",
    "user": 1,
    "content_type": 8,
    "object_id": "100",
    "object_repr": "CL-RM-2187",
    "action_flag": 1,
    "change_message": "new through import_export"
  }
},
{
  "model": "admin.logentry",
  "pk": 31,
  "fields": {
    "action_time": "2024-10-10T00:05:06.191Z",
    "user": 1,
    "content_type": 8,
    "object_id": "101",
    "object_repr": "CL-LI-1193",
    "action_flag": 1,
    "change_message": "new through import_export"
  }
},
{
  "model": "admin.logentry",
  "pk": 32,
  "fields": {
    "action_time": "2024-10-10T00:05:06.191Z",
    "user": 1,
    "content_type": 8,
    "object_id": "102",
    "object_repr": "CL-VS-1404",
    "action_flag": 1,
    "change_message": "new through import_export"
  }
},
{
  "model": "admin.logentry",
  "pk": 33,
  "fields": {
    "action_time": "2024-10-10T00:05:06.191Z",
    "user": 1,
    "content_type": 8,
    "object_id": "103",
    "object_repr": "CL-RM-2176",
    "action_flag": 1,
    "change_message": "new through import_export"
  }
},
{
  "model": "admin.logentry",
  "pk": 34,
  "fields": {
    "action_time": "2024-10-10T00:05:06.191Z",
    "user": 1,
    "content_type": 8,
    "object_id": "104",
    "object_repr": "CL-RM-2173",
    "action_flag": 1,
    "change_message": "new through import_export"
  }
},
{
  "model": "admin.logentry",
  "pk": 35,
  "fields": {
    "action_time": "2024-10-10T00:05:06.191Z",
    "user": 1,
    "content_type": 8,
    "object_id": "105",
    "object_repr": "CL-VS-1403",
    "action_flag": 1,
    "change_message": "new through import_export"
  }
},
{
  "model": "admin.logentry",
  "pk": 36,
  "fields": {
    "action_time": "2024-10-10T00:05:06.191Z",
    "user": 1,
    "content_type": 8,
    "object_id": "106",
    "object_repr": "CL-LI-1203",
    "action_flag": 1,
    "change_message": "new through import_export"
  }
},
{
  "model": "admin.logentry",
  "pk": 37,
  "fields": {
    "action_time": "2024-10-10T00:05:06.191Z",
    "user": 1,
    "content_type": 8,
    "object_id": "107",
    "object_repr": "CL-RM-2114",
    "action_flag": 1,
    "change_message": "new through import_export"
  }
},
{
  "model": "admin.logentry",
  "pk": 38,
  "fields": {
    "action_time": "2024-10-10T00:05:06.191Z",
    "user": 1,
    "content_type": 8,
    "object_id": "108",
    "object_repr": "CL-VS-1415",
    "action_flag": 1,
    "change_message": "new through import_export"
  }
},
{
  "model": "admin.logentry",
  "pk": 39,
  "fields": {
    "action_time": "2024-10-10T00:15:39.378Z",
    "user": 1,
    "content_type": 4,
    "object_id": "2",
    "object_repr": "jordonez",
    "action_flag": 1,
    "change_message": "[{\"added\": {}}]"
  }
},
{
  "model": "admin.logentry",
  "pk": 40,
  "fields": {
    "action_time": "2024-10-10T00:16:03.567Z",
    "user": 1,
    "content_type": 4,
    "object_id": "2",
    "object_repr": "jordonez",
    "action_flag": 2,
    "change_message": "[{\"changed\": {\"fields\": [\"First name\", \"Last name\", \"Staff status\", \"Superuser status\"]}}]"
  }
},
{
  "model": "admin.logentry",
  "pk": 41,
  "fields": {
    "action_time": "2024-10-10T00:49:37.370Z",
    "user": 1,
    "content_type": 7,
    "object_id": "1",
    "object_repr": "MER",
    "action_flag": 1,
    "change_message": "[{\"added\": {}}]"
  }
},
{
  "model": "admin.logentry",
  "pk": 42,
  "fields": {
    "action_time": "2024-10-10T00:49:46.762Z",
    "user": 1,
    "content_type": 7,
    "object_id": "2",
    "object_repr": "AJ",
    "action_flag": 1,
    "change_message": "[{\"added\": {}}]"
  }
},
{
  "model": "admin.logentry",
  "pk": 43,
  "fields": {
    "action_time": "2024-10-10T00:50:14.473Z",
    "user": 1,
    "content_type": 7,
    "object_id": "3",
    "object_repr": "GH3",
    "action_flag": 1,
    "change_message": "[{\"added\": {}}]"
  }
},
{
  "model": "admin.logentry",
  "pk": 44,
  "fields": {
    "action_time": "2024-10-10T00:52:05.068Z",
    "user": 2,
    "content_type": 9,
    "object_id": "1",
    "object_repr": "Matias Fernandez",
    "action_flag": 1,
    "change_message": "[{\"added\": {}}]"
  }
},
{
  "model": "admin.logentry",
  "pk": 45,
  "fields": {
    "action_time": "2024-10-10T00:54:07.007Z",
    "user": 2,
    "content_type": 8,
    "object_id": "108",
    "object_repr": "CL-VS-1415",
    "action_flag": 2,
    "change_message": "[{\"changed\": {\"fields\": [\"Ito\", \"Contratista\"]}}]"
  }
},
{
  "model": "admin.logentry",
  "pk": 46,
  "fields": {
    "action_time": "2024-10-10T00:54:07.013Z",
    "user": 2,
    "content_type": 8,
    "object_id": "107",
    "object_repr": "CL-RM-2114",
    "action_flag": 2,
    "change_message": "[{\"changed\": {\"fields\": [\"Contratista\"]}}]"
  }
},
{
  "model": "admin.logentry",
  "pk": 47,
  "fields": {
    "action_time": "2024-10-10T00:54:07.017Z",
    "user": 2,
    "content_type": 8,
    "object_id": "106",
    "object_repr": "CL-LI-1203",
    "action_flag": 2,
    "change_message": "[{\"changed\": {\"fields\": [\"Contratista\"]}}]"
  }
},
{
  "model": "admin.logentry",
  "pk": 48,
  "fields": {
    "action_time": "2024-10-10T00:54:07.020Z",
    "user": 2,
    "content_type": 8,
    "object_id": "105",
    "object_repr": "CL-VS-1403",
    "action_flag": 2,
    "change_message": "[{\"changed\": {\"fields\": [\"Contratista\"]}}]"
  }
},
{
  "model": "admin.logentry",
  "pk": 49,
  "fields": {
    "action_time": "2024-10-10T00:58:55.132Z",
    "user": 2,
    "content_type": 10,
    "object_id": "1",
    "object_repr": "CL-VS-1415",
    "action_flag": 1,
    "change_message": "[{\"added\": {}}]"
  }
},
{
  "model": "admin.logentry",
  "pk": 50,
  "fields": {
    "action_time": "2024-10-10T00:59:30.031Z",
    "user": 2,
    "content_type": 10,
    "object_id": "2",
    "object_repr": "CL-RM-2114",
    "action_flag": 1,
    "change_message": "[{\"added\": {}}]"
  }
},
{
  "model": "admin.logentry",
  "pk": 51,
  "fields": {
    "action_time": "2024-10-10T01:00:07.135Z",
    "user": 2,
    "content_type": 10,
    "object_id": "3",
    "object_repr": "CL-LI-1203",
    "action_flag": 1,
    "change_message": "[{\"added\": {}}]"
  }
},
{
  "model": "admin.logentry",
  "pk": 52,
  "fields": {
    "action_time": "2024-10-10T01:00:46.508Z",
    "user": 2,
    "content_type": 10,
    "object_id": "4",
    "object_repr": "CL-VS-1403",
    "action_flag": 1,
    "change_message": "[{\"added\": {}}]"
  }
},
{
  "model": "admin.logentry",
  "pk": 53,
  "fields": {
    "action_time": "2024-10-10T01:02:44.756Z",
    "user": 1,
    "content_type": 9,
    "object_id": "1",
    "object_repr": "Matias Fernandez",
    "action_flag": 3,
    "change_message": ""
  }
},
{
  "model": "admin.logentry",
  "pk": 54,
  "fields": {
    "action_time": "2024-10-10T01:21:50.944Z",
    "user": 1,
    "content_type": 10,
    "object_id": "4",
    "object_repr": "CL-VS-1403",
    "action_flag": 2,
    "change_message": "[{\"changed\": {\"fields\": [\"Estado\"]}}]"
  }
},
{
  "model": "admin.logentry",
  "pk": 55,
  "fields": {
    "action_time": "2024-10-10T01:21:50.953Z",
    "user": 1,
    "content_type": 10,
    "object_id": "2",
    "object_repr": "CL-RM-2114",
    "action_flag": 2,
    "change_message": "[{\"changed\": {\"fields\": [\"Estado\"]}}]"
  }
},
{
  "model": "admin.logentry",
  "pk": 56,
  "fields": {
    "action_time": "2024-10-10T01:27:03.345Z",
    "user": 1,
    "content_type": 10,
    "object_id": "4",
    "object_repr": "CL-VS-1403",
    "action_flag": 2,
    "change_message": "[{\"changed\": {\"fields\": [\"Estado\"]}}]"
  }
},
{
  "model": "admin.logentry",
  "pk": 57,
  "fields": {
    "action_time": "2024-10-10T01:27:03.352Z",
    "user": 1,
    "content_type": 10,
    "object_id": "2",
    "object_repr": "CL-RM-2114",
    "action_flag": 2,
    "change_message": "[{\"changed\": {\"fields\": [\"Estado\"]}}]"
  }
},
{
  "model": "admin.logentry",
  "pk": 58,
  "fields": {
    "action_time": "2024-10-10T13:44:33.933Z",
    "user": 2,
    "content_type": 8,
    "object_id": "109",
    "object_repr": "CL-VS-1415",
    "action_flag": 1,
    "change_message": "[{\"added\": {}}]"
  }
},
{
  "model": "admin.logentry",
  "pk": 59,
  "fields": {
    "action_time": "2024-10-10T13:54:53.540Z",
    "user": 2,
    "content_type": 10,
    "object_id": "2",
    "object_repr": "CL-RM-2114",
    "action_flag": 2,
    "change_message": "[{\"changed\": {\"fields\": [\"Porcentaje\"]}}]"
  }
},
{
  "model": "admin.logentry",
  "pk": 60,
  "fields": {
    "action_time": "2024-10-10T13:55:33.197Z",
    "user": 2,
    "content_type": 10,
    "object_id": "5",
    "object_repr": "CL-VS-1415",
    "action_flag": 1,
    "change_message": "[{\"added\": {}}]"
  }
},
{
  "model": "admin.logentry",
  "pk": 61,
  "fields": {
    "action_time": "2024-10-10T14:21:02.138Z",
    "user": 2,
    "content_type": 12,
    "object_id": "14",
    "object_repr": "CL-LI-1203 - 2024-10-04",
    "action_flag": 2,
    "change_message": "[{\"changed\": {\"fields\": [\"Fecha carga\"]}}]"
  }
},
{
  "model": "admin.logentry",
  "pk": 62,
  "fields": {
    "action_time": "2024-10-10T14:21:02.145Z",
    "user": 2,
    "content_type": 12,
    "object_id": "13",
    "object_repr": "CL-LI-1203 - 2024-10-04",
    "action_flag": 2,
    "change_message": "[{\"changed\": {\"fields\": [\"Fecha carga\"]}}]"
  }
},
{
  "model": "admin.logentry",
  "pk": 63,
  "fields": {
    "action_time": "2024-10-10T14:21:02.150Z",
    "user": 2,
    "content_type": 12,
    "object_id": "12",
    "object_repr": "CL-LI-1203 - 2024-10-04",
    "action_flag": 2,
    "change_message": "[{\"changed\": {\"fields\": [\"Fecha carga\"]}}]"
  }
},
{
  "model": "admin.logentry",
  "pk": 64,
  "fields": {
    "action_time": "2024-10-10T14:21:02.167Z",
    "user": 2,
    "content_type": 12,
    "object_id": "11",
    "object_repr": "CL-LI-1203 - 2024-10-04",
    "action_flag": 2,
    "change_message": "[{\"changed\": {\"fields\": [\"Fecha carga\"]}}]"
  }
},
{
  "model": "admin.logentry",
  "pk": 65,
  "fields": {
    "action_time": "2024-10-10T14:22:11.492Z",
    "user": 2,
    "content_type": 12,
    "object_id": "6",
    "object_repr": "CL-VS-1403 - 2024-10-02",
    "action_flag": 2,
    "change_message": "[{\"changed\": {\"fields\": [\"Fecha carga\"]}}]"
  }
},
{
  "model": "admin.logentry",
  "pk": 66,
  "fields": {
    "action_time": "2024-10-10T14:22:11.498Z",
    "user": 2,
    "content_type": 12,
    "object_id": "5",
    "object_repr": "CL-VS-1403 - 2024-10-02",
    "action_flag": 2,
    "change_message": "[{\"changed\": {\"fields\": [\"Fecha carga\"]}}]"
  }
},
{
  "model": "admin.logentry",
  "pk": 67,
  "fields": {
    "action_time": "2024-10-10T14:22:11.502Z",
    "user": 2,
    "content_type": 12,
    "object_id": "4",
    "object_repr": "CL-VS-1403 - 2024-10-02",
    "action_flag": 2,
    "change_message": "[{\"changed\": {\"fields\": [\"Fecha carga\"]}}]"
  }
},
{
  "model": "admin.logentry",
  "pk": 68,
  "fields": {
    "action_time": "2024-10-10T14:23:24.392Z",
    "user": 2,
    "content_type": 11,
    "object_id": "2",
    "object_repr": "CL-VS-1403 - Se inicia con la excavación de la fundación",
    "action_flag": 2,
    "change_message": "[{\"changed\": {\"fields\": [\"Fecha carga\"]}}]"
  }
},
{
  "model": "admin.logentry",
  "pk": 69,
  "fields": {
    "action_time": "2024-10-10T14:28:42.724Z",
    "user": 2,
    "content_type": 12,
    "object_id": "67",
    "object_repr": "CL-VS-1415 - 2024-10-10",
    "action_flag": 3,
    "change_message": ""
  }
},
{
  "model": "admin.logentry",
  "pk": 70,
  "fields": {
    "action_time": "2024-10-10T14:28:42.724Z",
    "user": 2,
    "content_type": 12,
    "object_id": "66",
    "object_repr": "CL-VS-1415 - 2024-10-10",
    "action_flag": 3,
    "change_message": ""
  }
},
{
  "model": "admin.logentry",
  "pk": 71,
  "fields": {
    "action_time": "2024-10-10T14:28:42.724Z",
    "user": 2,
    "content_type": 12,
    "object_id": "65",
    "object_repr": "CL-VS-1415 - 2024-10-10",
    "action_flag": 3,
    "change_message": ""
  }
},
{
  "model": "admin.logentry",
  "pk": 72,
  "fields": {
    "action_time": "2024-10-10T14:29:22.172Z",
    "user": 2,
    "content_type": 12,
    "object_id": "64",
    "object_repr": "CL-VS-1415 - 2024-10-05",
    "action_flag": 2,
    "change_message": "[{\"changed\": {\"fields\": [\"Fecha carga\"]}}]"
  }
},
{
  "model": "admin.logentry",
  "pk": 73,
  "fields": {
    "action_time": "2024-10-10T14:29:22.176Z",
    "user": 2,
    "content_type": 12,
    "object_id": "63",
    "object_repr": "CL-VS-1415 - 2024-10-05",
    "action_flag": 2,
    "change_message": "[{\"changed\": {\"fields\": [\"Fecha carga\"]}}]"
  }
},
{
  "model": "admin.logentry",
  "pk": 74,
  "fields": {
    "action_time": "2024-10-10T14:29:22.180Z",
    "user": 2,
    "content_type": 12,
    "object_id": "62",
    "object_repr": "CL-VS-1415 - 2024-10-05",
    "action_flag": 2,
    "change_message": "[{\"changed\": {\"fields\": [\"Fecha carga\"]}}]"
  }
},
{
  "model": "admin.logentry",
  "pk": 75,
  "fields": {
    "action_time": "2024-10-10T14:29:53.568Z",
    "user": 2,
    "content_type": 11,
    "object_id": "18",
    "object_repr": "CL-VS-1415 - Se realiza como trabajo adicional la construccion de  cerco y portón en el ...",
    "action_flag": 2,
    "change_message": "[{\"changed\": {\"fields\": [\"Fecha carga\"]}}]"
  }
},
{
  "model": "admin.logentry",
  "pk": 76,
  "fields": {
    "action_time": "2024-10-10T14:30:42.015Z",
    "user": 2,
    "content_type": 11,
    "object_id": "17",
    "object_repr": "CL-VS-1415 - Se realiza como trabajo adicional la construccion de  cerco y portón en el ...",
    "action_flag": 3,
    "change_message": ""
  }
},
{
  "model": "admin.logentry",
  "pk": 77,
  "fields": {
    "action_time": "2024-10-10T14:36:42.808Z",
    "user": 2,
    "content_type": 11,
    "object_id": "4",
    "object_repr": "CL-LI-1203 - Se realiza la inspección y liberación de la enferradura de la fundación",
    "action_flag": 2,
    "change_message": "[{\"changed\": {\"fields\": [\"Fecha carga\"]}}]"
  }
},
{
  "model": "admin.logentry",
  "pk": 78,
  "fields": {
    "action_time": "2024-10-11T23:21:41.716Z",
    "user": 1,
    "content_type": 13,
    "object_id": "1",
    "object_repr": "Instalación de Faenas",
    "action_flag": 1,
    "change_message": "[{\"added\": {}}]"
  }
},
{
  "model": "admin.logentry",
  "pk": 79,
  "fields": {
    "action_time": "2024-10-11T23:21:52.835Z",
    "user": 1,
    "content_type": 13,
    "object_id": "2",
    "object_repr": "Replanteo y Trazado",
    "action_flag": 1,
    "change_message": "[{\"added\": {}}]"
  }
},
{
  "model": "admin.logentry",
  "pk": 80,
  "fields": {
    "action_time": "2024-10-11T23:22:08.105Z",
    "user": 1,
    "content_type": 13,
    "object_id": "3",
    "object_repr": "Excavación para la fundaicón",
    "action_flag": 1,
    "change_message": "[{\"added\": {}}]"
  }
},
{
  "model": "admin.logentry",
  "pk": 81,
  "fields": {
    "action_time": "2024-10-11T23:22:22.037Z",
    "user": 1,
    "content_type": 13,
    "object_id": "4",
    "object_repr": "Enferradura de la fundación",
    "action_flag": 1,
    "change_message": "[{\"added\": {}}]"
  }
},
{
  "model": "admin.logentry",
  "pk": 82,
  "fields": {
    "action_time": "2024-10-11T23:22:35.621Z",
    "user": 1,
    "content_type": 13,
    "object_id": "5",
    "object_repr": "Hormigonado de la fundación",
    "action_flag": 1,
    "change_message": "[{\"added\": {}}]"
  }
},
{
  "model": "admin.logentry",
  "pk": 83,
  "fields": {
    "action_time": "2024-10-11T23:22:43.998Z",
    "user": 1,
    "content_type": 13,
    "object_id": "6",
    "object_repr": "Relleno y Compactado",
    "action_flag": 1,
    "change_message": "[{\"added\": {}}]"
  }
},
{
  "model": "admin.logentry",
  "pk": 84,
  "fields": {
    "action_time": "2024-10-11T23:22:57.474Z",
    "user": 1,
    "content_type": 13,
    "object_id": "7",
    "object_repr": "Montaje de la torre",
    "action_flag": 1,
    "change_message": "[{\"added\": {}}]"
  }
},
{
  "model": "admin.logentry",
  "pk": 85,
  "fields": {
    "action_time": "2024-10-11T23:23:08.015Z",
    "user": 1,
    "content_type": 13,
    "object_id": "8",
    "object_repr": "Losa radier de equipos",
    "action_flag": 1,
    "change_message": "[{\"added\": {}}]"
  }
},
{
  "model": "admin.logentry",
  "pk": 86,
  "fields": {
    "action_time": "2024-10-11T23:23:18.760Z",
    "user": 1,
    "content_type": 13,
    "object_id": "9",
    "object_repr": "Cierre perimetral",
    "action_flag": 1,
    "change_message": "[{\"added\": {}}]"
  }
},
{
  "model": "admin.logentry",
  "pk": 87,
  "fields": {
    "action_time": "2024-10-11T23:23:27.469Z",
    "user": 1,
    "content_type": 13,
    "object_id": "10",
    "object_repr": "Sistema puesta a tierra",
    "action_flag": 1,
    "change_message": "[{\"added\": {}}]"
  }
},
{
  "model": "admin.logentry",
  "pk": 88,
  "fields": {
    "action_time": "2024-10-11T23:23:41.533Z",
    "user": 1,
    "content_type": 13,
    "object_id": "11",
    "object_repr": "Linea eléctrica provisoria",
    "action_flag": 1,
    "change_message": "[{\"added\": {}}]"
  }
},
{
  "model": "admin.logentry",
  "pk": 89,
  "fields": {
    "action_time": "2024-10-11T23:23:54.836Z",
    "user": 1,
    "content_type": 13,
    "object_id": "12",
    "object_repr": "Linea eléctrica definitiva",
    "action_flag": 1,
    "change_message": "[{\"added\": {}}]"
  }
},
{
  "model": "admin.logentry",
  "pk": 90,
  "fields": {
    "action_time": "2024-10-11T23:24:09.991Z",
    "user": 1,
    "content_type": 13,
    "object_id": "13",
    "object_repr": "Trabajos finales / adicionales",
    "action_flag": 1,
    "change_message": "[{\"added\": {}}]"
  }
},
{
  "model": "admin.logentry",
  "pk": 91,
  "fields": {
    "action_time": "2024-10-11T23:26:44.284Z",
    "user": 1,
    "content_type": 13,
    "object_id": "14",
    "object_repr": "Sistema eléxtrico",
    "action_flag": 1,
    "change_message": "[{\"added\": {}}]"
  }
},
{
  "model": "admin.logentry",
  "pk": 92,
  "fields": {
    "action_time": "2024-10-11T23:27:22.623Z",
    "user": 1,
    "content_type": 14,
    "object_id": "1",
    "object_repr": "PTI Base Torres",
    "action_flag": 1,
    "change_message": "[{\"added\": {}}, {\"added\": {\"name\": \"actividad grupo\", \"object\": \"Instalaci\\u00f3n de Faenas\"}}, {\"added\": {\"name\": \"actividad grupo\", \"object\": \"Replanteo y Trazado\"}}, {\"added\": {\"name\": \"actividad grupo\", \"object\": \"Excavaci\\u00f3n para la fundaic\\u00f3n\"}}, {\"added\": {\"name\": \"actividad grupo\", \"object\": \"Enferradura de la fundaci\\u00f3n\"}}, {\"added\": {\"name\": \"actividad grupo\", \"object\": \"Hormigonado de la fundaci\\u00f3n\"}}, {\"added\": {\"name\": \"actividad grupo\", \"object\": \"Relleno y Compactado\"}}, {\"added\": {\"name\": \"actividad grupo\", \"object\": \"Montaje de la torre\"}}, {\"added\": {\"name\": \"actividad grupo\", \"object\": \"Losa radier de equipos\"}}, {\"added\": {\"name\": \"actividad grupo\", \"object\": \"Cierre perimetral\"}}, {\"added\": {\"name\": \"actividad grupo\", \"object\": \"Sistema puesta a tierra\"}}, {\"added\": {\"name\": \"actividad grupo\", \"object\": \"Sistema el\\u00e9xtrico\"}}, {\"added\": {\"name\": \"actividad grupo\", \"object\": \"Linea el\\u00e9ctrica provisoria\"}}, {\"added\": {\"name\": \"actividad grupo\", \"object\": \"Linea el\\u00e9ctrica definitiva\"}}, {\"added\": {\"name\": \"actividad grupo\", \"object\": \"Trabajos finales / adicionales\"}}]"
  }
},
{
  "model": "admin.logentry",
  "pk": 93,
  "fields": {
    "action_time": "2024-10-11T23:31:32.335Z",
    "user": 1,
    "content_type": 16,
    "object_id": "1",
    "object_repr": "CL-VS-1403 ---> PTI Base Torres",
    "action_flag": 1,
    "change_message": "[{\"added\": {}}]"
  }
},
{
  "model": "admin.logentry",
  "pk": 94,
  "fields": {
    "action_time": "2024-10-11T23:31:50.555Z",
    "user": 1,
    "content_type": 16,
    "object_id": "2",
    "object_repr": "CL-VS-1415 ---> PTI Base Torres",
    "action_flag": 1,
    "change_message": "[{\"added\": {}}]"
  }
},
{
  "model": "admin.logentry",
  "pk": 95,
  "fields": {
    "action_time": "2024-10-11T23:32:13.138Z",
    "user": 1,
    "content_type": 16,
    "object_id": "3",
    "object_repr": "CL-RM-2114 ---> PTI Base Torres",
    "action_flag": 1,
    "change_message": "[{\"added\": {}}]"
  }
},
{
  "model": "admin.logentry",
  "pk": 96,
  "fields": {
    "action_time": "2024-10-11T23:32:23.799Z",
    "user": 1,
    "content_type": 16,
    "object_id": "4",
    "object_repr": "CL-LI-1203 ---> PTI Base Torres",
    "action_flag": 1,
    "change_message": "[{\"added\": {}}]"
  }
},
{
  "model": "admin.logentry",
  "pk": 97,
  "fields": {
    "action_time": "2024-10-11T23:32:54.483Z",
    "user": 1,
    "content_type": 17,
    "object_id": "4",
    "object_repr": "CL-LI-1203",
    "action_flag": 2,
    "change_message": "[{\"changed\": {\"name\": \"Detalle de Progreso\", \"object\": \"Grupo PTI Base Torres             | Ponderacio\\u0301n: 2.0                 | Completado: 100.0% \", \"fields\": [\"Avance %\"]}}, {\"changed\": {\"name\": \"Detalle de Progreso\", \"object\": \"Grupo PTI Base Torres             | Ponderacio\\u0301n: 2.0                 | Completado: 100.0% \", \"fields\": [\"Avance %\"]}}, {\"changed\": {\"name\": \"Detalle de Progreso\", \"object\": \"Grupo PTI Base Torres             | Ponderacio\\u0301n: 2.0                 | Completado: 20.0% \", \"fields\": [\"Avance %\"]}}, {\"changed\": {\"name\": \"Detalle de Progreso\", \"object\": \"Grupo PTI Base Torres             | Ponderacio\\u0301n: 15.0                 | Completado: 20.0% \", \"fields\": [\"Avance %\"]}}, {\"changed\": {\"name\": \"Detalle de Progreso\", \"object\": \"Grupo PTI Base Torres             | Ponderacio\\u0301n: 15.0                 | Completado: 10.0% \", \"fields\": [\"Avance %\"]}}, {\"changed\": {\"name\": \"Detalle de Progreso\", \"object\": \"Grupo PTI Base Torres             | Ponderacio\\u0301n: 10.0                 | Completado: 10.0% \", \"fields\": [\"Avance %\"]}}, {\"changed\": {\"name\": \"Detalle de Progreso\", \"object\": \"Grupo PTI Base Torres             | Ponderacio\\u0301n: 15.0                 | Completado: 10.0% \", \"fields\": [\"Avance %\"]}}, {\"changed\": {\"name\": \"Detalle de Progreso\", \"object\": \"Grupo PTI Base Torres             | Ponderacio\\u0301n: 4.0                 | Completado: 20.0% \", \"fields\": [\"Avance %\"]}}, {\"changed\": {\"name\": \"Detalle de Progreso\", \"object\": \"Grupo PTI Base Torres             | Ponderacio\\u0301n: 5.0                 | Completado: 20.0% \", \"fields\": [\"Avance %\"]}}, {\"changed\": {\"name\": \"Detalle de Progreso\", \"object\": \"Grupo PTI Base Torres             | Ponderacio\\u0301n: 5.0                 | Completado: 20.0% \", \"fields\": [\"Avance %\"]}}, {\"changed\": {\"name\": \"Detalle de Progreso\", \"object\": \"Grupo PTI Base Torres             | Ponderacio\\u0301n: 10.0                 | Completado: 20.0% \", \"fields\": [\"Avance %\"]}}, {\"changed\": {\"name\": \"Detalle de Progreso\", \"object\": \"Grupo PTI Base Torres             | Ponderacio\\u0301n: 5.0                 | Completado: 20.0% \", \"fields\": [\"Avance %\"]}}, {\"changed\": {\"name\": \"Detalle de Progreso\", \"object\": \"Grupo PTI Base Torres             | Ponderacio\\u0301n: 5.0                 | Completado: 20.0% \", \"fields\": [\"Avance %\"]}}, {\"changed\": {\"name\": \"Detalle de Progreso\", \"object\": \"Grupo PTI Base Torres             | Ponderacio\\u0301n: 5.0                 | Completado: 20.0% \", \"fields\": [\"Avance %\"]}}]"
  }
},
{
  "model": "admin.logentry",
  "pk": 98,
  "fields": {
    "action_time": "2024-10-11T23:33:22.210Z",
    "user": 1,
    "content_type": 17,
    "object_id": "3",
    "object_repr": "CL-RM-2114",
    "action_flag": 2,
    "change_message": "[{\"changed\": {\"name\": \"Detalle de Progreso\", \"object\": \"Grupo PTI Base Torres             | Ponderacio\\u0301n: 2.0                 | Completado: 100.0% \", \"fields\": [\"Avance %\"]}}, {\"changed\": {\"name\": \"Detalle de Progreso\", \"object\": \"Grupo PTI Base Torres             | Ponderacio\\u0301n: 2.0                 | Completado: 20.0% \", \"fields\": [\"Avance %\"]}}, {\"changed\": {\"name\": \"Detalle de Progreso\", \"object\": \"Grupo PTI Base Torres             | Ponderacio\\u0301n: 2.0                 | Completado: 30.0% \", \"fields\": [\"Avance %\"]}}, {\"changed\": {\"name\": \"Detalle de Progreso\", \"object\": \"Grupo PTI Base Torres             | Ponderacio\\u0301n: 15.0                 | Completado: 40.0% \", \"fields\": [\"Avance %\"]}}, {\"changed\": {\"name\": \"Detalle de Progreso\", \"object\": \"Grupo PTI Base Torres             | Ponderacio\\u0301n: 15.0                 | Completado: 50.0% \", \"fields\": [\"Avance %\"]}}, {\"changed\": {\"name\": \"Detalle de Progreso\", \"object\": \"Grupo PTI Base Torres             | Ponderacio\\u0301n: 10.0                 | Completado: 60.0% \", \"fields\": [\"Avance %\"]}}, {\"changed\": {\"name\": \"Detalle de Progreso\", \"object\": \"Grupo PTI Base Torres             | Ponderacio\\u0301n: 15.0                 | Completado: 70.0% \", \"fields\": [\"Avance %\"]}}, {\"changed\": {\"name\": \"Detalle de Progreso\", \"object\": \"Grupo PTI Base Torres             | Ponderacio\\u0301n: 4.0                 | Completado: 20.0% \", \"fields\": [\"Avance %\"]}}, {\"changed\": {\"name\": \"Detalle de Progreso\", \"object\": \"Grupo PTI Base Torres             | Ponderacio\\u0301n: 5.0                 | Completado: 10.0% \", \"fields\": [\"Avance %\"]}}, {\"changed\": {\"name\": \"Detalle de Progreso\", \"object\": \"Grupo PTI Base Torres             | Ponderacio\\u0301n: 5.0                 | Completado: 10.0% \", \"fields\": [\"Avance %\"]}}, {\"changed\": {\"name\": \"Detalle de Progreso\", \"object\": \"Grupo PTI Base Torres             | Ponderacio\\u0301n: 10.0                 | Completado: 10.0% \", \"fields\": [\"Avance %\"]}}, {\"changed\": {\"name\": \"Detalle de Progreso\", \"object\": \"Grupo PTI Base Torres             | Ponderacio\\u0301n: 5.0                 | Completado: 10.0% \", \"fields\": [\"Avance %\"]}}, {\"changed\": {\"name\": \"Detalle de Progreso\", \"object\": \"Grupo PTI Base Torres             | Ponderacio\\u0301n: 5.0                 | Completado: 10.0% \", \"fields\": [\"Avance %\"]}}, {\"changed\": {\"name\": \"Detalle de Progreso\", \"object\": \"Grupo PTI Base Torres             | Ponderacio\\u0301n: 5.0                 | Completado: 50.0% \", \"fields\": [\"Avance %\"]}}]"
  }
},
{
  "model": "admin.logentry",
  "pk": 99,
  "fields": {
    "action_time": "2024-10-11T23:33:32.002Z",
    "user": 1,
    "content_type": 17,
    "object_id": "2",
    "object_repr": "CL-VS-1415",
    "action_flag": 2,
    "change_message": "[{\"changed\": {\"name\": \"Detalle de Progreso\", \"object\": \"Grupo PTI Base Torres             | Ponderacio\\u0301n: 2.0                 | Completado: 100.0% \", \"fields\": [\"Avance %\"]}}]"
  }
},
{
  "model": "admin.logentry",
  "pk": 100,
  "fields": {
    "action_time": "2024-10-11T23:33:40.589Z",
    "user": 1,
    "content_type": 17,
    "object_id": "1",
    "object_repr": "CL-VS-1403",
    "action_flag": 2,
    "change_message": "[{\"changed\": {\"name\": \"Detalle de Progreso\", \"object\": \"Grupo PTI Base Torres             | Ponderacio\\u0301n: 2.0                 | Completado: 10.0% \", \"fields\": [\"Avance %\"]}}, {\"changed\": {\"name\": \"Detalle de Progreso\", \"object\": \"Grupo PTI Base Torres             | Ponderacio\\u0301n: 2.0                 | Completado: 20.0% \", \"fields\": [\"Avance %\"]}}]"
  }
},
{
  "model": "admin.logentry",
  "pk": 101,
  "fields": {
    "action_time": "2024-10-11T23:34:45.498Z",
    "user": 1,
    "content_type": 17,
    "object_id": "4",
    "object_repr": "CL-LI-1203",
    "action_flag": 2,
    "change_message": "[{\"changed\": {\"fields\": [\"Activar\"]}}]"
  }
},
{
  "model": "admin.logentry",
  "pk": 102,
  "fields": {
    "action_time": "2024-10-11T23:34:53.847Z",
    "user": 1,
    "content_type": 17,
    "object_id": "3",
    "object_repr": "CL-RM-2114",
    "action_flag": 2,
    "change_message": "[{\"changed\": {\"fields\": [\"Activar\"]}}]"
  }
},
{
  "model": "admin.logentry",
  "pk": 103,
  "fields": {
    "action_time": "2024-10-11T23:35:00.610Z",
    "user": 1,
    "content_type": 17,
    "object_id": "2",
    "object_repr": "CL-VS-1415",
    "action_flag": 2,
    "change_message": "[{\"changed\": {\"fields\": [\"Activar\"]}}]"
  }
},
{
  "model": "admin.logentry",
  "pk": 104,
  "fields": {
    "action_time": "2024-10-11T23:35:08.637Z",
    "user": 1,
    "content_type": 17,
    "object_id": "1",
    "object_repr": "CL-VS-1403",
    "action_flag": 2,
    "change_message": "[{\"changed\": {\"fields\": [\"Activar\"]}}]"
  }
},
{
  "model": "admin.logentry",
  "pk": 105,
  "fields": {
    "action_time": "2024-10-12T01:21:43.023Z",
    "user": 1,
    "content_type": 17,
    "object_id": "4",
    "object_repr": "CL-LI-1203",
    "action_flag": 2,
    "change_message": "[{\"changed\": {\"fields\": [\"Activar\"]}}]"
  }
},
{
  "model": "admin.logentry",
  "pk": 106,
  "fields": {
    "action_time": "2024-10-12T01:21:43.032Z",
    "user": 1,
    "content_type": 17,
    "object_id": "3",
    "object_repr": "CL-RM-2114",
    "action_flag": 2,
    "change_message": "[{\"changed\": {\"fields\": [\"Activar\"]}}]"
  }
},
{
  "model": "admin.logentry",
  "pk": 107,
  "fields": {
    "action_time": "2024-10-12T01:21:43.043Z",
    "user": 1,
    "content_type": 17,
    "object_id": "2",
    "object_repr": "CL-VS-1415",
    "action_flag": 2,
    "change_message": "[{\"changed\": {\"fields\": [\"Activar\"]}}]"
  }
},
{
  "model": "admin.logentry",
  "pk": 108,
  "fields": {
    "action_time": "2024-10-12T01:21:43.053Z",
    "user": 1,
    "content_type": 17,
    "object_id": "1",
    "object_repr": "CL-VS-1403",
    "action_flag": 2,
    "change_message": "[{\"changed\": {\"fields\": [\"Activar\"]}}]"
  }
},
{
  "model": "admin.logentry",
  "pk": 109,
  "fields": {
    "action_time": "2024-10-12T01:26:36.560Z",
    "user": 2,
    "content_type": 10,
    "object_id": "5",
    "object_repr": "CL-VS-1415",
    "action_flag": 2,
    "change_message": "[{\"changed\": {\"fields\": [\"Porcentaje\"]}}]"
  }
},
{
  "model": "admin.logentry",
  "pk": 110,
  "fields": {
    "action_time": "2024-10-12T01:26:36.565Z",
    "user": 2,
    "content_type": 10,
    "object_id": "4",
    "object_repr": "CL-VS-1403",
    "action_flag": 2,
    "change_message": "[{\"changed\": {\"fields\": [\"Porcentaje\"]}}]"
  }
},
{
  "model": "admin.logentry",
  "pk": 111,
  "fields": {
    "action_time": "2024-10-12T01:26:36.574Z",
    "user": 2,
    "content_type": 10,
    "object_id": "3",
    "object_repr": "CL-LI-1203",
    "action_flag": 2,
    "change_message": "[{\"changed\": {\"fields\": [\"Porcentaje\"]}}]"
  }
},
{
  "model": "admin.logentry",
  "pk": 112,
  "fields": {
    "action_time": "2024-10-12T01:26:36.577Z",
    "user": 2,
    "content_type": 10,
    "object_id": "2",
    "object_repr": "CL-RM-2114",
    "action_flag": 2,
    "change_message": "[{\"changed\": {\"fields\": [\"Porcentaje\"]}}]"
  }
},
{
  "model": "admin.logentry",
  "pk": 113,
  "fields": {
    "action_time": "2024-10-12T01:35:10.930Z",
    "user": 2,
    "content_type": 17,
    "object_id": "4",
    "object_repr": "CL-LI-1203",
    "action_flag": 2,
    "change_message": "[{\"changed\": {\"name\": \"Detalle de Progreso\", \"object\": \"Grupo PTI Base Torres             | Ponderacio\\u0301n: 2.0                 | Completado: 100.0% \", \"fields\": [\"Avance %\"]}}, {\"changed\": {\"name\": \"Detalle de Progreso\", \"object\": \"Grupo PTI Base Torres             | Ponderacio\\u0301n: 15.0                 | Completado: 100.0% \", \"fields\": [\"Avance %\"]}}, {\"changed\": {\"name\": \"Detalle de Progreso\", \"object\": \"Grupo PTI Base Torres             | Ponderacio\\u0301n: 15.0                 | Completado: 100.0% \", \"fields\": [\"Avance %\"]}}, {\"changed\": {\"name\": \"Detalle de Progreso\", \"object\": \"Grupo PTI Base Torres             | Ponderacio\\u0301n: 10.0                 | Completado: 99.0% \", \"fields\": [\"Avance %\"]}}, {\"changed\": {\"name\": \"Detalle de Progreso\", \"object\": \"Grupo PTI Base Torres             | Ponderacio\\u0301n: 15.0                 | Completado: 90.0% \", \"fields\": [\"Avance %\"]}}, {\"changed\": {\"name\": \"Detalle de Progreso\", \"object\": \"Grupo PTI Base Torres             | Ponderacio\\u0301n: 4.0                 | Completado: 0.0% \", \"fields\": [\"Avance %\"]}}, {\"changed\": {\"name\": \"Detalle de Progreso\", \"object\": \"Grupo PTI Base Torres             | Ponderacio\\u0301n: 5.0                 | Completado: 0.0% \", \"fields\": [\"Avance %\"]}}, {\"changed\": {\"name\": \"Detalle de Progreso\", \"object\": \"Grupo PTI Base Torres             | Ponderacio\\u0301n: 5.0                 | Completado: 0.0% \", \"fields\": [\"Avance %\"]}}, {\"changed\": {\"name\": \"Detalle de Progreso\", \"object\": \"Grupo PTI Base Torres             | Ponderacio\\u0301n: 10.0                 | Completado: 0.0% \", \"fields\": [\"Avance %\"]}}, {\"changed\": {\"name\": \"Detalle de Progreso\", \"object\": \"Grupo PTI Base Torres             | Ponderacio\\u0301n: 5.0                 | Completado: -1.0% \", \"fields\": [\"Avance %\"]}}, {\"changed\": {\"name\": \"Detalle de Progreso\", \"object\": \"Grupo PTI Base Torres             | Ponderacio\\u0301n: 5.0                 | Completado: 0.0% \", \"fields\": [\"Avance %\"]}}, {\"changed\": {\"name\": \"Detalle de Progreso\", \"object\": \"Grupo PTI Base Torres             | Ponderacio\\u0301n: 5.0                 | Completado: 0.0% \", \"fields\": [\"Avance %\"]}}]"
  }
},
{
  "model": "admin.logentry",
  "pk": 114,
  "fields": {
    "action_time": "2024-10-12T01:35:20.621Z",
    "user": 2,
    "content_type": 17,
    "object_id": "4",
    "object_repr": "CL-LI-1203",
    "action_flag": 2,
    "change_message": "[]"
  }
},
{
  "model": "admin.logentry",
  "pk": 115,
  "fields": {
    "action_time": "2024-10-12T01:36:34.622Z",
    "user": 2,
    "content_type": 17,
    "object_id": "3",
    "object_repr": "CL-RM-2114",
    "action_flag": 2,
    "change_message": "[{\"changed\": {\"name\": \"Detalle de Progreso\", \"object\": \"Grupo PTI Base Torres             | Ponderacio\\u0301n: 2.0                 | Completado: 100.0% \", \"fields\": [\"Avance %\"]}}, {\"changed\": {\"name\": \"Detalle de Progreso\", \"object\": \"Grupo PTI Base Torres             | Ponderacio\\u0301n: 2.0                 | Completado: 100.0% \", \"fields\": [\"Avance %\"]}}, {\"changed\": {\"name\": \"Detalle de Progreso\", \"object\": \"Grupo PTI Base Torres             | Ponderacio\\u0301n: 15.0                 | Completado: 100.0% \", \"fields\": [\"Avance %\"]}}, {\"changed\": {\"name\": \"Detalle de Progreso\", \"object\": \"Grupo PTI Base Torres             | Ponderacio\\u0301n: 15.0                 | Completado: 100.0% \", \"fields\": [\"Avance %\"]}}, {\"changed\": {\"name\": \"Detalle de Progreso\", \"object\": \"Grupo PTI Base Torres             | Ponderacio\\u0301n: 10.0                 | Completado: 99.0% \", \"fields\": [\"Avance %\"]}}, {\"changed\": {\"name\": \"Detalle de Progreso\", \"object\": \"Grupo PTI Base Torres             | Ponderacio\\u0301n: 15.0                 | Completado: 0.0% \", \"fields\": [\"Avance %\"]}}, {\"changed\": {\"name\": \"Detalle de Progreso\", \"object\": \"Grupo PTI Base Torres             | Ponderacio\\u0301n: 4.0                 | Completado: 0.0% \", \"fields\": [\"Avance %\"]}}, {\"changed\": {\"name\": \"Detalle de Progreso\", \"object\": \"Grupo PTI Base Torres             | Ponderacio\\u0301n: 5.0                 | Completado: -1.0% \", \"fields\": [\"Avance %\"]}}, {\"changed\": {\"name\": \"Detalle de Progreso\", \"object\": \"Grupo PTI Base Torres             | Ponderacio\\u0301n: 5.0                 | Completado: 20.0% \", \"fields\": [\"Avance %\"]}}, {\"changed\": {\"name\": \"Detalle de Progreso\", \"object\": \"Grupo PTI Base Torres             | Ponderacio\\u0301n: 10.0                 | Completado: 0.0% \", \"fields\": [\"Avance %\"]}}, {\"changed\": {\"name\": \"Detalle de Progreso\", \"object\": \"Grupo PTI Base Torres             | Ponderacio\\u0301n: 5.0                 | Completado: 0.0% \", \"fields\": [\"Avance %\"]}}, {\"changed\": {\"name\": \"Detalle de Progreso\", \"object\": \"Grupo PTI Base Torres             | Ponderacio\\u0301n: 5.0                 | Completado: 0.0% \", \"fields\": [\"Avance %\"]}}, {\"changed\": {\"name\": \"Detalle de Progreso\", \"object\": \"Grupo PTI Base Torres             | Ponderacio\\u0301n: 5.0                 | Completado: 0.0% \", \"fields\": [\"Avance %\"]}}]"
  }
},
{
  "model": "admin.logentry",
  "pk": 116,
  "fields": {
    "action_time": "2024-10-12T01:37:10.523Z",
    "user": 2,
    "content_type": 17,
    "object_id": "2",
    "object_repr": "CL-VS-1415",
    "action_flag": 2,
    "change_message": "[{\"changed\": {\"name\": \"Detalle de Progreso\", \"object\": \"Grupo PTI Base Torres             | Ponderacio\\u0301n: 2.0                 | Completado: 100.0% \", \"fields\": [\"Avance %\"]}}, {\"changed\": {\"name\": \"Detalle de Progreso\", \"object\": \"Grupo PTI Base Torres             | Ponderacio\\u0301n: 2.0                 | Completado: 100.0% \", \"fields\": [\"Avance %\"]}}, {\"changed\": {\"name\": \"Detalle de Progreso\", \"object\": \"Grupo PTI Base Torres             | Ponderacio\\u0301n: 15.0                 | Completado: 100.0% \", \"fields\": [\"Avance %\"]}}, {\"changed\": {\"name\": \"Detalle de Progreso\", \"object\": \"Grupo PTI Base Torres             | Ponderacio\\u0301n: 15.0                 | Completado: 100.0% \", \"fields\": [\"Avance %\"]}}, {\"changed\": {\"name\": \"Detalle de Progreso\", \"object\": \"Grupo PTI Base Torres             | Ponderacio\\u0301n: 10.0                 | Completado: 100.0% \", \"fields\": [\"Avance %\"]}}, {\"changed\": {\"name\": \"Detalle de Progreso\", \"object\": \"Grupo PTI Base Torres             | Ponderacio\\u0301n: 15.0                 | Completado: 90.0% \", \"fields\": [\"Avance %\"]}}, {\"changed\": {\"name\": \"Detalle de Progreso\", \"object\": \"Grupo PTI Base Torres             | Ponderacio\\u0301n: 5.0                 | Completado: 20.0% \", \"fields\": [\"Avance %\"]}}]"
  }
},
{
  "model": "admin.logentry",
  "pk": 117,
  "fields": {
    "action_time": "2024-10-12T01:37:42.412Z",
    "user": 2,
    "content_type": 17,
    "object_id": "1",
    "object_repr": "CL-VS-1403",
    "action_flag": 2,
    "change_message": "[{\"changed\": {\"name\": \"Detalle de Progreso\", \"object\": \"Grupo PTI Base Torres             | Ponderacio\\u0301n: 2.0                 | Completado: 100.0% \", \"fields\": [\"Avance %\"]}}, {\"changed\": {\"name\": \"Detalle de Progreso\", \"object\": \"Grupo PTI Base Torres             | Ponderacio\\u0301n: 2.0                 | Completado: 100.0% \", \"fields\": [\"Avance %\"]}}, {\"changed\": {\"name\": \"Detalle de Progreso\", \"object\": \"Grupo PTI Base Torres             | Ponderacio\\u0301n: 2.0                 | Completado: 100.0% \", \"fields\": [\"Avance %\"]}}, {\"changed\": {\"name\": \"Detalle de Progreso\", \"object\": \"Grupo PTI Base Torres             | Ponderacio\\u0301n: 15.0                 | Completado: 100.0% \", \"fields\": [\"Avance %\"]}}, {\"changed\": {\"name\": \"Detalle de Progreso\", \"object\": \"Grupo PTI Base Torres             | Ponderacio\\u0301n: 15.0                 | Completado: 99.0% \", \"fields\": [\"Avance %\"]}}, {\"changed\": {\"name\": \"Detalle de Progreso\", \"object\": \"Grupo PTI Base Torres             | Ponderacio\\u0301n: 10.0                 | Completado: 100.0% \", \"fields\": [\"Avance %\"]}}]"
  }
},
{
  "model": "admin.logentry",
  "pk": 118,
  "fields": {
    "action_time": "2024-10-12T04:08:07.239Z",
    "user": 1,
    "content_type": 13,
    "object_id": "14",
    "object_repr": "Sistema eléctrico",
    "action_flag": 2,
    "change_message": "[{\"changed\": {\"fields\": [\"Nombre\"]}}]"
  }
},
{
  "model": "admin.logentry",
  "pk": 119,
  "fields": {
    "action_time": "2024-10-12T14:26:30.035Z",
    "user": 1,
    "content_type": 13,
    "object_id": "3",
    "object_repr": "Excavación para la fundación",
    "action_flag": 2,
    "change_message": "[{\"changed\": {\"fields\": [\"Nombre\"]}}]"
  }
},
{
  "model": "admin.logentry",
  "pk": 120,
  "fields": {
    "action_time": "2024-10-13T21:54:04.041Z",
    "user": 1,
    "content_type": 8,
    "object_id": "109",
    "object_repr": "CL-VS-1415",
    "action_flag": 2,
    "change_message": "[{\"changed\": {\"fields\": [\"Estado\"]}}]"
  }
},
{
  "model": "admin.logentry",
  "pk": 121,
  "fields": {
    "action_time": "2024-10-13T21:54:04.042Z",
    "user": 1,
    "content_type": 8,
    "object_id": "107",
    "object_repr": "CL-RM-2114",
    "action_flag": 2,
    "change_message": "[{\"changed\": {\"fields\": [\"Estado\"]}}]"
  }
},
{
  "model": "admin.logentry",
  "pk": 122,
  "fields": {
    "action_time": "2024-10-13T21:54:04.042Z",
    "user": 1,
    "content_type": 8,
    "object_id": "106",
    "object_repr": "CL-LI-1203",
    "action_flag": 2,
    "change_message": "[{\"changed\": {\"fields\": [\"Estado\"]}}]"
  }
},
{
  "model": "admin.logentry",
  "pk": 123,
  "fields": {
    "action_time": "2024-10-13T21:54:04.042Z",
    "user": 1,
    "content_type": 8,
    "object_id": "105",
    "object_repr": "CL-VS-1403",
    "action_flag": 2,
    "change_message": "[{\"changed\": {\"fields\": [\"Estado\"]}}]"
  }
},
{
  "model": "admin.logentry",
  "pk": 124,
  "fields": {
    "action_time": "2024-10-13T23:17:25.008Z",
    "user": 1,
    "content_type": 20,
    "object_id": "1",
    "object_repr": "Cliente object (1)",
    "action_flag": 1,
    "change_message": "[{\"added\": {}}]"
  }
},
{
  "model": "admin.logentry",
  "pk": 125,
  "fields": {
    "action_time": "2024-10-13T23:18:11.781Z",
    "user": 1,
    "content_type": 20,
    "object_id": "2",
    "object_repr": "Cliente object (2)",
    "action_flag": 1,
    "change_message": "[{\"added\": {}}]"
  }
},
{
  "model": "admin.logentry",
  "pk": 126,
  "fields": {
    "action_time": "2024-10-13T23:21:32.024Z",
    "user": 1,
    "content_type": 19,
    "object_id": "1",
    "object_repr": "Proyecto object (1)",
    "action_flag": 1,
    "change_message": "[{\"added\": {}}]"
  }
},
{
  "model": "admin.logentry",
  "pk": 127,
  "fields": {
    "action_time": "2024-10-13T23:21:59.712Z",
    "user": 1,
    "content_type": 19,
    "object_id": "2",
    "object_repr": "Proyecto object (2)",
    "action_flag": 1,
    "change_message": "[{\"added\": {}}]"
  }
},
{
  "model": "admin.logentry",
  "pk": 128,
  "fields": {
    "action_time": "2024-10-13T23:22:32.108Z",
    "user": 1,
    "content_type": 19,
    "object_id": "3",
    "object_repr": "Proyecto object (3)",
    "action_flag": 1,
    "change_message": "[{\"added\": {}}]"
  }
},
{
  "model": "admin.logentry",
  "pk": 129,
  "fields": {
    "action_time": "2024-10-13T23:23:20.119Z",
    "user": 1,
    "content_type": 20,
    "object_id": "2",
    "object_repr": "EMB",
    "action_flag": 2,
    "change_message": "[{\"changed\": {\"fields\": [\"Cod\"]}}]"
  }
},
{
  "model": "admin.logentry",
  "pk": 130,
  "fields": {
    "action_time": "2024-10-13T23:23:40.177Z",
    "user": 1,
    "content_type": 19,
    "object_id": "3",
    "object_repr": "Proyecto object (3)",
    "action_flag": 2,
    "change_message": "[{\"changed\": {\"fields\": [\"Cod\"]}}]"
  }
},
{
  "model": "admin.logentry",
  "pk": 131,
  "fields": {
    "action_time": "2024-10-13T23:24:36.637Z",
    "user": 1,
    "content_type": 4,
    "object_id": "1",
    "object_repr": "gmartinez",
    "action_flag": 2,
    "change_message": "[{\"changed\": {\"fields\": [\"First name\", \"Last name\"]}}]"
  }
},
{
  "model": "admin.logentry",
  "pk": 132,
  "fields": {
    "action_time": "2024-10-13T23:26:09.699Z",
    "user": 1,
    "content_type": 4,
    "object_id": "3",
    "object_repr": "labarca",
    "action_flag": 1,
    "change_message": "[{\"added\": {}}]"
  }
},
{
  "model": "admin.logentry",
  "pk": 133,
  "fields": {
    "action_time": "2024-10-13T23:26:32.574Z",
    "user": 1,
    "content_type": 4,
    "object_id": "3",
    "object_repr": "labarca",
    "action_flag": 2,
    "change_message": "[]"
  }
},
{
  "model": "admin.logentry",
  "pk": 134,
  "fields": {
    "action_time": "2024-10-13T23:26:43.007Z",
    "user": 1,
    "content_type": 4,
    "object_id": "3",
    "object_repr": "labarca",
    "action_flag": 2,
    "change_message": "[{\"changed\": {\"fields\": [\"First name\", \"Last name\"]}}]"
  }
},
{
  "model": "admin.logentry",
  "pk": 135,
  "fields": {
    "action_time": "2024-10-13T23:27:31.839Z",
    "user": 1,
    "content_type": 4,
    "object_id": "4",
    "object_repr": "cfigueroa",
    "action_flag": 1,
    "change_message": "[{\"added\": {}}]"
  }
},
{
  "model": "admin.logentry",
  "pk": 136,
  "fields": {
    "action_time": "2024-10-13T23:28:00.149Z",
    "user": 1,
    "content_type": 4,
    "object_id": "4",
    "object_repr": "cfigueroa",
    "action_flag": 2,
    "change_message": "[]"
  }
},
{
  "model": "admin.logentry",
  "pk": 137,
  "fields": {
    "action_time": "2024-10-13T23:30:11.347Z",
    "user": 1,
    "content_type": 4,
    "object_id": "5",
    "object_repr": "amelian",
    "action_flag": 1,
    "change_message": "[{\"added\": {}}]"
  }
},
{
  "model": "admin.logentry",
  "pk": 138,
  "fields": {
    "action_time": "2024-10-13T23:30:24.898Z",
    "user": 1,
    "content_type": 4,
    "object_id": "5",
    "object_repr": "amelian",
    "action_flag": 2,
    "change_message": "[{\"changed\": {\"fields\": [\"First name\", \"Last name\"]}}]"
  }
},
{
  "model": "admin.logentry",
  "pk": 139,
  "fields": {
    "action_time": "2024-10-13T23:30:38.585Z",
    "user": 1,
    "content_type": 4,
    "object_id": "4",
    "object_repr": "cfigueroa",
    "action_flag": 2,
    "change_message": "[{\"changed\": {\"fields\": [\"First name\", \"Last name\"]}}]"
  }
},
{
  "model": "admin.logentry",
  "pk": 140,
  "fields": {
    "action_time": "2024-10-13T23:31:33.346Z",
    "user": 1,
    "content_type": 21,
    "object_id": "1",
    "object_repr": "UserProfile object (1)",
    "action_flag": 1,
    "change_message": "[{\"added\": {}}]"
  }
},
{
  "model": "admin.logentry",
  "pk": 141,
  "fields": {
    "action_time": "2024-10-13T23:31:41.533Z",
    "user": 1,
    "content_type": 21,
    "object_id": "2",
    "object_repr": "UserProfile object (2)",
    "action_flag": 1,
    "change_message": "[{\"added\": {}}]"
  }
},
{
  "model": "admin.logentry",
  "pk": 142,
  "fields": {
    "action_time": "2024-10-13T23:31:49.952Z",
    "user": 1,
    "content_type": 21,
    "object_id": "3",
    "object_repr": "UserProfile object (3)",
    "action_flag": 1,
    "change_message": "[{\"added\": {}}]"
  }
},
{
  "model": "admin.logentry",
  "pk": 143,
  "fields": {
    "action_time": "2024-10-13T23:32:00.276Z",
    "user": 1,
    "content_type": 21,
    "object_id": "4",
    "object_repr": "UserProfile object (4)",
    "action_flag": 1,
    "change_message": "[{\"added\": {}}]"
  }
},
{
  "model": "admin.logentry",
  "pk": 144,
  "fields": {
    "action_time": "2024-10-13T23:32:06.149Z",
    "user": 1,
    "content_type": 21,
    "object_id": "5",
    "object_repr": "UserProfile object (5)",
    "action_flag": 1,
    "change_message": "[{\"added\": {}}]"
  }
},
{
  "model": "admin.logentry",
  "pk": 145,
  "fields": {
    "action_time": "2024-10-13T23:49:54.686Z",
    "user": 1,
    "content_type": 21,
    "object_id": "5",
    "object_repr": "UserProfile object (5)",
    "action_flag": 2,
    "change_message": "[{\"changed\": {\"fields\": [\"Proyectos\"]}}]"
  }
},
{
  "model": "admin.logentry",
  "pk": 146,
  "fields": {
    "action_time": "2024-10-13T23:50:02.686Z",
    "user": 1,
    "content_type": 21,
    "object_id": "4",
    "object_repr": "UserProfile object (4)",
    "action_flag": 2,
    "change_message": "[{\"changed\": {\"fields\": [\"Proyectos\"]}}]"
  }
},
{
  "model": "admin.logentry",
  "pk": 147,
  "fields": {
    "action_time": "2024-10-13T23:50:13.669Z",
    "user": 1,
    "content_type": 21,
    "object_id": "3",
    "object_repr": "UserProfile object (3)",
    "action_flag": 2,
    "change_message": "[{\"changed\": {\"fields\": [\"Proyectos\"]}}]"
  }
},
{
  "model": "admin.logentry",
  "pk": 148,
  "fields": {
    "action_time": "2024-10-13T23:50:21.477Z",
    "user": 1,
    "content_type": 21,
    "object_id": "2",
    "object_repr": "UserProfile object (2)",
    "action_flag": 2,
    "change_message": "[{\"changed\": {\"fields\": [\"Proyectos\"]}}]"
  }
},
{
  "model": "admin.logentry",
  "pk": 149,
  "fields": {
    "action_time": "2024-10-13T23:50:29.598Z",
    "user": 1,
    "content_type": 21,
    "object_id": "1",
    "object_repr": "UserProfile object (1)",
    "action_flag": 2,
    "change_message": "[{\"changed\": {\"fields\": [\"Proyectos\"]}}]"
  }
},
{
  "model": "admin.logentry",
  "pk": 150,
  "fields": {
    "action_time": "2024-10-14T00:00:00.508Z",
    "user": 1,
    "content_type": 8,
    "object_id": "109",
    "object_repr": "CL-VS-1415",
    "action_flag": 2,
    "change_message": "[{\"changed\": {\"fields\": [\"Proyecto\"]}}]"
  }
},
{
  "model": "admin.logentry",
  "pk": 151,
  "fields": {
    "action_time": "2024-10-14T00:00:00.509Z",
    "user": 1,
    "content_type": 8,
    "object_id": "107",
    "object_repr": "CL-RM-2114",
    "action_flag": 2,
    "change_message": "[{\"changed\": {\"fields\": [\"Proyecto\"]}}]"
  }
},
{
  "model": "admin.logentry",
  "pk": 152,
  "fields": {
    "action_time": "2024-10-14T00:00:00.509Z",
    "user": 1,
    "content_type": 8,
    "object_id": "106",
    "object_repr": "CL-LI-1203",
    "action_flag": 2,
    "change_message": "[{\"changed\": {\"fields\": [\"Proyecto\"]}}]"
  }
},
{
  "model": "admin.logentry",
  "pk": 153,
  "fields": {
    "action_time": "2024-10-14T00:00:00.510Z",
    "user": 1,
    "content_type": 8,
    "object_id": "105",
    "object_repr": "CL-VS-1403",
    "action_flag": 2,
    "change_message": "[{\"changed\": {\"fields\": [\"Proyecto\"]}}]"
  }
},
{
  "model": "admin.logentry",
  "pk": 154,
  "fields": {
    "action_time": "2024-10-14T00:07:59.713Z",
    "user": 1,
    "content_type": 8,
    "object_id": "107",
    "object_repr": "CL-RM-2114",
    "action_flag": 2,
    "change_message": "[{\"changed\": {\"fields\": [\"Ito\"]}}]"
  }
},
{
  "model": "admin.logentry",
  "pk": 155,
  "fields": {
    "action_time": "2024-10-14T00:07:59.715Z",
    "user": 1,
    "content_type": 8,
    "object_id": "106",
    "object_repr": "CL-LI-1203",
    "action_flag": 2,
    "change_message": "[{\"changed\": {\"fields\": [\"Ito\"]}}]"
  }
},
{
  "model": "admin.logentry",
  "pk": 156,
  "fields": {
    "action_time": "2024-10-14T00:08:26.990Z",
    "user": 1,
    "content_type": 4,
    "object_id": "6",
    "object_repr": "mfernandez",
    "action_flag": 1,
    "change_message": "[{\"added\": {}}]"
  }
},
{
  "model": "admin.logentry",
  "pk": 157,
  "fields": {
    "action_time": "2024-10-14T00:08:39.519Z",
    "user": 1,
    "content_type": 4,
    "object_id": "6",
    "object_repr": "mfernandez",
    "action_flag": 2,
    "change_message": "[{\"changed\": {\"fields\": [\"First name\", \"Last name\"]}}]"
  }
},
{
  "model": "admin.logentry",
  "pk": 158,
  "fields": {
    "action_time": "2024-10-14T00:10:29.282Z",
    "user": 1,
    "content_type": 4,
    "object_id": "7",
    "object_repr": "mlujan",
    "action_flag": 1,
    "change_message": "[{\"added\": {}}]"
  }
},
{
  "model": "admin.logentry",
  "pk": 159,
  "fields": {
    "action_time": "2024-10-14T00:10:53.765Z",
    "user": 1,
    "content_type": 4,
    "object_id": "7",
    "object_repr": "mlujan",
    "action_flag": 2,
    "change_message": "[{\"changed\": {\"fields\": [\"First name\", \"Last name\", \"Staff status\"]}}]"
  }
},
{
  "model": "admin.logentry",
  "pk": 160,
  "fields": {
    "action_time": "2024-10-14T00:11:14.959Z",
    "user": 1,
    "content_type": 21,
    "object_id": "6",
    "object_repr": "mlujan",
    "action_flag": 1,
    "change_message": "[{\"added\": {}}]"
  }
},
{
  "model": "admin.logentry",
  "pk": 161,
  "fields": {
    "action_time": "2024-10-14T00:11:51.186Z",
    "user": 1,
    "content_type": 21,
    "object_id": "7",
    "object_repr": "mfernandez",
    "action_flag": 1,
    "change_message": "[{\"added\": {}}]"
  }
},
{
  "model": "admin.logentry",
  "pk": 162,
  "fields": {
    "action_time": "2024-10-14T00:12:06.088Z",
    "user": 1,
    "content_type": 8,
    "object_id": "109",
    "object_repr": "CL-VS-1415",
    "action_flag": 2,
    "change_message": "[{\"changed\": {\"fields\": [\"Ito\"]}}]"
  }
},
{
  "model": "admin.logentry",
  "pk": 163,
  "fields": {
    "action_time": "2024-10-14T00:12:06.088Z",
    "user": 1,
    "content_type": 8,
    "object_id": "105",
    "object_repr": "CL-VS-1403",
    "action_flag": 2,
    "change_message": "[{\"changed\": {\"fields\": [\"Ito\"]}}]"
  }
},
{
  "model": "admin.logentry",
  "pk": 164,
  "fields": {
    "action_time": "2024-10-14T01:13:20.823Z",
    "user": 1,
    "content_type": 8,
    "object_id": "104",
    "object_repr": "CL-RM-2173",
    "action_flag": 2,
    "change_message": "[{\"changed\": {\"fields\": [\"Estado\", \"Proyecto\"]}}]"
  }
},
{
  "model": "admin.logentry",
  "pk": 165,
  "fields": {
    "action_time": "2024-10-14T01:35:32.184Z",
    "user": 1,
    "content_type": 4,
    "object_id": "3",
    "object_repr": "labarca",
    "action_flag": 2,
    "change_message": "[{\"changed\": {\"fields\": [\"password\"]}}]"
  }
},
{
  "model": "admin.logentry",
  "pk": 166,
  "fields": {
    "action_time": "2024-10-14T01:36:16.320Z",
    "user": 1,
    "content_type": 4,
    "object_id": "3",
    "object_repr": "labarca",
    "action_flag": 2,
    "change_message": "[{\"changed\": {\"fields\": [\"Staff status\"]}}]"
  }
},
{
  "model": "admin.logentry",
  "pk": 167,
  "fields": {
    "action_time": "2024-10-14T01:40:00.370Z",
    "user": 1,
    "content_type": 8,
    "object_id": "104",
    "object_repr": "CL-RM-2173",
    "action_flag": 2,
    "change_message": "[{\"changed\": {\"fields\": [\"Proyecto\"]}}]"
  }
},
{
  "model": "admin.logentry",
  "pk": 168,
  "fields": {
    "action_time": "2024-10-14T01:40:00.370Z",
    "user": 1,
    "content_type": 8,
    "object_id": "103",
    "object_repr": "CL-RM-2176",
    "action_flag": 2,
    "change_message": "[{\"changed\": {\"fields\": [\"Estado\"]}}]"
  }
},
{
  "model": "admin.logentry",
  "pk": 169,
  "fields": {
    "action_time": "2024-10-14T01:40:23.039Z",
    "user": 1,
    "content_type": 8,
    "object_id": "104",
    "object_repr": "CL-RM-2173",
    "action_flag": 2,
    "change_message": "[{\"changed\": {\"fields\": [\"Estado\", \"Proyecto\"]}}]"
  }
},
{
  "model": "admin.logentry",
  "pk": 170,
  "fields": {
    "action_time": "2024-10-14T01:40:23.039Z",
    "user": 1,
    "content_type": 8,
    "object_id": "103",
    "object_repr": "CL-RM-2176",
    "action_flag": 2,
    "change_message": "[{\"changed\": {\"fields\": [\"Estado\", \"Proyecto\"]}}]"
  }
},
{
  "model": "admin.logentry",
  "pk": 171,
  "fields": {
    "action_time": "2024-10-14T01:40:50.686Z",
    "user": 1,
    "content_type": 8,
    "object_id": "104",
    "object_repr": "CL-RM-2173",
    "action_flag": 2,
    "change_message": "[{\"changed\": {\"fields\": [\"Estado\"]}}]"
  }
},
{
  "model": "admin.logentry",
  "pk": 172,
  "fields": {
    "action_time": "2024-10-14T01:40:50.687Z",
    "user": 1,
    "content_type": 8,
    "object_id": "103",
    "object_repr": "CL-RM-2176",
    "action_flag": 2,
    "change_message": "[{\"changed\": {\"fields\": [\"Estado\"]}}]"
  }
},
{
  "model": "admin.logentry",
  "pk": 173,
  "fields": {
    "action_time": "2024-10-14T01:43:00.446Z",
    "user": 1,
    "content_type": 8,
    "object_id": "104",
    "object_repr": "CL-RM-2173",
    "action_flag": 2,
    "change_message": "[{\"changed\": {\"fields\": [\"Estado\"]}}]"
  }
},
{
  "model": "admin.logentry",
  "pk": 174,
  "fields": {
    "action_time": "2024-10-14T01:43:00.447Z",
    "user": 1,
    "content_type": 8,
    "object_id": "103",
    "object_repr": "CL-RM-2176",
    "action_flag": 2,
    "change_message": "[{\"changed\": {\"fields\": [\"Estado\"]}}]"
  }
},
{
  "model": "admin.logentry",
  "pk": 175,
  "fields": {
    "action_time": "2024-10-14T01:46:58.651Z",
    "user": 1,
    "content_type": 8,
    "object_id": "109",
    "object_repr": "CL-VS-1415",
    "action_flag": 2,
    "change_message": "[{\"changed\": {\"fields\": [\"Contratista\"]}}]"
  }
},
{
  "model": "admin.logentry",
  "pk": 176,
  "fields": {
    "action_time": "2024-10-14T01:47:11.297Z",
    "user": 1,
    "content_type": 8,
    "object_id": "109",
    "object_repr": "CL-VS-1415",
    "action_flag": 2,
    "change_message": "[{\"changed\": {\"fields\": [\"Contratista\"]}}]"
  }
},
{
  "model": "admin.logentry",
  "pk": 177,
  "fields": {
    "action_time": "2024-10-14T02:58:55.101Z",
    "user": 1,
    "content_type": 8,
    "object_id": "104",
    "object_repr": "CL-RM-2173",
    "action_flag": 2,
    "change_message": "[{\"changed\": {\"fields\": [\"Proyecto\"]}}]"
  }
},
{
  "model": "admin.logentry",
  "pk": 178,
  "fields": {
    "action_time": "2024-10-14T02:58:55.103Z",
    "user": 1,
    "content_type": 8,
    "object_id": "103",
    "object_repr": "CL-RM-2176",
    "action_flag": 2,
    "change_message": "[{\"changed\": {\"fields\": [\"Proyecto\"]}}]"
  }
},
{
  "model": "admin.logentry",
  "pk": 179,
  "fields": {
    "action_time": "2024-10-14T02:59:03.463Z",
    "user": 1,
    "content_type": 8,
    "object_id": "104",
    "object_repr": "CL-RM-2173",
    "action_flag": 2,
    "change_message": "[{\"changed\": {\"fields\": [\"Proyecto\"]}}]"
  }
},
{
  "model": "admin.logentry",
  "pk": 180,
  "fields": {
    "action_time": "2024-10-14T02:59:03.464Z",
    "user": 1,
    "content_type": 8,
    "object_id": "103",
    "object_repr": "CL-RM-2176",
    "action_flag": 2,
    "change_message": "[{\"changed\": {\"fields\": [\"Proyecto\"]}}]"
  }
},
{
  "model": "admin.logentry",
  "pk": 181,
  "fields": {
    "action_time": "2024-10-14T02:59:21.177Z",
    "user": 1,
    "content_type": 21,
    "object_id": "7",
    "object_repr": "mfernandez",
    "action_flag": 2,
    "change_message": "[{\"changed\": {\"fields\": [\"Proyectos\"]}}]"
  }
},
{
  "model": "admin.logentry",
  "pk": 182,
  "fields": {
    "action_time": "2024-10-14T03:00:36.862Z",
    "user": 1,
    "content_type": 4,
    "object_id": "6",
    "object_repr": "mfernandez",
    "action_flag": 2,
    "change_message": "[{\"changed\": {\"fields\": [\"password\"]}}]"
  }
},
{
  "model": "admin.logentry",
  "pk": 183,
  "fields": {
    "action_time": "2024-10-14T04:00:20.383Z",
    "user": 1,
    "content_type": 21,
    "object_id": "4",
    "object_repr": "jordonez",
    "action_flag": 2,
    "change_message": "[{\"changed\": {\"fields\": [\"Cargo\"]}}]"
  }
},
{
  "model": "admin.logentry",
  "pk": 184,
  "fields": {
    "action_time": "2024-10-14T04:07:23.766Z",
    "user": 1,
    "content_type": 21,
    "object_id": "4",
    "object_repr": "jordonez",
    "action_flag": 2,
    "change_message": "[{\"changed\": {\"fields\": [\"Cargo\"]}}]"
  }
},
{
  "model": "admin.logentry",
  "pk": 185,
  "fields": {
    "action_time": "2024-10-14T04:13:13.129Z",
    "user": 1,
    "content_type": 21,
    "object_id": "4",
    "object_repr": "jordonez",
    "action_flag": 2,
    "change_message": "[{\"changed\": {\"fields\": [\"Cargo\"]}}]"
  }
},
{
  "model": "admin.logentry",
  "pk": 186,
  "fields": {
    "action_time": "2024-10-14T04:15:11.439Z",
    "user": 1,
    "content_type": 21,
    "object_id": "4",
    "object_repr": "jordonez",
    "action_flag": 2,
    "change_message": "[{\"changed\": {\"fields\": [\"Cargo\"]}}]"
  }
},
{
  "model": "admin.logentry",
  "pk": 187,
  "fields": {
    "action_time": "2024-10-14T13:13:22.240Z",
    "user": 1,
    "content_type": 8,
    "object_id": "104",
    "object_repr": "CL-RM-2173",
    "action_flag": 2,
    "change_message": "[{\"changed\": {\"fields\": [\"Proyecto\"]}}]"
  }
},
{
  "model": "admin.logentry",
  "pk": 188,
  "fields": {
    "action_time": "2024-10-14T13:13:22.243Z",
    "user": 1,
    "content_type": 8,
    "object_id": "103",
    "object_repr": "CL-RM-2176",
    "action_flag": 2,
    "change_message": "[{\"changed\": {\"fields\": [\"Proyecto\"]}}]"
  }
},
{
  "model": "admin.logentry",
  "pk": 189,
  "fields": {
    "action_time": "2024-10-14T13:14:13.222Z",
    "user": 1,
    "content_type": 17,
    "object_id": "1",
    "object_repr": "CL-VS-1403",
    "action_flag": 2,
    "change_message": "[{\"changed\": {\"fields\": [\"Fecha inicio\"]}}]"
  }
},
{
  "model": "admin.logentry",
  "pk": 190,
  "fields": {
    "action_time": "2024-10-14T13:14:47.382Z",
    "user": 1,
    "content_type": 17,
    "object_id": "2",
    "object_repr": "CL-VS-1415",
    "action_flag": 2,
    "change_message": "[{\"changed\": {\"fields\": [\"Fecha inicio\"]}}]"
  }
},
{
  "model": "admin.logentry",
  "pk": 191,
  "fields": {
    "action_time": "2024-10-14T13:15:09.506Z",
    "user": 1,
    "content_type": 17,
    "object_id": "3",
    "object_repr": "CL-RM-2114",
    "action_flag": 2,
    "change_message": "[{\"changed\": {\"fields\": [\"Fecha inicio\"]}}]"
  }
},
{
  "model": "admin.logentry",
  "pk": 192,
  "fields": {
    "action_time": "2024-10-14T13:15:34.567Z",
    "user": 1,
    "content_type": 17,
    "object_id": "4",
    "object_repr": "CL-LI-1203",
    "action_flag": 2,
    "change_message": "[{\"changed\": {\"fields\": [\"Fecha inicio\"]}}]"
  }
},
{
  "model": "admin.logentry",
  "pk": 193,
  "fields": {
    "action_time": "2024-10-14T13:31:34.862Z",
    "user": 1,
    "content_type": 4,
    "object_id": "3",
    "object_repr": "labarca",
    "action_flag": 2,
    "change_message": "[]"
  }
},
{
  "model": "admin.logentry",
  "pk": 194,
  "fields": {
    "action_time": "2024-10-14T13:32:04.637Z",
    "user": 1,
    "content_type": 4,
    "object_id": "3",
    "object_repr": "labarca",
    "action_flag": 2,
    "change_message": "[{\"changed\": {\"fields\": [\"Staff status\"]}}]"
  }
},
{
  "model": "admin.logentry",
  "pk": 195,
  "fields": {
    "action_time": "2024-10-14T13:32:18.804Z",
    "user": 1,
    "content_type": 4,
    "object_id": "2",
    "object_repr": "jordonez",
    "action_flag": 2,
    "change_message": "[]"
  }
},
{
  "model": "admin.logentry",
  "pk": 196,
  "fields": {
    "action_time": "2024-10-14T13:33:38.080Z",
    "user": 1,
    "content_type": 21,
    "object_id": "3",
    "object_repr": "gmartinez",
    "action_flag": 2,
    "change_message": "[]"
  }
},
{
  "model": "admin.logentry",
  "pk": 197,
  "fields": {
    "action_time": "2024-10-14T13:33:48.283Z",
    "user": 1,
    "content_type": 21,
    "object_id": "7",
    "object_repr": "mfernandez",
    "action_flag": 2,
    "change_message": "[{\"changed\": {\"fields\": [\"Proyectos\"]}}]"
  }
},
{
  "model": "admin.logentry",
  "pk": 198,
  "fields": {
    "action_time": "2024-10-14T13:41:14.539Z",
    "user": 1,
    "content_type": 17,
    "object_id": "4",
    "object_repr": "CL-LI-1203",
    "action_flag": 2,
    "change_message": "[{\"changed\": {\"name\": \"Detalle de Progreso\", \"object\": \"Grupo PTI Base Torres             | Ponderacio\\u0301n: 5.0                 | Completado: 1.0% \", \"fields\": [\"Avance %\"]}}]"
  }
},
{
  "model": "admin.logentry",
  "pk": 199,
  "fields": {
    "action_time": "2024-10-14T13:42:12.702Z",
    "user": 1,
    "content_type": 17,
    "object_id": "2",
    "object_repr": "CL-VS-1415",
    "action_flag": 2,
    "change_message": "[{\"changed\": {\"name\": \"Detalle de Progreso\", \"object\": \"Grupo PTI Base Torres             | Ponderacio\\u0301n: 5.0                 | Completado: 0.0% \", \"fields\": [\"Agregar\"]}}]"
  }
},
{
  "model": "admin.logentry",
  "pk": 200,
  "fields": {
    "action_time": "2024-10-14T14:46:19.970Z",
    "user": 2,
    "content_type": 4,
    "object_id": "8",
    "object_repr": "galfinger",
    "action_flag": 1,
    "change_message": "[{\"added\": {}}]"
  }
},
{
  "model": "admin.logentry",
  "pk": 201,
  "fields": {
    "action_time": "2024-10-14T14:48:52.819Z",
    "user": 2,
    "content_type": 4,
    "object_id": "8",
    "object_repr": "galfinger",
    "action_flag": 2,
    "change_message": "[{\"changed\": {\"fields\": [\"First name\", \"Last name\", \"Email address\"]}}]"
  }
},
{
  "model": "admin.logentry",
  "pk": 202,
  "fields": {
    "action_time": "2024-10-14T14:49:19.794Z",
    "user": 2,
    "content_type": 21,
    "object_id": "8",
    "object_repr": "galfinger",
    "action_flag": 1,
    "change_message": "[{\"added\": {}}]"
  }
},
{
  "model": "admin.logentry",
  "pk": 203,
  "fields": {
    "action_time": "2024-10-14T15:48:18.769Z",
    "user": 2,
    "content_type": 8,
    "object_id": "110",
    "object_repr": "AR-BA-1210",
    "action_flag": 1,
    "change_message": "[{\"added\": {}}]"
  }
},
{
  "model": "admin.logentry",
  "pk": 204,
  "fields": {
    "action_time": "2024-10-14T15:48:19.982Z",
    "user": 2,
    "content_type": 8,
    "object_id": "111",
    "object_repr": "AR-BA-1210",
    "action_flag": 1,
    "change_message": "[{\"added\": {}}]"
  }
},
{
  "model": "admin.logentry",
  "pk": 205,
  "fields": {
    "action_time": "2024-10-14T15:48:21.853Z",
    "user": 2,
    "content_type": 8,
    "object_id": "112",
    "object_repr": "AR-BA-1210",
    "action_flag": 1,
    "change_message": "[{\"added\": {}}]"
  }
},
{
  "model": "admin.logentry",
  "pk": 206,
  "fields": {
    "action_time": "2024-10-14T15:48:45.006Z",
    "user": 2,
    "content_type": 8,
    "object_id": "111",
    "object_repr": "AR-BA-1210",
    "action_flag": 3,
    "change_message": ""
  }
},
{
  "model": "admin.logentry",
  "pk": 207,
  "fields": {
    "action_time": "2024-10-14T15:48:45.007Z",
    "user": 2,
    "content_type": 8,
    "object_id": "110",
    "object_repr": "AR-BA-1210",
    "action_flag": 3,
    "change_message": ""
  }
},
{
  "model": "admin.logentry",
  "pk": 208,
  "fields": {
    "action_time": "2024-10-14T15:49:24.520Z",
    "user": 2,
    "content_type": 8,
    "object_id": "112",
    "object_repr": "AR-BA-1210",
    "action_flag": 2,
    "change_message": "[{\"changed\": {\"fields\": [\"Estado\"]}}]"
  }
},
{
  "model": "admin.logentry",
  "pk": 209,
  "fields": {
    "action_time": "2024-10-14T16:55:23.627Z",
    "user": 2,
    "content_type": 8,
    "object_id": "113",
    "object_repr": "AR-CN-1010",
    "action_flag": 1,
    "change_message": "[{\"added\": {}}]"
  }
},
{
  "model": "admin.logentry",
  "pk": 210,
  "fields": {
    "action_time": "2024-10-14T16:55:31.933Z",
    "user": 2,
    "content_type": 8,
    "object_id": "112",
    "object_repr": "AR-BA-1210",
    "action_flag": 2,
    "change_message": "[{\"changed\": {\"fields\": [\"Estado\"]}}]"
  }
},
{
  "model": "admin.logentry",
  "pk": 211,
  "fields": {
    "action_time": "2024-10-14T17:00:54.187Z",
    "user": 2,
    "content_type": 4,
    "object_id": "9",
    "object_repr": "luislizama",
    "action_flag": 1,
    "change_message": "[{\"added\": {}}]"
  }
},
{
  "model": "admin.logentry",
  "pk": 212,
  "fields": {
    "action_time": "2024-10-14T17:01:14.550Z",
    "user": 2,
    "content_type": 4,
    "object_id": "9",
    "object_repr": "luislizama",
    "action_flag": 2,
    "change_message": "[]"
  }
},
{
  "model": "admin.logentry",
  "pk": 213,
  "fields": {
    "action_time": "2024-10-14T17:02:29.547Z",
    "user": 2,
    "content_type": 4,
    "object_id": "9",
    "object_repr": "luislizama",
    "action_flag": 2,
    "change_message": "[{\"changed\": {\"fields\": [\"First name\", \"Last name\", \"Email address\"]}}]"
  }
},
{
  "model": "admin.logentry",
  "pk": 214,
  "fields": {
    "action_time": "2024-10-14T17:03:09.398Z",
    "user": 2,
    "content_type": 4,
    "object_id": "9",
    "object_repr": "luislizama",
    "action_flag": 2,
    "change_message": "[]"
  }
},
{
  "model": "admin.logentry",
  "pk": 215,
  "fields": {
    "action_time": "2024-10-14T17:03:31.197Z",
    "user": 2,
    "content_type": 21,
    "object_id": "9",
    "object_repr": "luislizama",
    "action_flag": 1,
    "change_message": "[{\"added\": {}}]"
  }
},
{
  "model": "admin.logentry",
  "pk": 216,
  "fields": {
    "action_time": "2024-10-14T17:35:58.591Z",
    "user": 2,
    "content_type": 8,
    "object_id": "114",
    "object_repr": "AR-BA-1212",
    "action_flag": 1,
    "change_message": "[{\"added\": {}}]"
  }
},
{
  "model": "admin.logentry",
  "pk": 217,
  "fields": {
    "action_time": "2024-10-14T17:46:08.943Z",
    "user": 2,
    "content_type": 12,
    "object_id": "91",
    "object_repr": "CL-RM-2114 - 2024-10-14",
    "action_flag": 3,
    "change_message": ""
  }
},
{
  "model": "admin.logentry",
  "pk": 218,
  "fields": {
    "action_time": "2024-10-14T17:46:08.944Z",
    "user": 2,
    "content_type": 12,
    "object_id": "90",
    "object_repr": "CL-RM-2114 - 2024-10-14",
    "action_flag": 3,
    "change_message": ""
  }
},
{
  "model": "admin.logentry",
  "pk": 219,
  "fields": {
    "action_time": "2024-10-14T17:47:02.415Z",
    "user": 2,
    "content_type": 12,
    "object_id": "89",
    "object_repr": "CL-RM-2114 - 2024-10-14",
    "action_flag": 3,
    "change_message": ""
  }
},
{
  "model": "admin.logentry",
  "pk": 220,
  "fields": {
    "action_time": "2024-10-14T17:47:02.415Z",
    "user": 2,
    "content_type": 12,
    "object_id": "87",
    "object_repr": "CL-RM-2114 - 2024-10-14",
    "action_flag": 3,
    "change_message": ""
  }
},
{
  "model": "admin.logentry",
  "pk": 221,
  "fields": {
    "action_time": "2024-10-14T17:47:02.416Z",
    "user": 2,
    "content_type": 12,
    "object_id": "86",
    "object_repr": "CL-RM-2114 - 2024-10-14",
    "action_flag": 3,
    "change_message": ""
  }
},
{
  "model": "admin.logentry",
  "pk": 222,
  "fields": {
    "action_time": "2024-10-14T17:47:02.416Z",
    "user": 2,
    "content_type": 12,
    "object_id": "85",
    "object_repr": "CL-RM-2114 - 2024-10-14",
    "action_flag": 3,
    "change_message": ""
  }
},
{
  "model": "admin.logentry",
  "pk": 223,
  "fields": {
    "action_time": "2024-10-14T17:47:02.416Z",
    "user": 2,
    "content_type": 12,
    "object_id": "84",
    "object_repr": "CL-RM-2114 - 2024-10-14",
    "action_flag": 3,
    "change_message": ""
  }
},
{
  "model": "admin.logentry",
  "pk": 224,
  "fields": {
    "action_time": "2024-10-14T17:47:02.416Z",
    "user": 2,
    "content_type": 12,
    "object_id": "83",
    "object_repr": "CL-RM-2114 - 2024-10-14",
    "action_flag": 3,
    "change_message": ""
  }
},
{
  "model": "admin.logentry",
  "pk": 225,
  "fields": {
    "action_time": "2024-10-14T17:47:02.416Z",
    "user": 2,
    "content_type": 12,
    "object_id": "81",
    "object_repr": "CL-RM-2114 - 2024-10-14",
    "action_flag": 3,
    "change_message": ""
  }
},
{
  "model": "admin.logentry",
  "pk": 226,
  "fields": {
    "action_time": "2024-10-14T17:47:02.416Z",
    "user": 2,
    "content_type": 12,
    "object_id": "80",
    "object_repr": "CL-RM-2114 - 2024-10-14",
    "action_flag": 3,
    "change_message": ""
  }
},
{
  "model": "admin.logentry",
  "pk": 227,
  "fields": {
    "action_time": "2024-10-14T17:47:02.416Z",
    "user": 2,
    "content_type": 12,
    "object_id": "79",
    "object_repr": "CL-RM-2114 - 2024-10-14",
    "action_flag": 3,
    "change_message": ""
  }
},
{
  "model": "admin.logentry",
  "pk": 228,
  "fields": {
    "action_time": "2024-10-14T17:47:29.032Z",
    "user": 2,
    "content_type": 11,
    "object_id": "23",
    "object_repr": "CL-RM-2114 - Se realiza el montaje de la torre.",
    "action_flag": 3,
    "change_message": ""
  }
},
{
  "model": "admin.logentry",
  "pk": 229,
  "fields": {
    "action_time": "2024-10-14T17:47:29.032Z",
    "user": 2,
    "content_type": 11,
    "object_id": "22",
    "object_repr": "CL-RM-2114 - Se realiza el montaje de la torre.",
    "action_flag": 3,
    "change_message": ""
  }
},
{
  "model": "admin.logentry",
  "pk": 230,
  "fields": {
    "action_time": "2024-10-14T18:07:07.735Z",
    "user": 1,
    "content_type": 17,
    "object_id": "3",
    "object_repr": "CL-RM-2114",
    "action_flag": 2,
    "change_message": "[{\"changed\": {\"name\": \"Detalle de Progreso\", \"object\": \"Grupo PTI Base Torres             | Ponderacio\\u0301n: 15.0                 | Completado: 25.0% \", \"fields\": [\"Avance %\"]}}, {\"changed\": {\"name\": \"Detalle de Progreso\", \"object\": \"Grupo PTI Base Torres             | Ponderacio\\u0301n: 5.0                 | Completado: 0.0% \", \"fields\": [\"Avance %\"]}}]"
  }
},
{
  "model": "admin.logentry",
  "pk": 231,
  "fields": {
    "action_time": "2024-10-14T18:07:37.333Z",
    "user": 1,
    "content_type": 17,
    "object_id": "3",
    "object_repr": "CL-RM-2114",
    "action_flag": 2,
    "change_message": "[{\"changed\": {\"name\": \"Detalle de Progreso\", \"object\": \"Grupo PTI Base Torres             | Ponderacio\\u0301n: 15.0                 | Completado: 10.0% \", \"fields\": [\"Avance %\"]}}]"
  }
},
{
  "model": "admin.logentry",
  "pk": 232,
  "fields": {
    "action_time": "2024-10-14T18:08:00.662Z",
    "user": 1,
    "content_type": 17,
    "object_id": "3",
    "object_repr": "CL-RM-2114",
    "action_flag": 2,
    "change_message": "[{\"changed\": {\"name\": \"Detalle de Progreso\", \"object\": \"Grupo PTI Base Torres             | Ponderacio\\u0301n: 15.0                 | Completado: 25.0% \", \"fields\": [\"Avance %\"]}}]"
  }
},
{
  "model": "admin.logentry",
  "pk": 233,
  "fields": {
    "action_time": "2024-10-14T18:17:43.600Z",
    "user": 2,
    "content_type": 17,
    "object_id": "3",
    "object_repr": "CL-RM-2114",
    "action_flag": 2,
    "change_message": "[{\"changed\": {\"name\": \"Detalle de Progreso\", \"object\": \"Grupo PTI Base Torres             | Ponderacio\\u0301n: 10.0                 | Completado: 100.0% \", \"fields\": [\"Avance %\"]}}, {\"changed\": {\"name\": \"Detalle de Progreso\", \"object\": \"Grupo PTI Base Torres             | Ponderacio\\u0301n: 15.0                 | Completado: 90.0% \", \"fields\": [\"Avance %\"]}}, {\"changed\": {\"name\": \"Detalle de Progreso\", \"object\": \"Grupo PTI Base Torres             | Ponderacio\\u0301n: 5.0                 | Completado: 0.0% \", \"fields\": [\"Avance %\"]}}]"
  }
},
{
  "model": "admin.logentry",
  "pk": 234,
  "fields": {
    "action_time": "2024-10-14T18:18:44.117Z",
    "user": 2,
    "content_type": 11,
    "object_id": "21",
    "object_repr": "CL-RM-2114 - Se realiza el montaje de la torre Autosoportada",
    "action_flag": 2,
    "change_message": "[{\"changed\": {\"fields\": [\"Comentario\"]}}]"
  }
},
{
  "model": "admin.logentry",
  "pk": 235,
  "fields": {
    "action_time": "2024-10-14T19:32:42.391Z",
    "user": 2,
    "content_type": 17,
    "object_id": "2",
    "object_repr": "CL-VS-1415",
    "action_flag": 2,
    "change_message": "[{\"changed\": {\"name\": \"Detalle de Progreso\", \"object\": \"Grupo PTI Base Torres             | Ponderacio\\u0301n: 5.0                 | Completado: 0.0% \", \"fields\": [\"Agregar\"]}}]"
  }
},
{
  "model": "admin.logentry",
  "pk": 236,
  "fields": {
    "action_time": "2024-10-14T19:32:54.803Z",
    "user": 2,
    "content_type": 17,
    "object_id": "1",
    "object_repr": "CL-VS-1403",
    "action_flag": 2,
    "change_message": "[{\"deleted\": {\"name\": \"Detalle de Progreso\", \"object\": \"Grupo PTI Base Torres             | Ponderacio\\u0301n: 5.0                 | Completado: 0.0% \"}}]"
  }
},
{
  "model": "admin.logentry",
  "pk": 237,
  "fields": {
    "action_time": "2024-10-15T12:39:06.112Z",
    "user": 2,
    "content_type": 17,
    "object_id": "2",
    "object_repr": "CL-VS-1415",
    "action_flag": 2,
    "change_message": "[{\"changed\": {\"name\": \"Detalle de Progreso\", \"object\": \"Grupo PTI Base Torres             | Ponderacio\\u0301n: 15.0                 | Completado: 100.0% \", \"fields\": [\"Avance %\"]}}, {\"changed\": {\"name\": \"Detalle de Progreso\", \"object\": \"Grupo PTI Base Torres             | Ponderacio\\u0301n: 5.0                 | Completado: 50.0% \", \"fields\": [\"Avance %\"]}}, {\"changed\": {\"name\": \"Detalle de Progreso\", \"object\": \"Grupo PTI Base Torres             | Ponderacio\\u0301n: 5.0                 | Completado: 40.0% \", \"fields\": [\"Avance %\"]}}]"
  }
},
{
  "model": "admin.logentry",
  "pk": 238,
  "fields": {
    "action_time": "2024-10-15T12:43:50.590Z",
    "user": 2,
    "content_type": 17,
    "object_id": "1",
    "object_repr": "CL-VS-1403",
    "action_flag": 2,
    "change_message": "[{\"changed\": {\"name\": \"Detalle de Progreso\", \"object\": \"Grupo PTI Base Torres             | Ponderacio\\u0301n: 15.0                 | Completado: 100.0% \", \"fields\": [\"Avance %\"]}}, {\"changed\": {\"name\": \"Detalle de Progreso\", \"object\": \"Grupo PTI Base Torres             | Ponderacio\\u0301n: 4.0                 | Completado: 100.0% \", \"fields\": [\"Avance %\"]}}, {\"changed\": {\"name\": \"Detalle de Progreso\", \"object\": \"Grupo PTI Base Torres             | Ponderacio\\u0301n: 5.0                 | Completado: 20.0% \", \"fields\": [\"Avance %\"]}}, {\"changed\": {\"name\": \"Detalle de Progreso\", \"object\": \"Grupo PTI Base Torres             | Ponderacio\\u0301n: 5.0                 | Completado: 99.0% \", \"fields\": [\"Avance %\"]}}, {\"changed\": {\"name\": \"Detalle de Progreso\", \"object\": \"Grupo PTI Base Torres             | Ponderacio\\u0301n: 10.0                 | Completado: 9.0% \", \"fields\": [\"Avance %\"]}}]"
  }
},
{
  "model": "admin.logentry",
  "pk": 239,
  "fields": {
    "action_time": "2024-10-15T12:44:17.599Z",
    "user": 2,
    "content_type": 17,
    "object_id": "2",
    "object_repr": "CL-VS-1415",
    "action_flag": 2,
    "change_message": "[{\"changed\": {\"name\": \"Detalle de Progreso\", \"object\": \"Grupo PTI Base Torres             | Ponderacio\\u0301n: 5.0                 | Completado: 100.0% \", \"fields\": [\"Avance %\"]}}]"
  }
},
{
  "model": "admin.logentry",
  "pk": 240,
  "fields": {
    "action_time": "2024-10-15T13:43:25.905Z",
    "user": 2,
    "content_type": 17,
    "object_id": "1",
    "object_repr": "CL-VS-1403",
    "action_flag": 2,
    "change_message": "[{\"changed\": {\"name\": \"Detalle de Progreso\", \"object\": \"Grupo PTI Base Torres             | Ponderacio\\u0301n: 5.0                 | Completado: 80.0% \", \"fields\": [\"Avance %\"]}}, {\"changed\": {\"name\": \"Detalle de Progreso\", \"object\": \"Grupo PTI Base Torres             | Ponderacio\\u0301n: 10.0                 | Completado: 20.0% \", \"fields\": [\"Avance %\"]}}]"
  }
},
{
  "model": "admin.logentry",
  "pk": 241,
  "fields": {
    "action_time": "2024-10-15T13:46:05.644Z",
    "user": 2,
    "content_type": 17,
    "object_id": "1",
    "object_repr": "CL-VS-1403",
    "action_flag": 2,
    "change_message": "[{\"changed\": {\"name\": \"Detalle de Progreso\", \"object\": \"Grupo PTI Base Torres             | Ponderacio\\u0301n: 5.0                 | Completado: 0.0% \", \"fields\": [\"Agregar\"]}}]"
  }
},
{
  "model": "admin.logentry",
  "pk": 242,
  "fields": {
    "action_time": "2024-10-15T14:48:10.308Z",
    "user": 2,
    "content_type": 12,
    "object_id": "115",
    "object_repr": "CL-VS-1403 - 2024-10-12",
    "action_flag": 2,
    "change_message": "[{\"changed\": {\"fields\": [\"Fecha carga\"]}}]"
  }
},
{
  "model": "admin.logentry",
  "pk": 243,
  "fields": {
    "action_time": "2024-10-15T14:48:10.313Z",
    "user": 2,
    "content_type": 12,
    "object_id": "114",
    "object_repr": "CL-VS-1403 - 2024-10-12",
    "action_flag": 2,
    "change_message": "[{\"changed\": {\"fields\": [\"Fecha carga\"]}}]"
  }
},
{
  "model": "admin.logentry",
  "pk": 244,
  "fields": {
    "action_time": "2024-10-15T14:48:10.316Z",
    "user": 2,
    "content_type": 12,
    "object_id": "113",
    "object_repr": "CL-VS-1403 - 2024-10-12",
    "action_flag": 2,
    "change_message": "[{\"changed\": {\"fields\": [\"Fecha carga\"]}}]"
  }
},
{
  "model": "admin.logentry",
  "pk": 245,
  "fields": {
    "action_time": "2024-10-15T14:48:10.318Z",
    "user": 2,
    "content_type": 12,
    "object_id": "112",
    "object_repr": "CL-VS-1403 - 2024-10-12",
    "action_flag": 2,
    "change_message": "[{\"changed\": {\"fields\": [\"Fecha carga\"]}}]"
  }
},
{
  "model": "admin.logentry",
  "pk": 246,
  "fields": {
    "action_time": "2024-10-15T15:18:00.863Z",
    "user": 2,
    "content_type": 17,
    "object_id": "1",
    "object_repr": "CL-VS-1403",
    "action_flag": 2,
    "change_message": "[{\"changed\": {\"name\": \"Detalle de Progreso\", \"object\": \"Grupo PTI Base Torres             | Ponderacio\\u0301n: 5.0                 | Completado: 90.0% \", \"fields\": [\"Avance %\"]}}, {\"changed\": {\"name\": \"Detalle de Progreso\", \"object\": \"Grupo PTI Base Torres             | Ponderacio\\u0301n: 5.0                 | Completado: 100.0% \", \"fields\": [\"Avance %\"]}}, {\"changed\": {\"name\": \"Detalle de Progreso\", \"object\": \"Grupo PTI Base Torres             | Ponderacio\\u0301n: 10.0                 | Completado: 50.0% \", \"fields\": [\"Avance %\"]}}]"
  }
},
{
  "model": "admin.logentry",
  "pk": 247,
  "fields": {
    "action_time": "2024-10-15T15:29:46.111Z",
    "user": 2,
    "content_type": 12,
    "object_id": "116",
    "object_repr": "CL-VS-1403 - 2024-10-12",
    "action_flag": 2,
    "change_message": "[{\"changed\": {\"fields\": [\"Fecha carga\"]}}]"
  }
},
{
  "model": "admin.logentry",
  "pk": 248,
  "fields": {
    "action_time": "2024-10-15T15:31:22.433Z",
    "user": 2,
    "content_type": 11,
    "object_id": "26",
    "object_repr": "CL-VS-1403 - • instalación de pilares para cierre perimetral.\r\n• instalación de radier p...",
    "action_flag": 2,
    "change_message": "[{\"changed\": {\"fields\": [\"Fecha carga\"]}}]"
  }
},
{
  "model": "admin.logentry",
  "pk": 249,
  "fields": {
    "action_time": "2024-10-15T16:25:48.840Z",
    "user": 2,
    "content_type": 17,
    "object_id": "4",
    "object_repr": "CL-LI-1203",
    "action_flag": 2,
    "change_message": "[{\"changed\": {\"name\": \"Detalle de Progreso\", \"object\": \"Grupo PTI Base Torres             | Ponderacio\\u0301n: 10.0                 | Completado: 100.0% \", \"fields\": [\"Avance %\"]}}, {\"changed\": {\"name\": \"Detalle de Progreso\", \"object\": \"Grupo PTI Base Torres             | Ponderacio\\u0301n: 15.0                 | Completado: 100.0% \", \"fields\": [\"Avance %\"]}}, {\"changed\": {\"name\": \"Detalle de Progreso\", \"object\": \"Grupo PTI Base Torres             | Ponderacio\\u0301n: 4.0                 | Completado: 100.0% \", \"fields\": [\"Avance %\"]}}, {\"changed\": {\"name\": \"Detalle de Progreso\", \"object\": \"Grupo PTI Base Torres             | Ponderacio\\u0301n: 5.0                 | Completado: 20.0% \", \"fields\": [\"Avance %\"]}}, {\"changed\": {\"name\": \"Detalle de Progreso\", \"object\": \"Grupo PTI Base Torres             | Ponderacio\\u0301n: 5.0                 | Completado: 100.0% \", \"fields\": [\"Avance %\"]}}, {\"changed\": {\"name\": \"Detalle de Progreso\", \"object\": \"Grupo PTI Base Torres             | Ponderacio\\u0301n: 5.0                 | Completado: 79.0% \", \"fields\": [\"Avance %\"]}}]"
  }
},
{
  "model": "admin.logentry",
  "pk": 250,
  "fields": {
    "action_time": "2024-10-15T16:26:02.650Z",
    "user": 2,
    "content_type": 17,
    "object_id": "4",
    "object_repr": "CL-LI-1203",
    "action_flag": 2,
    "change_message": "[{\"changed\": {\"name\": \"Detalle de Progreso\", \"object\": \"Grupo PTI Base Torres             | Ponderacio\\u0301n: 5.0                 | Completado: 80.0% \", \"fields\": [\"Avance %\"]}}]"
  }
},
{
  "model": "admin.logentry",
  "pk": 251,
  "fields": {
    "action_time": "2024-10-15T16:47:45.211Z",
    "user": 2,
    "content_type": 17,
    "object_id": "2",
    "object_repr": "CL-VS-1415",
    "action_flag": 2,
    "change_message": "[{\"changed\": {\"name\": \"Detalle de Progreso\", \"object\": \"Grupo PTI Base Torres             | Ponderacio\\u0301n: 5.0                 | Completado: 70.0% \", \"fields\": [\"Avance %\"]}}, {\"changed\": {\"name\": \"Detalle de Progreso\", \"object\": \"Grupo PTI Base Torres             | Ponderacio\\u0301n: 5.0                 | Completado: 20.0% \", \"fields\": [\"Avance %\"]}}, {\"changed\": {\"name\": \"Detalle de Progreso\", \"object\": \"Grupo PTI Base Torres             | Ponderacio\\u0301n: 5.0                 | Completado: 30.0% \", \"fields\": [\"Avance %\"]}}]"
  }
},
{
  "model": "admin.logentry",
  "pk": 252,
  "fields": {
    "action_time": "2024-10-15T17:29:39.335Z",
    "user": 2,
    "content_type": 8,
    "object_id": "104",
    "object_repr": "CL-RM-2173",
    "action_flag": 2,
    "change_message": "[{\"changed\": {\"fields\": [\"Estado\", \"Proyecto\"]}}]"
  }
},
{
  "model": "admin.logentry",
  "pk": 253,
  "fields": {
    "action_time": "2024-10-15T17:30:00.399Z",
    "user": 2,
    "content_type": 8,
    "object_id": "103",
    "object_repr": "CL-RM-2176",
    "action_flag": 2,
    "change_message": "[{\"changed\": {\"fields\": [\"Ito\", \"Estado\", \"Proyecto\"]}}]"
  }
},
{
  "model": "admin.logentry",
  "pk": 254,
  "fields": {
    "action_time": "2024-10-15T17:30:12.002Z",
    "user": 2,
    "content_type": 8,
    "object_id": "104",
    "object_repr": "CL-RM-2173",
    "action_flag": 2,
    "change_message": "[{\"changed\": {\"fields\": [\"Ito\"]}}]"
  }
},
{
  "model": "admin.logentry",
  "pk": 255,
  "fields": {
    "action_time": "2024-10-15T17:31:38.841Z",
    "user": 2,
    "content_type": 8,
    "object_id": "104",
    "object_repr": "CL-RM-2173",
    "action_flag": 2,
    "change_message": "[{\"changed\": {\"fields\": [\"Contratista\"]}}]"
  }
},
{
  "model": "admin.logentry",
  "pk": 256,
  "fields": {
    "action_time": "2024-10-15T17:31:49.197Z",
    "user": 2,
    "content_type": 8,
    "object_id": "103",
    "object_repr": "CL-RM-2176",
    "action_flag": 2,
    "change_message": "[{\"changed\": {\"fields\": [\"Contratista\"]}}]"
  }
},
{
  "model": "admin.logentry",
  "pk": 257,
  "fields": {
    "action_time": "2024-10-15T17:38:10.620Z",
    "user": 2,
    "content_type": 16,
    "object_id": "5",
    "object_repr": "CL-RM-2173 ---> PTI Base Torres",
    "action_flag": 1,
    "change_message": "[{\"added\": {}}]"
  }
},
{
  "model": "admin.logentry",
  "pk": 258,
  "fields": {
    "action_time": "2024-10-15T17:38:21.522Z",
    "user": 2,
    "content_type": 16,
    "object_id": "6",
    "object_repr": "CL-RM-2176 ---> PTI Base Torres",
    "action_flag": 1,
    "change_message": "[{\"added\": {}}]"
  }
},
{
  "model": "admin.logentry",
  "pk": 259,
  "fields": {
    "action_time": "2024-10-15T17:39:09.524Z",
    "user": 2,
    "content_type": 17,
    "object_id": "5",
    "object_repr": "CL-RM-2173",
    "action_flag": 2,
    "change_message": "[{\"changed\": {\"name\": \"Detalle de Progreso\", \"object\": \"Grupo PTI Base Torres             | Ponderacio\\u0301n: 2.0                 | Completado: 100.0% \", \"fields\": [\"Avance %\"]}}, {\"changed\": {\"name\": \"Detalle de Progreso\", \"object\": \"Grupo PTI Base Torres             | Ponderacio\\u0301n: 2.0                 | Completado: 100.0% \", \"fields\": [\"Avance %\"]}}, {\"changed\": {\"name\": \"Detalle de Progreso\", \"object\": \"Grupo PTI Base Torres             | Ponderacio\\u0301n: 2.0                 | Completado: 100.0% \", \"fields\": [\"Avance %\"]}}, {\"changed\": {\"name\": \"Detalle de Progreso\", \"object\": \"Grupo PTI Base Torres             | Ponderacio\\u0301n: 15.0                 | Completado: 100.0% \", \"fields\": [\"Avance %\"]}}, {\"changed\": {\"name\": \"Detalle de Progreso\", \"object\": \"Grupo PTI Base Torres             | Ponderacio\\u0301n: 15.0                 | Completado: 100.0% \", \"fields\": [\"Avance %\"]}}, {\"changed\": {\"name\": \"Detalle de Progreso\", \"object\": \"Grupo PTI Base Torres             | Ponderacio\\u0301n: 10.0                 | Completado: 100.0% \", \"fields\": [\"Avance %\"]}}, {\"changed\": {\"name\": \"Detalle de Progreso\", \"object\": \"Grupo PTI Base Torres             | Ponderacio\\u0301n: 15.0                 | Completado: 100.0% \", \"fields\": [\"Avance %\"]}}, {\"changed\": {\"name\": \"Detalle de Progreso\", \"object\": \"Grupo PTI Base Torres             | Ponderacio\\u0301n: 4.0                 | Completado: 100.0% \", \"fields\": [\"Avance %\"]}}, {\"changed\": {\"name\": \"Detalle de Progreso\", \"object\": \"Grupo PTI Base Torres             | Ponderacio\\u0301n: 5.0                 | Completado: 100.0% \", \"fields\": [\"Avance %\"]}}, {\"changed\": {\"name\": \"Detalle de Progreso\", \"object\": \"Grupo PTI Base Torres             | Ponderacio\\u0301n: 5.0                 | Completado: 99.0% \", \"fields\": [\"Avance %\"]}}, {\"changed\": {\"name\": \"Detalle de Progreso\", \"object\": \"Grupo PTI Base Torres             | Ponderacio\\u0301n: 10.0                 | Completado: 99.0% \", \"fields\": [\"Avance %\"]}}, {\"changed\": {\"name\": \"Detalle de Progreso\", \"object\": \"Grupo PTI Base Torres             | Ponderacio\\u0301n: 5.0                 | Completado: 100.0% \", \"fields\": [\"Avance %\"]}}, {\"deleted\": {\"name\": \"Detalle de Progreso\", \"object\": \"Grupo PTI Base Torres             | Ponderacio\\u0301n: 5.0                 | Completado: 0.0% \"}}, {\"deleted\": {\"name\": \"Detalle de Progreso\", \"object\": \"Grupo PTI Base Torres             | Ponderacio\\u0301n: 5.0                 | Completado: 0.0% \"}}]"
  }
},
{
  "model": "admin.logentry",
  "pk": 260,
  "fields": {
    "action_time": "2024-10-15T17:39:22.334Z",
    "user": 2,
    "content_type": 17,
    "object_id": "5",
    "object_repr": "CL-RM-2173",
    "action_flag": 2,
    "change_message": "[{\"changed\": {\"name\": \"Detalle de Progreso\", \"object\": \"Grupo PTI Base Torres             | Ponderacio\\u0301n: 5.0                 | Completado: 100.0% \", \"fields\": [\"Avance %\"]}}, {\"changed\": {\"name\": \"Detalle de Progreso\", \"object\": \"Grupo PTI Base Torres             | Ponderacio\\u0301n: 10.0                 | Completado: 100.0% \", \"fields\": [\"Avance %\"]}}]"
  }
},
{
  "model": "admin.logentry",
  "pk": 261,
  "fields": {
    "action_time": "2024-10-15T17:40:21.712Z",
    "user": 2,
    "content_type": 17,
    "object_id": "6",
    "object_repr": "CL-RM-2176",
    "action_flag": 2,
    "change_message": "[{\"changed\": {\"name\": \"Detalle de Progreso\", \"object\": \"Grupo PTI Base Torres             | Ponderacio\\u0301n: 2.0                 | Completado: 100.0% \", \"fields\": [\"Avance %\"]}}, {\"changed\": {\"name\": \"Detalle de Progreso\", \"object\": \"Grupo PTI Base Torres             | Ponderacio\\u0301n: 2.0                 | Completado: 100.0% \", \"fields\": [\"Avance %\"]}}, {\"changed\": {\"name\": \"Detalle de Progreso\", \"object\": \"Grupo PTI Base Torres             | Ponderacio\\u0301n: 2.0                 | Completado: 100.0% \", \"fields\": [\"Avance %\"]}}, {\"changed\": {\"name\": \"Detalle de Progreso\", \"object\": \"Grupo PTI Base Torres             | Ponderacio\\u0301n: 15.0                 | Completado: 100.0% \", \"fields\": [\"Avance %\"]}}, {\"changed\": {\"name\": \"Detalle de Progreso\", \"object\": \"Grupo PTI Base Torres             | Ponderacio\\u0301n: 15.0                 | Completado: 100.0% \", \"fields\": [\"Avance %\"]}}, {\"changed\": {\"name\": \"Detalle de Progreso\", \"object\": \"Grupo PTI Base Torres             | Ponderacio\\u0301n: 10.0                 | Completado: 100.0% \", \"fields\": [\"Avance %\"]}}, {\"changed\": {\"name\": \"Detalle de Progreso\", \"object\": \"Grupo PTI Base Torres             | Ponderacio\\u0301n: 15.0                 | Completado: 100.0% \", \"fields\": [\"Avance %\"]}}, {\"changed\": {\"name\": \"Detalle de Progreso\", \"object\": \"Grupo PTI Base Torres             | Ponderacio\\u0301n: 4.0                 | Completado: 100.0% \", \"fields\": [\"Avance %\"]}}, {\"changed\": {\"name\": \"Detalle de Progreso\", \"object\": \"Grupo PTI Base Torres             | Ponderacio\\u0301n: 5.0                 | Completado: 100.0% \", \"fields\": [\"Avance %\"]}}, {\"changed\": {\"name\": \"Detalle de Progreso\", \"object\": \"Grupo PTI Base Torres             | Ponderacio\\u0301n: 5.0                 | Completado: 100.0% \", \"fields\": [\"Avance %\"]}}, {\"changed\": {\"name\": \"Detalle de Progreso\", \"object\": \"Grupo PTI Base Torres             | Ponderacio\\u0301n: 10.0                 | Completado: 100.0% \", \"fields\": [\"Avance %\"]}}, {\"changed\": {\"name\": \"Detalle de Progreso\", \"object\": \"Grupo PTI Base Torres             | Ponderacio\\u0301n: 5.0                 | Completado: 100.0% \", \"fields\": [\"Avance %\"]}}, {\"deleted\": {\"name\": \"Detalle de Progreso\", \"object\": \"Grupo PTI Base Torres             | Ponderacio\\u0301n: 5.0                 | Completado: 0.0% \"}}, {\"deleted\": {\"name\": \"Detalle de Progreso\", \"object\": \"Grupo PTI Base Torres             | Ponderacio\\u0301n: 5.0                 | Completado: 0.0% \"}}]"
  }
},
{
  "model": "admin.logentry",
  "pk": 262,
  "fields": {
    "action_time": "2024-10-15T17:41:13.183Z",
    "user": 2,
    "content_type": 17,
    "object_id": "5",
    "object_repr": "CL-RM-2173",
    "action_flag": 2,
    "change_message": "[{\"changed\": {\"fields\": [\"Fecha inicio\", \"Fecha final\"]}}]"
  }
},
{
  "model": "admin.logentry",
  "pk": 263,
  "fields": {
    "action_time": "2024-10-15T17:41:29.649Z",
    "user": 2,
    "content_type": 17,
    "object_id": "6",
    "object_repr": "CL-RM-2176",
    "action_flag": 2,
    "change_message": "[{\"changed\": {\"fields\": [\"Fecha inicio\", \"Fecha final\"]}}]"
  }
},
{
  "model": "admin.logentry",
  "pk": 264,
  "fields": {
    "action_time": "2024-10-16T19:03:48.228Z",
    "user": 2,
    "content_type": 17,
    "object_id": "4",
    "object_repr": "CL-LI-1203",
    "action_flag": 2,
    "change_message": "[{\"changed\": {\"name\": \"Detalle de Progreso\", \"object\": \"Grupo PTI Base Torres             | Ponderacio\\u0301n: 5.0                 | Completado: 79.0% \", \"fields\": [\"Avance %\"]}}]"
  }
},
{
  "model": "admin.logentry",
  "pk": 265,
  "fields": {
    "action_time": "2024-10-16T19:15:15.607Z",
    "user": 1,
    "content_type": 17,
    "object_id": "3",
    "object_repr": "CL-RM-2114",
    "action_flag": 2,
    "change_message": "[{\"changed\": {\"name\": \"Detalle de Progreso\", \"object\": \"Grupo PTI Base Torres             | Ponderacio\\u0301n: 15.0                 | Completado: 100.0% \", \"fields\": [\"Avance %\"]}}]"
  }
},
{
  "model": "admin.logentry",
  "pk": 266,
  "fields": {
    "action_time": "2024-10-16T19:16:38.044Z",
    "user": 1,
    "content_type": 14,
    "object_id": "1",
    "object_repr": "PTI Base Torres",
    "action_flag": 2,
    "change_message": "[]"
  }
},
{
  "model": "admin.logentry",
  "pk": 267,
  "fields": {
    "action_time": "2024-10-16T23:05:53.338Z",
    "user": 1,
    "content_type": 8,
    "object_id": "104",
    "object_repr": "CL-RM-2173",
    "action_flag": 2,
    "change_message": "[{\"changed\": {\"fields\": [\"Codigo Cliente\", \"Nombre\"]}}]"
  }
},
{
  "model": "admin.logentry",
  "pk": 268,
  "fields": {
    "action_time": "2024-10-16T23:06:50.841Z",
    "user": 1,
    "content_type": 8,
    "object_id": "104",
    "object_repr": "CL-RM-2173",
    "action_flag": 2,
    "change_message": "[{\"changed\": {\"fields\": [\"Estado\"]}}]"
  }
},
{
  "model": "admin.logentry",
  "pk": 269,
  "fields": {
    "action_time": "2024-10-17T15:14:10.329Z",
    "user": 1,
    "content_type": 4,
    "object_id": "10",
    "object_repr": "rromero",
    "action_flag": 1,
    "change_message": "[{\"added\": {}}]"
  }
},
{
  "model": "admin.logentry",
  "pk": 270,
  "fields": {
    "action_time": "2024-10-17T15:14:29.921Z",
    "user": 1,
    "content_type": 4,
    "object_id": "10",
    "object_repr": "rromero",
    "action_flag": 2,
    "change_message": "[{\"changed\": {\"fields\": [\"First name\", \"Last name\", \"Email address\"]}}]"
  }
},
{
  "model": "admin.logentry",
  "pk": 271,
  "fields": {
    "action_time": "2024-10-17T15:15:50.136Z",
    "user": 1,
    "content_type": 21,
    "object_id": "10",
    "object_repr": "rromero",
    "action_flag": 1,
    "change_message": "[{\"added\": {}}]"
  }
},
{
  "model": "admin.logentry",
  "pk": 272,
  "fields": {
    "action_time": "2024-10-17T15:16:18.144Z",
    "user": 1,
    "content_type": 8,
    "object_id": "112",
    "object_repr": "AR-BA-1210",
    "action_flag": 2,
    "change_message": "[{\"changed\": {\"fields\": [\"Ito\", \"Estado\"]}}]"
  }
},
{
  "model": "admin.logentry",
  "pk": 273,
  "fields": {
    "action_time": "2024-10-21T14:10:34.898Z",
    "user": 1,
    "content_type": 17,
    "object_id": "1",
    "object_repr": "CL-VS-1403",
    "action_flag": 2,
    "change_message": "[{\"changed\": {\"name\": \"Detalle de Progreso\", \"object\": \"Grupo PTI Base Torres             | Ponderacio\\u0301n: 15.0                 | Completado: 100.0% \", \"fields\": [\"Avance %\"]}}]"
  }
},
{
  "model": "admin.logentry",
  "pk": 274,
  "fields": {
    "action_time": "2024-10-21T14:11:23.701Z",
    "user": 1,
    "content_type": 8,
    "object_id": "104",
    "object_repr": "CL-RM-2173",
    "action_flag": 2,
    "change_message": "[{\"changed\": {\"fields\": [\"Estado\"]}}]"
  }
},
{
  "model": "admin.logentry",
  "pk": 275,
  "fields": {
    "action_time": "2024-10-21T14:11:35.934Z",
    "user": 1,
    "content_type": 8,
    "object_id": "104",
    "object_repr": "CL-RM-2173",
    "action_flag": 2,
    "change_message": "[{\"changed\": {\"fields\": [\"Estado\"]}}]"
  }
},
{
  "model": "admin.logentry",
  "pk": 276,
  "fields": {
    "action_time": "2024-10-21T17:42:22.940Z",
    "user": 1,
    "content_type": 7,
    "object_id": "4",
    "object_repr": "PTA",
    "action_flag": 1,
    "change_message": "[{\"added\": {}}]"
  }
},
{
  "model": "admin.logentry",
  "pk": 277,
  "fields": {
    "action_time": "2024-10-21T17:42:51.477Z",
    "user": 1,
    "content_type": 8,
    "object_id": "114",
    "object_repr": "AR-BA-1212",
    "action_flag": 2,
    "change_message": "[{\"changed\": {\"fields\": [\"Contratista\"]}}]"
  }
},
{
  "model": "admin.logentry",
  "pk": 278,
  "fields": {
    "action_time": "2024-10-21T17:42:51.482Z",
    "user": 1,
    "content_type": 8,
    "object_id": "113",
    "object_repr": "AR-CN-1010",
    "action_flag": 2,
    "change_message": "[{\"changed\": {\"fields\": [\"Contratista\"]}}]"
  }
},
{
  "model": "admin.logentry",
  "pk": 279,
  "fields": {
    "action_time": "2024-10-21T17:42:51.486Z",
    "user": 1,
    "content_type": 8,
    "object_id": "112",
    "object_repr": "AR-BA-1210",
    "action_flag": 2,
    "change_message": "[{\"changed\": {\"fields\": [\"Contratista\"]}}]"
  }
},
{
  "model": "admin.logentry",
  "pk": 280,
  "fields": {
    "action_time": "2024-10-21T17:43:07.227Z",
    "user": 1,
    "content_type": 4,
    "object_id": "7",
    "object_repr": "mlujan",
    "action_flag": 2,
    "change_message": "[{\"changed\": {\"fields\": [\"Superuser status\"]}}]"
  }
},
{
  "model": "admin.logentry",
  "pk": 281,
  "fields": {
    "action_time": "2024-10-21T17:44:11.649Z",
    "user": 1,
    "content_type": 4,
    "object_id": "11",
    "object_repr": "carias",
    "action_flag": 1,
    "change_message": "[{\"added\": {}}]"
  }
},
{
  "model": "admin.logentry",
  "pk": 282,
  "fields": {
    "action_time": "2024-10-21T17:44:31.959Z",
    "user": 1,
    "content_type": 4,
    "object_id": "11",
    "object_repr": "carias",
    "action_flag": 2,
    "change_message": "[{\"changed\": {\"fields\": [\"First name\", \"Last name\", \"Email address\"]}}]"
  }
},
{
  "model": "admin.logentry",
  "pk": 283,
  "fields": {
    "action_time": "2024-10-21T17:45:33.231Z",
    "user": 1,
    "content_type": 21,
    "object_id": "11",
    "object_repr": "carias",
    "action_flag": 1,
    "change_message": "[{\"added\": {}}]"
  }
},
{
  "model": "admin.logentry",
  "pk": 284,
  "fields": {
    "action_time": "2024-10-22T23:47:14.409Z",
    "user": 1,
    "content_type": 13,
    "object_id": "15",
    "object_repr": "Retiro Cobertura Vegetal",
    "action_flag": 1,
    "change_message": "[{\"added\": {}}]"
  }
},
{
  "model": "admin.logentry",
  "pk": 285,
  "fields": {
    "action_time": "2024-10-22T23:47:47.137Z",
    "user": 1,
    "content_type": 13,
    "object_id": "16",
    "object_repr": "Nivelación Sitio",
    "action_flag": 1,
    "change_message": "[{\"added\": {}}]"
  }
},
{
  "model": "admin.logentry",
  "pk": 286,
  "fields": {
    "action_time": "2024-10-22T23:49:42.145Z",
    "user": 1,
    "content_type": 13,
    "object_id": "17",
    "object_repr": "Portón Exterior",
    "action_flag": 1,
    "change_message": "[{\"added\": {}}]"
  }
},
{
  "model": "admin.logentry",
  "pk": 287,
  "fields": {
    "action_time": "2024-10-22T23:50:24.103Z",
    "user": 1,
    "content_type": 13,
    "object_id": "18",
    "object_repr": "Instalación de geotextil con antiherbicida",
    "action_flag": 1,
    "change_message": "[{\"added\": {}}]"
  }
},
{
  "model": "admin.logentry",
  "pk": 288,
  "fields": {
    "action_time": "2024-10-22T23:51:09.730Z",
    "user": 1,
    "content_type": 13,
    "object_id": "19",
    "object_repr": "Colocación de ripio 3/4\" - 1\"",
    "action_flag": 1,
    "change_message": "[{\"added\": {}}]"
  }
},
{
  "model": "admin.logentry",
  "pk": 289,
  "fields": {
    "action_time": "2024-10-22T23:51:22.734Z",
    "user": 1,
    "content_type": 13,
    "object_id": "20",
    "object_repr": "Losa de generadores",
    "action_flag": 1,
    "change_message": "[{\"added\": {}}]"
  }
},
{
  "model": "admin.logentry",
  "pk": 290,
  "fields": {
    "action_time": "2024-10-22T23:51:40.690Z",
    "user": 1,
    "content_type": 13,
    "object_id": "21",
    "object_repr": "Acometida electrica",
    "action_flag": 1,
    "change_message": "[{\"added\": {}}]"
  }
},
{
  "model": "admin.logentry",
  "pk": 291,
  "fields": {
    "action_time": "2024-10-22T23:52:03.445Z",
    "user": 1,
    "content_type": 13,
    "object_id": "22",
    "object_repr": "Pilastra",
    "action_flag": 1,
    "change_message": "[{\"added\": {}}]"
  }
},
{
  "model": "admin.logentry",
  "pk": 292,
  "fields": {
    "action_time": "2024-10-22T23:52:23.741Z",
    "user": 1,
    "content_type": 13,
    "object_id": "23",
    "object_repr": "Ductos eléctricos",
    "action_flag": 1,
    "change_message": "[{\"added\": {}}]"
  }
},
{
  "model": "admin.logentry",
  "pk": 293,
  "fields": {
    "action_time": "2024-10-22T23:52:39.512Z",
    "user": 1,
    "content_type": 13,
    "object_id": "24",
    "object_repr": "Cableado",
    "action_flag": 1,
    "change_message": "[{\"added\": {}}]"
  }
},
{
  "model": "admin.logentry",
  "pk": 294,
  "fields": {
    "action_time": "2024-10-22T23:53:07.247Z",
    "user": 1,
    "content_type": 13,
    "object_id": "25",
    "object_repr": "Instalación tablero eléctrico",
    "action_flag": 1,
    "change_message": "[{\"added\": {}}]"
  }
},
{
  "model": "admin.logentry",
  "pk": 295,
  "fields": {
    "action_time": "2024-10-22T23:53:23.814Z",
    "user": 1,
    "content_type": 13,
    "object_id": "26",
    "object_repr": "Drenaje pluvial",
    "action_flag": 1,
    "change_message": "[{\"added\": {}}]"
  }
},
{
  "model": "admin.logentry",
  "pk": 296,
  "fields": {
    "action_time": "2024-10-22T23:53:41.853Z",
    "user": 1,
    "content_type": 13,
    "object_id": "27",
    "object_repr": "Camino de acceso",
    "action_flag": 1,
    "change_message": "[{\"added\": {}}]"
  }
},
{
  "model": "admin.logentry",
  "pk": 297,
  "fields": {
    "action_time": "2024-10-22T23:54:03.069Z",
    "user": 1,
    "content_type": 13,
    "object_id": "28",
    "object_repr": "Otros (limpieza, retiro de escombros, señalización)",
    "action_flag": 1,
    "change_message": "[{\"added\": {}}]"
  }
},
{
  "model": "admin.logentry",
  "pk": 298,
  "fields": {
    "action_time": "2024-10-22T23:54:23.926Z",
    "user": 1,
    "content_type": 14,
    "object_id": "2",
    "object_repr": "PTI-SX",
    "action_flag": 1,
    "change_message": "[{\"added\": {}}, {\"added\": {\"name\": \"actividad grupo\", \"object\": \"Instalaci\\u00f3n de Faenas\"}}, {\"added\": {\"name\": \"actividad grupo\", \"object\": \"Retiro Cobertura Vegetal\"}}, {\"added\": {\"name\": \"actividad grupo\", \"object\": \"Nivelaci\\u00f3n Sitio\"}}, {\"added\": {\"name\": \"actividad grupo\", \"object\": \"Cierre perimetral\"}}, {\"added\": {\"name\": \"actividad grupo\", \"object\": \"Port\\u00f3n Exterior\"}}, {\"added\": {\"name\": \"actividad grupo\", \"object\": \"Instalaci\\u00f3n de geotextil con antiherbicida\"}}, {\"added\": {\"name\": \"actividad grupo\", \"object\": \"Colocaci\\u00f3n de ripio 3/4\\\" - 1\\\"\"}}, {\"added\": {\"name\": \"actividad grupo\", \"object\": \"Losa de generadores\"}}, {\"added\": {\"name\": \"actividad grupo\", \"object\": \"Acometida electrica\"}}, {\"added\": {\"name\": \"actividad grupo\", \"object\": \"Pilastra\"}}, {\"added\": {\"name\": \"actividad grupo\", \"object\": \"Ductos el\\u00e9ctricos\"}}, {\"added\": {\"name\": \"actividad grupo\", \"object\": \"Cableado\"}}, {\"added\": {\"name\": \"actividad grupo\", \"object\": \"Instalaci\\u00f3n tablero el\\u00e9ctrico\"}}, {\"added\": {\"name\": \"actividad grupo\", \"object\": \"Drenaje pluvial\"}}, {\"added\": {\"name\": \"actividad grupo\", \"object\": \"Camino de acceso\"}}, {\"added\": {\"name\": \"actividad grupo\", \"object\": \"Otros (limpieza, retiro de escombros, se\\u00f1alizaci\\u00f3n)\"}}]"
  }
},
{
  "model": "admin.logentry",
  "pk": 299,
  "fields": {
    "action_time": "2024-10-22T23:54:53.645Z",
    "user": 1,
    "content_type": 16,
    "object_id": "7",
    "object_repr": "AR-BA-1210 ---> PTI-SX",
    "action_flag": 1,
    "change_message": "[{\"added\": {}}]"
  }
},
{
  "model": "admin.logentry",
  "pk": 300,
  "fields": {
    "action_time": "2024-10-22T23:55:29.506Z",
    "user": 1,
    "content_type": 17,
    "object_id": "7",
    "object_repr": "AR-BA-1210",
    "action_flag": 2,
    "change_message": "[{\"changed\": {\"name\": \"Detalle de Progreso\", \"object\": \"Grupo PTI-SX             | Ponderacio\\u0301n: 5.0                 | Completado: 100.0% \", \"fields\": [\"Avance %\"]}}, {\"changed\": {\"name\": \"Detalle de Progreso\", \"object\": \"Grupo PTI-SX             | Ponderacio\\u0301n: 5.0                 | Completado: 100.0% \", \"fields\": [\"Avance %\"]}}]"
  }
},
{
  "model": "admin.logentry",
  "pk": 301,
  "fields": {
    "action_time": "2024-10-22T23:56:19.224Z",
    "user": 1,
    "content_type": 17,
    "object_id": "7",
    "object_repr": "AR-BA-1210",
    "action_flag": 2,
    "change_message": "[{\"changed\": {\"fields\": [\"Fecha inicio\"]}}]"
  }
},
{
  "model": "admin.logentry",
  "pk": 302,
  "fields": {
    "action_time": "2024-10-22T23:57:21.123Z",
    "user": 1,
    "content_type": 13,
    "object_id": "18",
    "object_repr": "Geotextil con antiherbicida",
    "action_flag": 2,
    "change_message": "[{\"changed\": {\"fields\": [\"Nombre\"]}}]"
  }
},
{
  "model": "admin.logentry",
  "pk": 303,
  "fields": {
    "action_time": "2024-10-22T23:57:40.592Z",
    "user": 1,
    "content_type": 13,
    "object_id": "28",
    "object_repr": "Otros (limpieza, señalización)",
    "action_flag": 2,
    "change_message": "[{\"changed\": {\"fields\": [\"Nombre\"]}}]"
  }
},
{
  "model": "auth.permission",
  "pk": 1,
  "fields": {
    "name": "Can add log entry",
    "content_type": 1,
    "codename": "add_logentry"
  }
},
{
  "model": "auth.permission",
  "pk": 2,
  "fields": {
    "name": "Can change log entry",
    "content_type": 1,
    "codename": "change_logentry"
  }
},
{
  "model": "auth.permission",
  "pk": 3,
  "fields": {
    "name": "Can delete log entry",
    "content_type": 1,
    "codename": "delete_logentry"
  }
},
{
  "model": "auth.permission",
  "pk": 4,
  "fields": {
    "name": "Can view log entry",
    "content_type": 1,
    "codename": "view_logentry"
  }
},
{
  "model": "auth.permission",
  "pk": 5,
  "fields": {
    "name": "Can add permission",
    "content_type": 2,
    "codename": "add_permission"
  }
},
{
  "model": "auth.permission",
  "pk": 6,
  "fields": {
    "name": "Can change permission",
    "content_type": 2,
    "codename": "change_permission"
  }
},
{
  "model": "auth.permission",
  "pk": 7,
  "fields": {
    "name": "Can delete permission",
    "content_type": 2,
    "codename": "delete_permission"
  }
},
{
  "model": "auth.permission",
  "pk": 8,
  "fields": {
    "name": "Can view permission",
    "content_type": 2,
    "codename": "view_permission"
  }
},
{
  "model": "auth.permission",
  "pk": 9,
  "fields": {
    "name": "Can add group",
    "content_type": 3,
    "codename": "add_group"
  }
},
{
  "model": "auth.permission",
  "pk": 10,
  "fields": {
    "name": "Can change group",
    "content_type": 3,
    "codename": "change_group"
  }
},
{
  "model": "auth.permission",
  "pk": 11,
  "fields": {
    "name": "Can delete group",
    "content_type": 3,
    "codename": "delete_group"
  }
},
{
  "model": "auth.permission",
  "pk": 12,
  "fields": {
    "name": "Can view group",
    "content_type": 3,
    "codename": "view_group"
  }
},
{
  "model": "auth.permission",
  "pk": 13,
  "fields": {
    "name": "Can add user",
    "content_type": 4,
    "codename": "add_user"
  }
},
{
  "model": "auth.permission",
  "pk": 14,
  "fields": {
    "name": "Can change user",
    "content_type": 4,
    "codename": "change_user"
  }
},
{
  "model": "auth.permission",
  "pk": 15,
  "fields": {
    "name": "Can delete user",
    "content_type": 4,
    "codename": "delete_user"
  }
},
{
  "model": "auth.permission",
  "pk": 16,
  "fields": {
    "name": "Can view user",
    "content_type": 4,
    "codename": "view_user"
  }
},
{
  "model": "auth.permission",
  "pk": 17,
  "fields": {
    "name": "Can add content type",
    "content_type": 5,
    "codename": "add_contenttype"
  }
},
{
  "model": "auth.permission",
  "pk": 18,
  "fields": {
    "name": "Can change content type",
    "content_type": 5,
    "codename": "change_contenttype"
  }
},
{
  "model": "auth.permission",
  "pk": 19,
  "fields": {
    "name": "Can delete content type",
    "content_type": 5,
    "codename": "delete_contenttype"
  }
},
{
  "model": "auth.permission",
  "pk": 20,
  "fields": {
    "name": "Can view content type",
    "content_type": 5,
    "codename": "view_contenttype"
  }
},
{
  "model": "auth.permission",
  "pk": 21,
  "fields": {
    "name": "Can add session",
    "content_type": 6,
    "codename": "add_session"
  }
},
{
  "model": "auth.permission",
  "pk": 22,
  "fields": {
    "name": "Can change session",
    "content_type": 6,
    "codename": "change_session"
  }
},
{
  "model": "auth.permission",
  "pk": 23,
  "fields": {
    "name": "Can delete session",
    "content_type": 6,
    "codename": "delete_session"
  }
},
{
  "model": "auth.permission",
  "pk": 24,
  "fields": {
    "name": "Can view session",
    "content_type": 6,
    "codename": "view_session"
  }
},
{
  "model": "auth.permission",
  "pk": 25,
  "fields": {
    "name": "Can add contratista",
    "content_type": 7,
    "codename": "add_contratista"
  }
},
{
  "model": "auth.permission",
  "pk": 26,
  "fields": {
    "name": "Can change contratista",
    "content_type": 7,
    "codename": "change_contratista"
  }
},
{
  "model": "auth.permission",
  "pk": 27,
  "fields": {
    "name": "Can delete contratista",
    "content_type": 7,
    "codename": "delete_contratista"
  }
},
{
  "model": "auth.permission",
  "pk": 28,
  "fields": {
    "name": "Can view contratista",
    "content_type": 7,
    "codename": "view_contratista"
  }
},
{
  "model": "auth.permission",
  "pk": 29,
  "fields": {
    "name": "Can add Proyecto",
    "content_type": 8,
    "codename": "add_sitio"
  }
},
{
  "model": "auth.permission",
  "pk": 30,
  "fields": {
    "name": "Can change Proyecto",
    "content_type": 8,
    "codename": "change_sitio"
  }
},
{
  "model": "auth.permission",
  "pk": 31,
  "fields": {
    "name": "Can delete Proyecto",
    "content_type": 8,
    "codename": "delete_sitio"
  }
},
{
  "model": "auth.permission",
  "pk": 32,
  "fields": {
    "name": "Can view Proyecto",
    "content_type": 8,
    "codename": "view_sitio"
  }
},
{
  "model": "auth.permission",
  "pk": 33,
  "fields": {
    "name": "Can add Supervisor",
    "content_type": 9,
    "codename": "add_supervisor"
  }
},
{
  "model": "auth.permission",
  "pk": 34,
  "fields": {
    "name": "Can change Supervisor",
    "content_type": 9,
    "codename": "change_supervisor"
  }
},
{
  "model": "auth.permission",
  "pk": 35,
  "fields": {
    "name": "Can delete Supervisor",
    "content_type": 9,
    "codename": "delete_supervisor"
  }
},
{
  "model": "auth.permission",
  "pk": 36,
  "fields": {
    "name": "Can view Supervisor",
    "content_type": 9,
    "codename": "view_supervisor"
  }
},
{
  "model": "auth.permission",
  "pk": 37,
  "fields": {
    "name": "Can add Avance",
    "content_type": 10,
    "codename": "add_avance"
  }
},
{
  "model": "auth.permission",
  "pk": 38,
  "fields": {
    "name": "Can change Avance",
    "content_type": 10,
    "codename": "change_avance"
  }
},
{
  "model": "auth.permission",
  "pk": 39,
  "fields": {
    "name": "Can delete Avance",
    "content_type": 10,
    "codename": "delete_avance"
  }
},
{
  "model": "auth.permission",
  "pk": 40,
  "fields": {
    "name": "Can view Avance",
    "content_type": 10,
    "codename": "view_avance"
  }
},
{
  "model": "auth.permission",
  "pk": 41,
  "fields": {
    "name": "Can add comentario",
    "content_type": 11,
    "codename": "add_comentario"
  }
},
{
  "model": "auth.permission",
  "pk": 42,
  "fields": {
    "name": "Can change comentario",
    "content_type": 11,
    "codename": "change_comentario"
  }
},
{
  "model": "auth.permission",
  "pk": 43,
  "fields": {
    "name": "Can delete comentario",
    "content_type": 11,
    "codename": "delete_comentario"
  }
},
{
  "model": "auth.permission",
  "pk": 44,
  "fields": {
    "name": "Can view comentario",
    "content_type": 11,
    "codename": "view_comentario"
  }
},
{
  "model": "auth.permission",
  "pk": 45,
  "fields": {
    "name": "Can add Imagen",
    "content_type": 12,
    "codename": "add_imagen"
  }
},
{
  "model": "auth.permission",
  "pk": 46,
  "fields": {
    "name": "Can change Imagen",
    "content_type": 12,
    "codename": "change_imagen"
  }
},
{
  "model": "auth.permission",
  "pk": 47,
  "fields": {
    "name": "Can delete Imagen",
    "content_type": 12,
    "codename": "delete_imagen"
  }
},
{
  "model": "auth.permission",
  "pk": 48,
  "fields": {
    "name": "Can view Imagen",
    "content_type": 12,
    "codename": "view_imagen"
  }
},
{
  "model": "auth.permission",
  "pk": 49,
  "fields": {
    "name": "Can add Actividad",
    "content_type": 13,
    "codename": "add_actividad"
  }
},
{
  "model": "auth.permission",
  "pk": 50,
  "fields": {
    "name": "Can change Actividad",
    "content_type": 13,
    "codename": "change_actividad"
  }
},
{
  "model": "auth.permission",
  "pk": 51,
  "fields": {
    "name": "Can delete Actividad",
    "content_type": 13,
    "codename": "delete_actividad"
  }
},
{
  "model": "auth.permission",
  "pk": 52,
  "fields": {
    "name": "Can view Actividad",
    "content_type": 13,
    "codename": "view_actividad"
  }
},
{
  "model": "auth.permission",
  "pk": 53,
  "fields": {
    "name": "Can add Grupo de Actividades",
    "content_type": 14,
    "codename": "add_grupoactividades"
  }
},
{
  "model": "auth.permission",
  "pk": 54,
  "fields": {
    "name": "Can change Grupo de Actividades",
    "content_type": 14,
    "codename": "change_grupoactividades"
  }
},
{
  "model": "auth.permission",
  "pk": 55,
  "fields": {
    "name": "Can delete Grupo de Actividades",
    "content_type": 14,
    "codename": "delete_grupoactividades"
  }
},
{
  "model": "auth.permission",
  "pk": 56,
  "fields": {
    "name": "Can view Grupo de Actividades",
    "content_type": 14,
    "codename": "view_grupoactividades"
  }
},
{
  "model": "auth.permission",
  "pk": 57,
  "fields": {
    "name": "Can add actividad grupo",
    "content_type": 15,
    "codename": "add_actividadgrupo"
  }
},
{
  "model": "auth.permission",
  "pk": 58,
  "fields": {
    "name": "Can change actividad grupo",
    "content_type": 15,
    "codename": "change_actividadgrupo"
  }
},
{
  "model": "auth.permission",
  "pk": 59,
  "fields": {
    "name": "Can delete actividad grupo",
    "content_type": 15,
    "codename": "delete_actividadgrupo"
  }
},
{
  "model": "auth.permission",
  "pk": 60,
  "fields": {
    "name": "Can view actividad grupo",
    "content_type": 15,
    "codename": "view_actividadgrupo"
  }
},
{
  "model": "auth.permission",
  "pk": 61,
  "fields": {
    "name": "Can add Proyecto con Actividades",
    "content_type": 16,
    "codename": "add_proyectoactividad"
  }
},
{
  "model": "auth.permission",
  "pk": 62,
  "fields": {
    "name": "Can change Proyecto con Actividades",
    "content_type": 16,
    "codename": "change_proyectoactividad"
  }
},
{
  "model": "auth.permission",
  "pk": 63,
  "fields": {
    "name": "Can delete Proyecto con Actividades",
    "content_type": 16,
    "codename": "delete_proyectoactividad"
  }
},
{
  "model": "auth.permission",
  "pk": 64,
  "fields": {
    "name": "Can view Proyecto con Actividades",
    "content_type": 16,
    "codename": "view_proyectoactividad"
  }
},
{
  "model": "auth.permission",
  "pk": 65,
  "fields": {
    "name": "Can add progreso",
    "content_type": 17,
    "codename": "add_progreso"
  }
},
{
  "model": "auth.permission",
  "pk": 66,
  "fields": {
    "name": "Can change progreso",
    "content_type": 17,
    "codename": "change_progreso"
  }
},
{
  "model": "auth.permission",
  "pk": 67,
  "fields": {
    "name": "Can delete progreso",
    "content_type": 17,
    "codename": "delete_progreso"
  }
},
{
  "model": "auth.permission",
  "pk": 68,
  "fields": {
    "name": "Can view progreso",
    "content_type": 17,
    "codename": "view_progreso"
  }
},
{
  "model": "auth.permission",
  "pk": 69,
  "fields": {
    "name": "Can add Detalle de Progreso",
    "content_type": 18,
    "codename": "add_detalleprogreso"
  }
},
{
  "model": "auth.permission",
  "pk": 70,
  "fields": {
    "name": "Can change Detalle de Progreso",
    "content_type": 18,
    "codename": "change_detalleprogreso"
  }
},
{
  "model": "auth.permission",
  "pk": 71,
  "fields": {
    "name": "Can delete Detalle de Progreso",
    "content_type": 18,
    "codename": "delete_detalleprogreso"
  }
},
{
  "model": "auth.permission",
  "pk": 72,
  "fields": {
    "name": "Can view Detalle de Progreso",
    "content_type": 18,
    "codename": "view_detalleprogreso"
  }
},
{
  "model": "auth.permission",
  "pk": 73,
  "fields": {
    "name": "Can add Supervisor",
    "content_type": 9,
    "codename": "add_userprofile"
  }
},
{
  "model": "auth.permission",
  "pk": 74,
  "fields": {
    "name": "Can change Supervisor",
    "content_type": 9,
    "codename": "change_userprofile"
  }
},
{
  "model": "auth.permission",
  "pk": 75,
  "fields": {
    "name": "Can delete Supervisor",
    "content_type": 9,
    "codename": "delete_userprofile"
  }
},
{
  "model": "auth.permission",
  "pk": 76,
  "fields": {
    "name": "Can view Supervisor",
    "content_type": 9,
    "codename": "view_userprofile"
  }
},
{
  "model": "auth.permission",
  "pk": 77,
  "fields": {
    "name": "Can add proyecto",
    "content_type": 19,
    "codename": "add_proyecto"
  }
},
{
  "model": "auth.permission",
  "pk": 78,
  "fields": {
    "name": "Can change proyecto",
    "content_type": 19,
    "codename": "change_proyecto"
  }
},
{
  "model": "auth.permission",
  "pk": 79,
  "fields": {
    "name": "Can delete proyecto",
    "content_type": 19,
    "codename": "delete_proyecto"
  }
},
{
  "model": "auth.permission",
  "pk": 80,
  "fields": {
    "name": "Can view proyecto",
    "content_type": 19,
    "codename": "view_proyecto"
  }
},
{
  "model": "auth.permission",
  "pk": 81,
  "fields": {
    "name": "Can add cliente",
    "content_type": 20,
    "codename": "add_cliente"
  }
},
{
  "model": "auth.permission",
  "pk": 82,
  "fields": {
    "name": "Can change cliente",
    "content_type": 20,
    "codename": "change_cliente"
  }
},
{
  "model": "auth.permission",
  "pk": 83,
  "fields": {
    "name": "Can delete cliente",
    "content_type": 20,
    "codename": "delete_cliente"
  }
},
{
  "model": "auth.permission",
  "pk": 84,
  "fields": {
    "name": "Can view cliente",
    "content_type": 20,
    "codename": "view_cliente"
  }
},
{
  "model": "auth.permission",
  "pk": 85,
  "fields": {
    "name": "Can add Supervisor",
    "content_type": 21,
    "codename": "add_userprofile"
  }
},
{
  "model": "auth.permission",
  "pk": 86,
  "fields": {
    "name": "Can change Supervisor",
    "content_type": 21,
    "codename": "change_userprofile"
  }
},
{
  "model": "auth.permission",
  "pk": 87,
  "fields": {
    "name": "Can delete Supervisor",
    "content_type": 21,
    "codename": "delete_userprofile"
  }
},
{
  "model": "auth.permission",
  "pk": 88,
  "fields": {
    "name": "Can view Supervisor",
    "content_type": 21,
    "codename": "view_userprofile"
  }
},
{
  "model": "auth.user",
  "pk": 1,
  "fields": {
    "password": "pbkdf2_sha256$870000$iuIXZkhvTDAhMRBNsKYHp1$8C1L8clWyHRmEDUT2y/+ONtV58LmLNvYdSR77Oon2jA=",
    "last_login": "2024-10-17T20:46:07.947Z",
    "is_superuser": true,
    "username": "gmartinez",
    "first_name": "Gonzalo",
    "last_name": "Martinez",
    "email": "gmartinez@tekon-rl.cl",
    "is_staff": true,
    "is_active": true,
    "date_joined": "2024-10-09T23:03:24Z",
    "groups": [],
    "user_permissions": []
  }
},
{
  "model": "auth.user",
  "pk": 2,
  "fields": {
    "password": "pbkdf2_sha256$870000$cy9OVG9jS6bVSTrbXrCDxK$VaUFeromJatqf7ayX/cKnT8CXFkvaVmaKxsSsjG/VlU=",
    "last_login": "2024-10-14T22:29:31.944Z",
    "is_superuser": true,
    "username": "jordonez",
    "first_name": "Jare",
    "last_name": "Ordoñez",
    "email": "",
    "is_staff": true,
    "is_active": true,
    "date_joined": "2024-10-10T00:15:38Z",
    "groups": [],
    "user_permissions": []
  }
},
{
  "model": "auth.user",
  "pk": 3,
  "fields": {
    "password": "pbkdf2_sha256$870000$5QORdenS9T1a2BlQ0gD6QF$FZzW2OuqgelpLt8Td7MdovQqRqkWxWyAeHSTVlAJiK8=",
    "last_login": "2024-10-14T15:00:29.018Z",
    "is_superuser": false,
    "username": "labarca",
    "first_name": "Luis",
    "last_name": "Abarca",
    "email": "",
    "is_staff": false,
    "is_active": true,
    "date_joined": "2024-10-13T23:26:09Z",
    "groups": [],
    "user_permissions": []
  }
},
{
  "model": "auth.user",
  "pk": 4,
  "fields": {
    "password": "pbkdf2_sha256$870000$3e6gU8Zew8LZsQTN5HLbtC$o8dj66U8yW/zodvyYvlrDKOsjMrrAyYFBN0v9mXZ32I=",
    "last_login": null,
    "is_superuser": false,
    "username": "cfigueroa",
    "first_name": "Cesar",
    "last_name": "Figueroa",
    "email": "",
    "is_staff": false,
    "is_active": true,
    "date_joined": "2024-10-13T23:27:31Z",
    "groups": [],
    "user_permissions": []
  }
},
{
  "model": "auth.user",
  "pk": 5,
  "fields": {
    "password": "pbkdf2_sha256$870000$GXQY3YuMruNUUQ1wVQ3fEn$GnuPlTFFnCxcgZ+GgumBkBlc3FDdyGKZGzA+bI5wx1Q=",
    "last_login": "2024-10-18T17:13:25.615Z",
    "is_superuser": false,
    "username": "amelian",
    "first_name": "Andrea",
    "last_name": "Melian",
    "email": "",
    "is_staff": false,
    "is_active": true,
    "date_joined": "2024-10-13T23:30:11Z",
    "groups": [],
    "user_permissions": []
  }
},
{
  "model": "auth.user",
  "pk": 6,
  "fields": {
    "password": "pbkdf2_sha256$870000$7vb5aLcrwUpRiHlbWeaWJ4$z+5Z67RnD9PioF/ARrxy9nRWish4J091mrSpvDdUIik=",
    "last_login": "2024-10-15T10:17:35.796Z",
    "is_superuser": false,
    "username": "mfernandez",
    "first_name": "Matias",
    "last_name": "Fernandez",
    "email": "",
    "is_staff": false,
    "is_active": true,
    "date_joined": "2024-10-14T00:08:26Z",
    "groups": [],
    "user_permissions": []
  }
},
{
  "model": "auth.user",
  "pk": 7,
  "fields": {
    "password": "pbkdf2_sha256$870000$9raAGLEDOMfbuvKJp685KM$TNcRBkSCd7VI60XSMICi5AYoMvUsn6+bfF5aCrTKB/Y=",
    "last_login": "2024-10-18T20:30:26Z",
    "is_superuser": true,
    "username": "mlujan",
    "first_name": "Manuel",
    "last_name": "Lujan",
    "email": "",
    "is_staff": true,
    "is_active": true,
    "date_joined": "2024-10-14T00:10:29Z",
    "groups": [],
    "user_permissions": []
  }
},
{
  "model": "auth.user",
  "pk": 8,
  "fields": {
    "password": "pbkdf2_sha256$870000$rRs7bpot7nXS6qBtSjjAJH$Ki/W7Xm9DUb2UNmPSGdgHS8XoQKODrFS61sXLyQDidc=",
    "last_login": "2024-10-15T20:30:43.915Z",
    "is_superuser": false,
    "username": "galfinger",
    "first_name": "Grace",
    "last_name": "Alfinger",
    "email": "galfinger@phoenixintnl.com",
    "is_staff": false,
    "is_active": true,
    "date_joined": "2024-10-14T14:46:19Z",
    "groups": [],
    "user_permissions": []
  }
},
{
  "model": "auth.user",
  "pk": 9,
  "fields": {
    "password": "pbkdf2_sha256$870000$rWzVqdruGCjeiyweGBp1qB$wjx1P1CcGbedaghUtagqvOix2H35CFgCgISANGovXoo=",
    "last_login": null,
    "is_superuser": false,
    "username": "luislizama",
    "first_name": "Luis",
    "last_name": "Lizama",
    "email": "llizama@phoenixintnl.com",
    "is_staff": false,
    "is_active": true,
    "date_joined": "2024-10-14T17:00:53Z",
    "groups": [],
    "user_permissions": []
  }
},
{
  "model": "auth.user",
  "pk": 10,
  "fields": {
    "password": "pbkdf2_sha256$870000$SLo2D7tA8LLDFxg8oD5Euz$lO6H1vCRCDxc6ecR/phC5gEV/IF3YIQMlX6ZgJWjVlw=",
    "last_login": "2024-10-21T21:26:12.655Z",
    "is_superuser": false,
    "username": "rromero",
    "first_name": "Rodolfo",
    "last_name": "Romero",
    "email": "rodolfohromero54@gmail.com",
    "is_staff": false,
    "is_active": true,
    "date_joined": "2024-10-17T15:14:09Z",
    "groups": [],
    "user_permissions": []
  }
},
{
  "model": "auth.user",
  "pk": 11,
  "fields": {
    "password": "pbkdf2_sha256$870000$I0KCActn1gCCsSN0w7PNJo$wRVsJsVFCQ0/6wISIe/92i0ZFr3YpZeCPB9uNfzEjVE=",
    "last_login": "2024-10-22T22:17:46.954Z",
    "is_superuser": false,
    "username": "carias",
    "first_name": "Christian",
    "last_name": "Arias",
    "email": "christian.arias@puertas.com.ar",
    "is_staff": false,
    "is_active": true,
    "date_joined": "2024-10-21T17:44:11Z",
    "groups": [],
    "user_permissions": []
  }
},
{
  "model": "contenttypes.contenttype",
  "pk": 1,
  "fields": {
    "app_label": "admin",
    "model": "logentry"
  }
},
{
  "model": "contenttypes.contenttype",
  "pk": 2,
  "fields": {
    "app_label": "auth",
    "model": "permission"
  }
},
{
  "model": "contenttypes.contenttype",
  "pk": 3,
  "fields": {
    "app_label": "auth",
    "model": "group"
  }
},
{
  "model": "contenttypes.contenttype",
  "pk": 4,
  "fields": {
    "app_label": "auth",
    "model": "user"
  }
},
{
  "model": "contenttypes.contenttype",
  "pk": 5,
  "fields": {
    "app_label": "contenttypes",
    "model": "contenttype"
  }
},
{
  "model": "contenttypes.contenttype",
  "pk": 6,
  "fields": {
    "app_label": "sessions",
    "model": "session"
  }
},
{
  "model": "contenttypes.contenttype",
  "pk": 7,
  "fields": {
    "app_label": "main",
    "model": "contratista"
  }
},
{
  "model": "contenttypes.contenttype",
  "pk": 8,
  "fields": {
    "app_label": "main",
    "model": "sitio"
  }
},
{
  "model": "contenttypes.contenttype",
  "pk": 9,
  "fields": {
    "app_label": "main",
    "model": "userprofile"
  }
},
{
  "model": "contenttypes.contenttype",
  "pk": 10,
  "fields": {
    "app_label": "main",
    "model": "avance"
  }
},
{
  "model": "contenttypes.contenttype",
  "pk": 11,
  "fields": {
    "app_label": "galeria",
    "model": "comentario"
  }
},
{
  "model": "contenttypes.contenttype",
  "pk": 12,
  "fields": {
    "app_label": "galeria",
    "model": "imagen"
  }
},
{
  "model": "contenttypes.contenttype",
  "pk": 13,
  "fields": {
    "app_label": "actividades",
    "model": "actividad"
  }
},
{
  "model": "contenttypes.contenttype",
  "pk": 14,
  "fields": {
    "app_label": "actividades",
    "model": "grupoactividades"
  }
},
{
  "model": "contenttypes.contenttype",
  "pk": 15,
  "fields": {
    "app_label": "actividades",
    "model": "actividadgrupo"
  }
},
{
  "model": "contenttypes.contenttype",
  "pk": 16,
  "fields": {
    "app_label": "actividades",
    "model": "proyectoactividad"
  }
},
{
  "model": "contenttypes.contenttype",
  "pk": 17,
  "fields": {
    "app_label": "actividades",
    "model": "progreso"
  }
},
{
  "model": "contenttypes.contenttype",
  "pk": 18,
  "fields": {
    "app_label": "actividades",
    "model": "detalleprogreso"
  }
},
{
  "model": "contenttypes.contenttype",
  "pk": 19,
  "fields": {
    "app_label": "clientes",
    "model": "proyecto"
  }
},
{
  "model": "contenttypes.contenttype",
  "pk": 20,
  "fields": {
    "app_label": "clientes",
    "model": "cliente"
  }
},
{
  "model": "contenttypes.contenttype",
  "pk": 21,
  "fields": {
    "app_label": "clientes",
    "model": "userprofile"
  }
},
{
  "model": "sessions.session",
  "pk": "2mdwppg36ymgup62vtxnv5wluu673x0h",
  "fields": {
    "session_data": ".eJxVjEEOwiAQRe_C2pAK0wIu3XsGMsxMpWogKe3KeHfbpAvd_vfef6uI65Lj2mSOE6uLsur0uyWkp5Qd8APLvWqqZZmnpHdFH7TpW2V5XQ_37yBjy1s9iB8TDcGKGCOdA5f8OQCyA-ARLbjA3uLG-wDgxHnuiICtIe97EfX5AukAN_0:1t0MYf:M_ErETy3FHXRcrem-LuUnrl9ceE5kKsZ8VmvBzu14Uk",
    "expire_date": "2024-10-28T15:00:29.022Z"
  }
},
{
  "model": "sessions.session",
  "pk": "495nq1e7cjolutiiesa711d4os97liki",
  "fields": {
    "session_data": ".eJxVjDsOwjAQBe_iGlmOY68dSnrOED17NziAHCmfCnF3iJQC2jcz76V6bGvpt0XmfmR1Vo1Rp98xIT-k7oTvqLdJ56mu85j0ruiDLvo6sTwvh_t3ULCUb23AJiGgReOIus7bbByDu-CjtI4cKLpExooM0rJN5GOOcBT80ESCen8AAG031g:1t1Sd7:asoGr70XRd8B1Ix-MB2db9uqzCaLuCvjegXyggYbVkE",
    "expire_date": "2024-10-31T15:41:37.570Z"
  }
},
{
  "model": "sessions.session",
  "pk": "572c8uwoxrzp2o8tubj8b7ylr94zwibl",
  "fields": {
    "session_data": ".eJxVjEEOwiAQAP_C2RBZhIJH730D2WVBqgaS0p6MfzckPeh1ZjJvEXDfSth7WsPC4ipAnH4ZYXymOgQ_sN6bjK1u60JyJPKwXc6N0-t2tH-Dgr2M7Tk6FZUyXjM44zIB45QtoPYZEjDliQmVxugdg8FLspYoI7BO0WTx-QLrmDjo:1t0TZD:yBFfygnC7YCnqzNpTBT8sjAoeHf8b9MYwhQm0kVXURc",
    "expire_date": "2024-10-28T22:29:31.951Z"
  }
},
{
  "model": "sessions.session",
  "pk": "6dxogcfbbtp17z0xo49cjtk5gbcezwtg",
  "fields": {
    "session_data": ".eJxVjEEOwiAQAP_C2RBZhIJH730D2WVBqgaS0p6MfzckPeh1ZjJvEXDfSth7WsPC4ipAnH4ZYXymOgQ_sN6bjK1u60JyJPKwXc6N0-t2tH-Dgr2M7Tk6FZUyXjM44zIB45QtoPYZEjDliQmVxugdg8FLspYoI7BO0WTx-QLrmDjo:1t0MTx:-WAV6Iy7MSHgtVGDPNkANWXX50PMJcTOjAZwYZrmQgA",
    "expire_date": "2024-10-28T14:55:37.590Z"
  }
},
{
  "model": "sessions.session",
  "pk": "7qwttxi9ssyc42gud1stfkb51zgbkpph",
  "fields": {
    "session_data": ".eJxVjDsOwjAQBe_iGlmOY68dSnrOED17NziAHCmfCnF3iJQC2jcz76V6bGvpt0XmfmR1Vo1Rp98xIT-k7oTvqLdJ56mu85j0ruiDLvo6sTwvh_t3ULCUb23AJiGgReOIus7bbByDu-CjtI4cKLpExooM0rJN5GOOcBT80ESCen8AAG031g:1t2zum:-3aQmcmiY_f2AnQ9ySCCv-bqPEkEgK15bRZ0_5lDAdU",
    "expire_date": "2024-11-04T21:26:12.664Z"
  }
},
{
  "model": "sessions.session",
  "pk": "7ra5j1zkb5axvxcrk1yqox8b4n2v5bn6",
  "fields": {
    "session_data": ".eJxVjMsOwiAQRf-FtSFYhkdduvcbyMwAUjWQlHZl_HfbpAvd3nPOfYuA61LC2tMcpigu4ixOvxshP1PdQXxgvTfJrS7zRHJX5EG7vLWYXtfD_Tso2MtW65y9iconTm5E9sMYGYDIRgAP5AwY0uCcIqVtRkzeDEZra8hvHrD4fAHubjex:1sygdz:XeoMmp2mUCkPu5Dp32rAcUW3PBwY-2q9oWTQZHc04M0",
    "expire_date": "2024-10-24T00:03:03.515Z"
  }
},
{
  "model": "sessions.session",
  "pk": "939xjohjwkqt40mpa78hxeeipiddbtrw",
  "fields": {
    "session_data": ".eJxVjMsOwiAQRf-FtSFYhkdduvcbyMwAUjWQlHZl_HfbpAvd3nPOfYuA61LC2tMcpigu4ixOvxshP1PdQXxgvTfJrS7zRHJX5EG7vLWYXtfD_Tso2MtW65y9iconTm5E9sMYGYDIRgAP5AwY0uCcIqVtRkzeDEZra8hvHrD4fAHubjex:1t0Mgd:2_dyIeIx5zK1_I8uC1hU-tAKE73S0MnvPdM0_DC28jo",
    "expire_date": "2024-10-28T15:08:43.528Z"
  }
},
{
  "model": "sessions.session",
  "pk": "ahbor6e4dm0un5va9yyrqtw28iz9k1em",
  "fields": {
    "session_data": ".eJxVjMsOwiAQRf-FtSFYhkdduvcbyMwAUjWQlHZl_HfbpAvd3nPOfYuA61LC2tMcpigu4ixOvxshP1PdQXxgvTfJrS7zRHJX5EG7vLWYXtfD_Tso2MtW65y9iconTm5E9sMYGYDIRgAP5AwY0uCcIqVtRkzeDEZra8hvHrD4fAHubjex:1t1XNm:87R9otutQJI6gpBykwRcFiAFdGNuxVNYPmlsR3Rs3mk",
    "expire_date": "2024-10-31T20:46:06.795Z"
  }
},
{
  "model": "sessions.session",
  "pk": "brv7e31o42lnq3ulu8s95oamhelf7xya",
  "fields": {
    "session_data": ".eJxVjEsOwjAMBe-SNYoMSbHDkn3PENmJSwookfpZIe4OlbqA7ZuZ9zKR16XEddYpjtlcDJrD7yacHlo3kO9cb82mVpdpFLspdqez7VvW53V3_w4Kz-Vbe6UTCyFACICYOKsLA3VepOMzBWUAIHTiCZOHIWnSQEoBRY_Odeb9Ad6iN8Q:1t1tcA:ygQODMycK_9zaX8uFj7I2nz29uI-u8ZPXkMiQJeOD7g",
    "expire_date": "2024-11-01T20:30:26.911Z"
  }
},
{
  "model": "sessions.session",
  "pk": "bzp39xtvmycfb9meg6zmpor8ni9aofof",
  "fields": {
    "session_data": ".eJxVjEEOwiAQRe_C2hCgHQou3XsGAjODVA0kpV0Z765NutDtf-_9lwhxW0vYOi9hJnEWIE6_W4r44LoDusd6axJbXZc5yV2RB-3y2oifl8P9Oyixl289JE3OgGGL2cOIjNlZSBrBG5uVgUh2SgqJJwCvcVCOeQRtPSbnI4n3B-tOOBY:1t1qXV:ah3tWk3BlQ3IxvlTOAwurxxT54xJ_dBhq-a3wzGPkms",
    "expire_date": "2024-11-01T17:13:25.626Z"
  }
},
{
  "model": "sessions.session",
  "pk": "dw90b7q7x3bptaj6bn77t5u8qod4o193",
  "fields": {
    "session_data": ".eJxVjEsOwjAMBe-SNYoMSbHDkn3PENmJSwookfpZIe4OlbqA7ZuZ9zKR16XEddYpjtlcDJrD7yacHlo3kO9cb82mVpdpFLspdqez7VvW53V3_w4Kz-Vbe6UTCyFACICYOKsLA3VepOMzBWUAIHTiCZOHIWnSQEoBRY_Odeb9Ad6iN8Q:1t1S5o:Wj2rYXc1ug-619oj-ExpHfTtG1HMdTDW94Bh-U4yxug",
    "expire_date": "2024-10-31T15:07:12.323Z"
  }
},
{
  "model": "sessions.session",
  "pk": "eenb88gep0ha95hkuj5f23bhs6x6er0o",
  "fields": {
    "session_data": ".eJxVjDsOwjAQBe_iGlmOY68dSnrOED17NziAHCmfCnF3iJQC2jcz76V6bGvpt0XmfmR1Vo1Rp98xIT-k7oTvqLdJ56mu85j0ruiDLvo6sTwvh_t3ULCUb23AJiGgReOIus7bbByDu-CjtI4cKLpExooM0rJN5GOOcBT80ESCen8AAG031g:1t1Se3:cSCi-fsB4DFhEJhBN9zcNNKpzsuTHEHAh417s8mb7co",
    "expire_date": "2024-10-31T15:42:35.903Z"
  }
},
{
  "model": "sessions.session",
  "pk": "ejodnm3qcvhm325eoqbnm82peqnvd9y3",
  "fields": {
    "session_data": ".eJxVjDsOwkAMBe-yNVp5yX4p6XOGyI5tNoASKZ8KcXeIlALaNzPvZTrc1tpti8zdwOZinDOn35Gwf8i4E77jeJtsP43rPJDdFXvQxbYTy_N6uH8HFZf6rTOVwi5AKiFGJvDEoghAWXvnozbJaSA9-8IFUJqQ1EVQAfEaUsjm_QEIGjgU:1t3NCE:Eb17sgTf9Z0a0klDYEmoLJjW6b67pCO-hPXvXgNBMug",
    "expire_date": "2024-11-05T22:17:46.959Z"
  }
},
{
  "model": "sessions.session",
  "pk": "h037bzv5x2pypglmjocjudm8n72w2ygs",
  "fields": {
    "session_data": ".eJxVjMsOwiAQRf-FtSFYhkdduvcbyMwAUjWQlHZl_HfbpAvd3nPOfYuA61LC2tMcpigu4ixOvxshP1PdQXxgvTfJrS7zRHJX5EG7vLWYXtfD_Tso2MtW65y9iconTm5E9sMYGYDIRgAP5AwY0uCcIqVtRkzeDEZra8hvHrD4fAHubjex:1t0Wkv:Cp2V24NVo-FR58FF8m39Pe_Zk8QPIC1Nc3m5Cvf8I1Y",
    "expire_date": "2024-10-29T01:53:49.553Z"
  }
},
{
  "model": "sessions.session",
  "pk": "hxmz6k7hokzrdjoq93kcg8uq30b7rhth",
  "fields": {
    "session_data": ".eJxVjMsOwiAQRf-FtSFYhkdduvcbyMwAUjWQlHZl_HfbpAvd3nPOfYuA61LC2tMcpigu4ixOvxshP1PdQXxgvTfJrS7zRHJX5EG7vLWYXtfD_Tso2MtW65y9iconTm5E9sMYGYDIRgAP5AwY0uCcIqVtRkzeDEZra8hvHrD4fAHubjex:1t0MfL:xucxw-r9wjTdqDWKyCOkkWZpkZ-b1VAAigfQHSITJ8c",
    "expire_date": "2024-10-28T15:07:23.076Z"
  }
},
{
  "model": "sessions.session",
  "pk": "mxvmb5lenq08614wixvbfmh80bdwwki8",
  "fields": {
    "session_data": ".eJxVjMsOwiAQRf-FtSFYhkdduvcbyMwAUjWQlHZl_HfbpAvd3nPOfYuA61LC2tMcpigu4ixOvxshP1PdQXxgvTfJrS7zRHJX5EG7vLWYXtfD_Tso2MtW65y9iconTm5E9sMYGYDIRgAP5AwY0uCcIqVtRkzeDEZra8hvHrD4fAHubjex:1t0PwZ:aYDlToHwjsS0RX7fdvudQL_UGk1o1kaD9Ph__JxkL0U",
    "expire_date": "2024-10-28T18:37:23.418Z"
  }
},
{
  "model": "sessions.session",
  "pk": "ph848yucx8jt6jbucobb3lf9ifs68szq",
  "fields": {
    "session_data": ".eJxVjMsOwiAQRf-FtSFYhkdduvcbyMwAUjWQlHZl_HfbpAvd3nPOfYuA61LC2tMcpigu4ixOvxshP1PdQXxgvTfJrS7zRHJX5EG7vLWYXtfD_Tso2MtW65y9iconTm5E9sMYGYDIRgAP5AwY0uCcIqVtRkzeDEZra8hvHrD4fAHubjex:1t1XNn:qrYKQxkcYH9t8Uhw2czueeZILvifH2mAM1w_tNceXVE",
    "expire_date": "2024-10-31T20:46:07.950Z"
  }
},
{
  "model": "sessions.session",
  "pk": "qghingh614ws700udcnzoyyjv0ps979f",
  "fields": {
    "session_data": "e30:1t0Ab2:pkeTeYk08tJ1mew-iMNTdDTWWJbLLKaDEX1BxkPP-9I",
    "expire_date": "2024-10-28T02:14:08.512Z"
  }
},
{
  "model": "sessions.session",
  "pk": "riuh9yqs9s8eosjijv209r1w88cr1eax",
  "fields": {
    "session_data": "e30:1t0AUN:yAuYJmhDlLeGszaz3m3rB9j48A0hrPPtiqoG9M1pqoU",
    "expire_date": "2024-10-28T02:07:15.917Z"
  }
},
{
  "model": "sessions.session",
  "pk": "s8x1o7ajo8opuvm8o410lh5gggu309fs",
  "fields": {
    "session_data": ".eJxVjDkOwjAUBe_iGllGTuxvSnrOYP2VBFAiZaki7g6RUkD7ZuZtruK6dHWddaq9uItL7vS7EfJThx3IA4f76Hkclqknvyv-oLO_jaKv6-H-HXQ4d9-aYiMFNTdoZwMKFoslTq1Yw6FozCAMYCSkCowhl5AtGLQIEE3YvT8WRjlK:1t0ecR:tJxOI9o-4kAN1Q4MwBoQIBoK4CMGKm-iwohNwjWyOXA",
    "expire_date": "2024-10-29T10:17:35.823Z"
  }
},
{
  "model": "sessions.session",
  "pk": "so5kfa4cpa3wc6fj3115a0wnv705lm4o",
  "fields": {
    "session_data": ".eJxVjMsOwiAQRf-FtSFYhkdduvcbyMwAUjWQlHZl_HfbpAvd3nPOfYuA61LC2tMcpigu4ixOvxshP1PdQXxgvTfJrS7zRHJX5EG7vLWYXtfD_Tso2MtW65y9iconTm5E9sMYGYDIRgAP5AwY0uCcIqVtRkzeDEZra8hvHrD4fAHubjex:1t0BKz:mEcWaCL-4XVuhUN-br-QBkxgRQysP8gz99jjXUKogZ0",
    "expire_date": "2024-10-28T03:01:37.634Z"
  }
},
{
  "model": "sessions.session",
  "pk": "sqt43il8lhpaxhrtgbh83s7dwdoolkfs",
  "fields": {
    "session_data": "e30:1t0AXK:ZG5cq1keXns3wC7mQlIpmvoMv81mdV_EoHW6Mm9676k",
    "expire_date": "2024-10-28T02:10:18.391Z"
  }
},
{
  "model": "sessions.session",
  "pk": "tkzjmd7s8we97ud5uyvp00qxce2ogk0z",
  "fields": {
    "session_data": ".eJxVjMsOwiAQRf-FtSFYhkdduvcbyMwAUjWQlHZl_HfbpAvd3nPOfYuA61LC2tMcpigu4ixOvxshP1PdQXxgvTfJrS7zRHJX5EG7vLWYXtfD_Tso2MtW65y9iconTm5E9sMYGYDIRgAP5AwY0uCcIqVtRkzeDEZra8hvHrD4fAHubjex:1t0MeL:DEH85mdF6JdhOb6PokwuYBk0J-xz5zRAAfle95uag6g",
    "expire_date": "2024-10-28T15:06:21.773Z"
  }
},
{
  "model": "sessions.session",
  "pk": "to9w6ckyickrjoss6mog15bg6uqx03bu",
  "fields": {
    "session_data": ".eJxVjMsOwiAQRf-FtSFYhkdduvcbyMwAUjWQlHZl_HfbpAvd3nPOfYuA61LC2tMcpigu4ixOvxshP1PdQXxgvTfJrS7zRHJX5EG7vLWYXtfD_Tso2MtW65y9iconTm5E9sMYGYDIRgAP5AwY0uCcIqVtRkzeDEZra8hvHrD4fAHubjex:1t0Mgc:zfpSUPVwtqRP6pFGvgW0JIvjI4nvwBHCr-5QAkRp4cA",
    "expire_date": "2024-10-28T15:08:42.600Z"
  }
},
{
  "model": "sessions.session",
  "pk": "tv44otb5hcz5g1cs6ru5wweaej50fhrp",
  "fields": {
    "session_data": ".eJxVjMsOwiAQRf-FtSFYhkdduvcbyMwAUjWQlHZl_HfbpAvd3nPOfYuA61LC2tMcpigu4ixOvxshP1PdQXxgvTfJrS7zRHJX5EG7vLWYXtfD_Tso2MtW65y9iconTm5E9sMYGYDIRgAP5AwY0uCcIqVtRkzeDEZra8hvHrD4fAHubjex:1t0PwY:WiBpNBzb8le6LFEJnRZu0e8pTqb_hKxyie6KP9dZOb4",
    "expire_date": "2024-10-28T18:37:22.380Z"
  }
},
{
  "model": "sessions.session",
  "pk": "xlun2iigl3i0rn3wpk0yc9o2y3zxdxxo",
  "fields": {
    "session_data": ".eJxVjMsOwiAQRf-FtSGAPF267zeQgRmkaiAp7cr479qkC93ec859sQjbWuM2aIkzsgvz7PS7JcgPajvAO7Rb57m3dZkT3xV-0MGnjvS8Hu7fQYVRv3UQXjggo7QnJb0tuUhlwAokMkCAQQcnjC1SWpecxKSyK9pla6ySeGbvD9ifN38:1t0oBn:EuDyoBS1LD6vfU1rO_7nSSvGjSCjKyi694Z3n07g85k",
    "expire_date": "2024-10-29T20:30:43.932Z"
  }
},
{
  "model": "main.contratista",
  "pk": 1,
  "fields": {
    "name": "MER Group",
    "cod": "MER"
  }
},
{
  "model": "main.contratista",
  "pk": 2,
  "fields": {
    "name": "AJ",
    "cod": "AJ"
  }
},
{
  "model": "main.contratista",
  "pk": 3,
  "fields": {
    "name": "GH3",
    "cod": "GH3"
  }
},
{
  "model": "main.contratista",
  "pk": 4,
  "fields": {
    "name": "Puertas",
    "cod": "PTA"
  }
},
{
  "model": "main.sitio",
  "pk": 71,
  "fields": {
    "sitio": "CL-LI-1196",
    "cod_id": "ZO403",
    "nombre": "Cruce La Paloma",
    "altura": 42,
    "contratista": null,
    "lat": -34.55513,
    "lon": -70.95819,
    "ito": null,
    "estado": null,
    "proyecto": null
  }
},
{
  "model": "main.sitio",
  "pk": 72,
  "fields": {
    "sitio": "CL-RM-2174",
    "cod_id": "FG510",
    "nombre": "Maria Pinto",
    "altura": 48,
    "contratista": null,
    "lat": -33.41833,
    "lon": -71.05056,
    "ito": null,
    "estado": null,
    "proyecto": null
  }
},
{
  "model": "main.sitio",
  "pk": 73,
  "fields": {
    "sitio": "CL-RM-2183",
    "cod_id": "FG518",
    "nombre": "Angostura",
    "altura": 42,
    "contratista": null,
    "lat": -33.898167,
    "lon": -70.735556,
    "ito": null,
    "estado": null,
    "proyecto": null
  }
},
{
  "model": "main.sitio",
  "pk": 74,
  "fields": {
    "sitio": "CL-VS-1398",
    "cod_id": "ZV980",
    "nombre": "Lo Vasquez",
    "altura": 48,
    "contratista": null,
    "lat": -33.2848611,
    "lon": -71.4268611,
    "ito": null,
    "estado": null,
    "proyecto": null
  }
},
{
  "model": "main.sitio",
  "pk": 75,
  "fields": {
    "sitio": "CL-VS-1399",
    "cod_id": "ZV982",
    "nombre": "Santuario Lo Vasquez",
    "altura": 48,
    "contratista": null,
    "lat": -33.260889,
    "lon": -71.43775,
    "ito": null,
    "estado": null,
    "proyecto": null
  }
},
{
  "model": "main.sitio",
  "pk": 76,
  "fields": {
    "sitio": "CL-RM-2177",
    "cod_id": "FG506",
    "nombre": "Chiñigue",
    "altura": 36,
    "contratista": null,
    "lat": -33.681972,
    "lon": -71.07617,
    "ito": null,
    "estado": null,
    "proyecto": null
  }
},
{
  "model": "main.sitio",
  "pk": 77,
  "fields": {
    "sitio": "CL-LI-1198",
    "cod_id": "ZO402",
    "nombre": "Copec, San Fernando",
    "altura": 42,
    "contratista": null,
    "lat": -34.50286,
    "lon": -70.918111,
    "ito": null,
    "estado": null,
    "proyecto": null
  }
},
{
  "model": "main.sitio",
  "pk": 78,
  "fields": {
    "sitio": "CL-RM-2190",
    "cod_id": "FG515",
    "nombre": "Agua de la Nipa",
    "altura": 48,
    "contratista": null,
    "lat": -33.105583,
    "lon": -70.835972,
    "ito": null,
    "estado": null,
    "proyecto": null
  }
},
{
  "model": "main.sitio",
  "pk": 79,
  "fields": {
    "sitio": "CL-LI-1195",
    "cod_id": "ZO414",
    "nombre": "Las Mercedes",
    "altura": 42,
    "contratista": null,
    "lat": -34.25778,
    "lon": -70.80758,
    "ito": null,
    "estado": null,
    "proyecto": null
  }
},
{
  "model": "main.sitio",
  "pk": 80,
  "fields": {
    "sitio": "CL-LI-1185",
    "cod_id": "ZO421",
    "nombre": "El Arrozal",
    "altura": 42,
    "contratista": null,
    "lat": -34.0834722,
    "lon": -70.765833,
    "ito": null,
    "estado": null,
    "proyecto": null
  }
},
{
  "model": "main.sitio",
  "pk": 81,
  "fields": {
    "sitio": "CL-RM-2188",
    "cod_id": "FG516 ",
    "nombre": "Rungue",
    "altura": 42,
    "contratista": null,
    "lat": -33.005333,
    "lon": -70.903528,
    "ito": null,
    "estado": null,
    "proyecto": null
  }
},
{
  "model": "main.sitio",
  "pk": 82,
  "fields": {
    "sitio": "CL-RM-2182",
    "cod_id": "FG517",
    "nombre": "Linderos Sur",
    "altura": 42,
    "contratista": null,
    "lat": -33.7750667,
    "lon": -70.7471306,
    "ito": null,
    "estado": null,
    "proyecto": null
  }
},
{
  "model": "main.sitio",
  "pk": 83,
  "fields": {
    "sitio": "CL-LL-1199",
    "cod_id": "ZL559",
    "nombre": "Lomas del Ciprés -Puerto Varas",
    "altura": 24,
    "contratista": null,
    "lat": -41.3024444444444,
    "lon": -72.9993055555556,
    "ito": null,
    "estado": null,
    "proyecto": null
  }
},
{
  "model": "main.sitio",
  "pk": 84,
  "fields": {
    "sitio": "CL-VS-1400",
    "cod_id": "ZV979",
    "nombre": "Ruta 68-Santiago Valparaíso - Peaje Lateral Algarrobo",
    "altura": 48,
    "contratista": null,
    "lat": -33.344244,
    "lon": -71.365097,
    "ito": null,
    "estado": null,
    "proyecto": null
  }
},
{
  "model": "main.sitio",
  "pk": 85,
  "fields": {
    "sitio": "CL-LI-1183",
    "cod_id": "ZO408",
    "nombre": "Ruta 5_Santiago Talca- Sector Loma Alegre",
    "altura": 42,
    "contratista": null,
    "lat": -34.8134166666667,
    "lon": -71.0568055555556,
    "ito": null,
    "estado": null,
    "proyecto": null
  }
},
{
  "model": "main.sitio",
  "pk": 86,
  "fields": {
    "sitio": "CL-LI-1184",
    "cod_id": "ZO420",
    "nombre": "Ruta 5_Santiago Talca- Sector Aldea Agrícola",
    "altura": 42,
    "contratista": null,
    "lat": -34.0404166666667,
    "lon": -70.7028611111111,
    "ito": null,
    "estado": null,
    "proyecto": null
  }
},
{
  "model": "main.sitio",
  "pk": 87,
  "fields": {
    "sitio": "CL-RM-2178",
    "cod_id": "FG507",
    "nombre": "Ruta 78_Santiago Cartagena -Sector Melipilla Salida Poniente",
    "altura": 42,
    "contratista": null,
    "lat": -33.6699444444444,
    "lon": -71.2361944444445,
    "ito": null,
    "estado": null,
    "proyecto": null
  }
},
{
  "model": "main.sitio",
  "pk": 88,
  "fields": {
    "sitio": "CL-LI-1189",
    "cod_id": "ZO419",
    "nombre": "Ruta 5_Santiago Talca- Sector Cruce ruta H-145",
    "altura": 42,
    "contratista": null,
    "lat": -34.0018611111111,
    "lon": -70.6976666666667,
    "ito": null,
    "estado": null,
    "proyecto": null
  }
},
{
  "model": "main.sitio",
  "pk": 89,
  "fields": {
    "sitio": "CL-LI-1190",
    "cod_id": "ZO413",
    "nombre": "Ruta 5_Santiago Talca- Sector SubSole",
    "altura": 45,
    "contratista": null,
    "lat": -34.21383333333333,
    "lon": -70.78777777777778,
    "ito": null,
    "estado": null,
    "proyecto": null
  }
},
{
  "model": "main.sitio",
  "pk": 90,
  "fields": {
    "sitio": "CL-CO-1256",
    "cod_id": "ZS705",
    "nombre": "Ruta 5_La Serena Los Vilos - Sector Cerrillos Pobre",
    "altura": 48,
    "contratista": null,
    "lat": -30.621722,
    "lon": -71.500722,
    "ito": null,
    "estado": null,
    "proyecto": null
  }
},
{
  "model": "main.sitio",
  "pk": 91,
  "fields": {
    "sitio": "CL-LI-1191",
    "cod_id": "ZO412",
    "nombre": "Ruta 5_Santiago Talca- Sector Acceso Poniente Rancagua",
    "altura": 60,
    "contratista": null,
    "lat": -34.183749999999996,
    "lon": -70.79358333333333,
    "ito": null,
    "estado": null,
    "proyecto": null
  }
},
{
  "model": "main.sitio",
  "pk": 92,
  "fields": {
    "sitio": "CL-LI-1192",
    "cod_id": "ZO411",
    "nombre": "Ruta 5_Santiago Talca- Sector camino Santa Elena",
    "altura": 42,
    "contratista": null,
    "lat": -34.1473055555556,
    "lon": -70.7834722222222,
    "ito": null,
    "estado": null,
    "proyecto": null
  }
},
{
  "model": "main.sitio",
  "pk": 93,
  "fields": {
    "sitio": "CL-LI-1182",
    "cod_id": "ZO405",
    "nombre": "Ruta 5_Santiago Talca- Sector Las Mariposas",
    "altura": 42,
    "contratista": null,
    "lat": -34.696999999999996,
    "lon": -71.01877777777777,
    "ito": null,
    "estado": null,
    "proyecto": null
  }
},
{
  "model": "main.sitio",
  "pk": 94,
  "fields": {
    "sitio": "CL-RM-2175",
    "cod_id": "FG511",
    "nombre": "Ruta 68_Santiago Valparaíso- Sector Quebrada El Torito",
    "altura": 42,
    "contratista": null,
    "lat": -33.3985833333333,
    "lon": -71.2280833333333,
    "ito": null,
    "estado": null,
    "proyecto": null
  }
},
{
  "model": "main.sitio",
  "pk": 95,
  "fields": {
    "sitio": "CL-RM-2179",
    "cod_id": "FG508",
    "nombre": "Ruta 78_Santiago Cartagena -Sector Puertas Coloradas",
    "altura": 42,
    "contratista": null,
    "lat": -33.6521388888889,
    "lon": -71.3094166666667,
    "ito": null,
    "estado": null,
    "proyecto": null
  }
},
{
  "model": "main.sitio",
  "pk": 96,
  "fields": {
    "sitio": "CL-LI-1188",
    "cod_id": "ZO418",
    "nombre": "Ruta 5_Santiago Talca- Sector Cruce Los Lagartos",
    "altura": 48,
    "contratista": null,
    "lat": -33.9635,
    "lon": -70.7075833333333,
    "ito": null,
    "estado": null,
    "proyecto": null
  }
},
{
  "model": "main.sitio",
  "pk": 97,
  "fields": {
    "sitio": "CL-LI-1194",
    "cod_id": "ZO415",
    "nombre": "Ruta 5_Santiago Talca- Sector Pichiguao",
    "altura": 42,
    "contratista": null,
    "lat": -34.32025,
    "lon": -70.8309444444444,
    "ito": null,
    "estado": null,
    "proyecto": null
  }
},
{
  "model": "main.sitio",
  "pk": 98,
  "fields": {
    "sitio": "CL-VS-1407",
    "cod_id": "ZV967",
    "nombre": "Ruta 78-Santiago Cartagena - Sector Leyda",
    "altura": 42,
    "contratista": null,
    "lat": -33.6090833333333,
    "lon": -71.4632777777778,
    "ito": null,
    "estado": null,
    "proyecto": null
  }
},
{
  "model": "main.sitio",
  "pk": 99,
  "fields": {
    "sitio": "CL-RM-2186",
    "cod_id": "FG504",
    "nombre": "Ruta 78_Santiago Cartagena -Sector El Peumo",
    "altura": 48,
    "contratista": null,
    "lat": -33.68075,
    "lon": -70.9334444444444,
    "ito": null,
    "estado": null,
    "proyecto": null
  }
},
{
  "model": "main.sitio",
  "pk": 100,
  "fields": {
    "sitio": "CL-RM-2187",
    "cod_id": "FG505",
    "nombre": "Ruta 78_Santiago Cartagena -Sector La Manreza",
    "altura": 48,
    "contratista": null,
    "lat": -33.70594,
    "lon": -71.00317,
    "ito": null,
    "estado": null,
    "proyecto": null
  }
},
{
  "model": "main.sitio",
  "pk": 101,
  "fields": {
    "sitio": "CL-LI-1193",
    "cod_id": "ZO409",
    "nombre": "Ruta 5_Santiago Talca- Sector Rengo Sur",
    "altura": 42,
    "contratista": null,
    "lat": -34.424889,
    "lon": -70.886361,
    "ito": null,
    "estado": null,
    "proyecto": null
  }
},
{
  "model": "main.sitio",
  "pk": 102,
  "fields": {
    "sitio": "CL-VS-1404",
    "cod_id": "ZV990",
    "nombre": "Ruta 5_Los Vilos Santiago-Sector Playa La Ballena",
    "altura": 42,
    "contratista": null,
    "lat": -32.254306,
    "lon": -71.478306,
    "ito": null,
    "estado": null,
    "proyecto": null
  }
},
{
  "model": "main.sitio",
  "pk": 103,
  "fields": {
    "sitio": "CL-RM-2176",
    "cod_id": "FG509",
    "nombre": "Ruta 68_Santiago Valparaíso- Sector Agua de Piedra",
    "altura": 42,
    "contratista": 1,
    "lat": -33.404222,
    "lon": -71.195889,
    "ito": 5,
    "estado": "TER",
    "proyecto": 1
  }
},
{
  "model": "main.sitio",
  "pk": 104,
  "fields": {
    "sitio": "CL-RM-2173",
    "cod_id": "FG514",
    "nombre": "Ruta 5_Los Vilos Santiago -Sector Parque San Rafael",
    "altura": 42,
    "contratista": 2,
    "lat": -33.2060833,
    "lon": -70.7739722,
    "ito": 7,
    "estado": "EJE",
    "proyecto": 1
  }
},
{
  "model": "main.sitio",
  "pk": 105,
  "fields": {
    "sitio": "CL-VS-1403",
    "cod_id": "ZV985",
    "nombre": "Ruta 5_Los Vilos Santiago-Sector Pichicuy",
    "altura": 60,
    "contratista": 2,
    "lat": -32.33961,
    "lon": -71.44719,
    "ito": 7,
    "estado": "EJE",
    "proyecto": 1
  }
},
{
  "model": "main.sitio",
  "pk": 106,
  "fields": {
    "sitio": "CL-LI-1203",
    "cod_id": "06_113 ",
    "nombre": "R5 Santiago Talca",
    "altura": 30,
    "contratista": 2,
    "lat": -33.9348333,
    "lon": -70.7126944,
    "ito": 5,
    "estado": "EJE",
    "proyecto": 1
  }
},
{
  "model": "main.sitio",
  "pk": 107,
  "fields": {
    "sitio": "CL-RM-2114",
    "cod_id": "43_055",
    "nombre": "Ruta 78 Autopista El Sol",
    "altura": 36,
    "contratista": 1,
    "lat": -33.69873,
    "lon": -71.02565,
    "ito": 5,
    "estado": "EJE",
    "proyecto": 1
  }
},
{
  "model": "main.sitio",
  "pk": 109,
  "fields": {
    "sitio": "CL-VS-1415",
    "cod_id": "25_540",
    "nombre": "R5 La Calera - Santiago",
    "altura": 36,
    "contratista": 3,
    "lat": -32.8514722,
    "lon": -70.9126111,
    "ito": 7,
    "estado": "EJE",
    "proyecto": 1
  }
},
{
  "model": "main.sitio",
  "pk": 112,
  "fields": {
    "sitio": "AR-BA-1210",
    "cod_id": "----",
    "nombre": "Telepuerto General Paz",
    "altura": null,
    "contratista": 4,
    "lat": -34.5633278,
    "lon": -58.5091861,
    "ito": 10,
    "estado": "EJE",
    "proyecto": 2
  }
},
{
  "model": "main.sitio",
  "pk": 113,
  "fields": {
    "sitio": "AR-CN-1010",
    "cod_id": "----",
    "nombre": "Paso de los Libres",
    "altura": null,
    "contratista": 4,
    "lat": -29.723131,
    "lon": -57.188059,
    "ito": null,
    "estado": "TER",
    "proyecto": 2
  }
},
{
  "model": "main.sitio",
  "pk": 114,
  "fields": {
    "sitio": "AR-BA-1212",
    "cod_id": "----",
    "nombre": "Bahía Blanca",
    "altura": null,
    "contratista": 4,
    "lat": -51.539819172,
    "lon": -68.105348402,
    "ito": null,
    "estado": "ASG",
    "proyecto": 2
  }
},
{
  "model": "galeria.imagen",
  "pk": 1,
  "fields": {
    "sitio": 105,
    "imagen": "imagenes/WhatsApp_Image_2024-10-09_at_09.13.19_1.jpeg",
    "descripcion": null,
    "fecha_carga": "2024-10-08",
    "usuario": 2
  }
},
{
  "model": "galeria.imagen",
  "pk": 2,
  "fields": {
    "sitio": 105,
    "imagen": "imagenes/WhatsApp_Image_2024-10-09_at_09.13.19.jpeg",
    "descripcion": null,
    "fecha_carga": "2024-10-08",
    "usuario": 2
  }
},
{
  "model": "galeria.imagen",
  "pk": 3,
  "fields": {
    "sitio": 105,
    "imagen": "imagenes/WhatsApp_Image_2024-10-09_at_09.13.21.jpeg",
    "descripcion": null,
    "fecha_carga": "2024-10-08",
    "usuario": 2
  }
},
{
  "model": "galeria.imagen",
  "pk": 4,
  "fields": {
    "sitio": 105,
    "imagen": "imagenes/WhatsApp_Image_2024-10-03_at_11.19.13.jpeg",
    "descripcion": null,
    "fecha_carga": "2024-10-02",
    "usuario": 2
  }
},
{
  "model": "galeria.imagen",
  "pk": 5,
  "fields": {
    "sitio": 105,
    "imagen": "imagenes/WhatsApp_Image_2024-10-03_at_11.19.23.jpeg",
    "descripcion": null,
    "fecha_carga": "2024-10-02",
    "usuario": 2
  }
},
{
  "model": "galeria.imagen",
  "pk": 6,
  "fields": {
    "sitio": 105,
    "imagen": "imagenes/WhatsApp_Image_2024-10-03_at_11.19.37.jpeg",
    "descripcion": null,
    "fecha_carga": "2024-10-02",
    "usuario": 2
  }
},
{
  "model": "galeria.imagen",
  "pk": 7,
  "fields": {
    "sitio": 106,
    "imagen": "imagenes/WhatsApp_Image_2024-09-30_at_09.53.37_2.jpeg",
    "descripcion": null,
    "fecha_carga": "2024-09-30",
    "usuario": 2
  }
},
{
  "model": "galeria.imagen",
  "pk": 8,
  "fields": {
    "sitio": 106,
    "imagen": "imagenes/WhatsApp_Image_2024-09-30_at_09.53.37.jpeg",
    "descripcion": null,
    "fecha_carga": "2024-09-30",
    "usuario": 2
  }
},
{
  "model": "galeria.imagen",
  "pk": 9,
  "fields": {
    "sitio": 106,
    "imagen": "imagenes/WhatsApp_Image_2024-10-01_at_09.55.37_1.jpeg",
    "descripcion": null,
    "fecha_carga": "2024-09-30",
    "usuario": 2
  }
},
{
  "model": "galeria.imagen",
  "pk": 10,
  "fields": {
    "sitio": 106,
    "imagen": "imagenes/WhatsApp_Image_2024-10-01_at_09.55.37.jpeg",
    "descripcion": null,
    "fecha_carga": "2024-09-30",
    "usuario": 2
  }
},
{
  "model": "galeria.imagen",
  "pk": 11,
  "fields": {
    "sitio": 106,
    "imagen": "imagenes/WhatsApp_Image_2024-10-05_at_09.57.01.jpeg",
    "descripcion": null,
    "fecha_carga": "2024-10-04",
    "usuario": 2
  }
},
{
  "model": "galeria.imagen",
  "pk": 12,
  "fields": {
    "sitio": 106,
    "imagen": "imagenes/WhatsApp_Image_2024-10-05_at_09.57.02.jpeg",
    "descripcion": null,
    "fecha_carga": "2024-10-04",
    "usuario": 2
  }
},
{
  "model": "galeria.imagen",
  "pk": 13,
  "fields": {
    "sitio": 106,
    "imagen": "imagenes/WhatsApp_Image_2024-10-05_at_09.57.03.jpeg",
    "descripcion": null,
    "fecha_carga": "2024-10-04",
    "usuario": 2
  }
},
{
  "model": "galeria.imagen",
  "pk": 14,
  "fields": {
    "sitio": 106,
    "imagen": "imagenes/WhatsApp_Image_2024-10-05_at_09.57.04.jpeg",
    "descripcion": null,
    "fecha_carga": "2024-10-04",
    "usuario": 2
  }
},
{
  "model": "galeria.imagen",
  "pk": 15,
  "fields": {
    "sitio": 106,
    "imagen": "imagenes/WhatsApp_Image_2024-10-05_at_12.20.33.jpeg",
    "descripcion": null,
    "fecha_carga": "2024-10-05",
    "usuario": 2
  }
},
{
  "model": "galeria.imagen",
  "pk": 16,
  "fields": {
    "sitio": 106,
    "imagen": "imagenes/WhatsApp_Image_2024-10-05_at_12.20.34.jpeg",
    "descripcion": null,
    "fecha_carga": "2024-10-05",
    "usuario": 2
  }
},
{
  "model": "galeria.imagen",
  "pk": 17,
  "fields": {
    "sitio": 106,
    "imagen": "imagenes/WhatsApp_Image_2024-10-05_at_12.20.35.jpeg",
    "descripcion": null,
    "fecha_carga": "2024-10-05",
    "usuario": 2
  }
},
{
  "model": "galeria.imagen",
  "pk": 18,
  "fields": {
    "sitio": 106,
    "imagen": "imagenes/WhatsApp_Image_2024-10-05_at_12.20.37.jpeg",
    "descripcion": null,
    "fecha_carga": "2024-10-05",
    "usuario": 2
  }
},
{
  "model": "galeria.imagen",
  "pk": 19,
  "fields": {
    "sitio": 106,
    "imagen": "imagenes/WhatsApp_Image_2024-10-05_at_12.22.20.jpeg",
    "descripcion": null,
    "fecha_carga": "2024-10-05",
    "usuario": 2
  }
},
{
  "model": "galeria.imagen",
  "pk": 20,
  "fields": {
    "sitio": 107,
    "imagen": "imagenes/WhatsApp_Image_2024-09-30_at_14.41.18.jpeg",
    "descripcion": null,
    "fecha_carga": "2024-09-30",
    "usuario": 2
  }
},
{
  "model": "galeria.imagen",
  "pk": 21,
  "fields": {
    "sitio": 107,
    "imagen": "imagenes/WhatsApp_Image_2024-09-30_at_14.41.20_1.jpeg",
    "descripcion": null,
    "fecha_carga": "2024-09-30",
    "usuario": 2
  }
},
{
  "model": "galeria.imagen",
  "pk": 22,
  "fields": {
    "sitio": 107,
    "imagen": "imagenes/WhatsApp_Image_2024-09-30_at_14.41.49_1.jpeg",
    "descripcion": null,
    "fecha_carga": "2024-09-30",
    "usuario": 2
  }
},
{
  "model": "galeria.imagen",
  "pk": 23,
  "fields": {
    "sitio": 107,
    "imagen": "imagenes/WhatsApp_Image_2024-10-01_at_11.55.26.jpeg",
    "descripcion": null,
    "fecha_carga": "2024-10-01",
    "usuario": 2
  }
},
{
  "model": "galeria.imagen",
  "pk": 24,
  "fields": {
    "sitio": 107,
    "imagen": "imagenes/WhatsApp_Image_2024-10-01_at_11.55.27.jpeg",
    "descripcion": null,
    "fecha_carga": "2024-10-01",
    "usuario": 2
  }
},
{
  "model": "galeria.imagen",
  "pk": 25,
  "fields": {
    "sitio": 107,
    "imagen": "imagenes/WhatsApp_Image_2024-10-07_at_13.49.50.jpeg",
    "descripcion": null,
    "fecha_carga": "2024-10-06",
    "usuario": 2
  }
},
{
  "model": "galeria.imagen",
  "pk": 26,
  "fields": {
    "sitio": 107,
    "imagen": "imagenes/WhatsApp_Image_2024-10-07_at_13.49.54.jpeg",
    "descripcion": null,
    "fecha_carga": "2024-10-06",
    "usuario": 2
  }
},
{
  "model": "galeria.imagen",
  "pk": 27,
  "fields": {
    "sitio": 107,
    "imagen": "imagenes/WhatsApp_Image_2024-10-07_at_13.49.55_1.jpeg",
    "descripcion": null,
    "fecha_carga": "2024-10-06",
    "usuario": 2
  }
},
{
  "model": "galeria.imagen",
  "pk": 28,
  "fields": {
    "sitio": 107,
    "imagen": "imagenes/WhatsApp_Image_2024-10-07_at_13.49.55.jpeg",
    "descripcion": null,
    "fecha_carga": "2024-10-06",
    "usuario": 2
  }
},
{
  "model": "galeria.imagen",
  "pk": 29,
  "fields": {
    "sitio": 107,
    "imagen": "imagenes/WhatsApp_Image_2024-10-07_at_14.18.36.jpeg",
    "descripcion": null,
    "fecha_carga": "2024-10-07",
    "usuario": 2
  }
},
{
  "model": "galeria.imagen",
  "pk": 30,
  "fields": {
    "sitio": 107,
    "imagen": "imagenes/WhatsApp_Image_2024-10-07_at_14.18.37.jpeg",
    "descripcion": null,
    "fecha_carga": "2024-10-07",
    "usuario": 2
  }
},
{
  "model": "galeria.imagen",
  "pk": 31,
  "fields": {
    "sitio": 107,
    "imagen": "imagenes/WhatsApp_Image_2024-10-07_at_14.18.39.jpeg",
    "descripcion": null,
    "fecha_carga": "2024-10-07",
    "usuario": 2
  }
},
{
  "model": "galeria.imagen",
  "pk": 32,
  "fields": {
    "sitio": 109,
    "imagen": "imagenes/WhatsApp_Image_2024-09-30_at_12.11.51_1.jpeg",
    "descripcion": null,
    "fecha_carga": "2024-09-30",
    "usuario": 2
  }
},
{
  "model": "galeria.imagen",
  "pk": 33,
  "fields": {
    "sitio": 109,
    "imagen": "imagenes/WhatsApp_Image_2024-09-30_at_12.11.51_2.jpeg",
    "descripcion": null,
    "fecha_carga": "2024-09-30",
    "usuario": 2
  }
},
{
  "model": "galeria.imagen",
  "pk": 34,
  "fields": {
    "sitio": 109,
    "imagen": "imagenes/WhatsApp_Image_2024-10-03_at_10.26.47.jpeg",
    "descripcion": null,
    "fecha_carga": "2024-09-30",
    "usuario": 2
  }
},
{
  "model": "galeria.imagen",
  "pk": 35,
  "fields": {
    "sitio": 109,
    "imagen": "imagenes/WhatsApp_Image_2024-10-10_at_09.47.54.jpeg",
    "descripcion": null,
    "fecha_carga": "2024-09-30",
    "usuario": 2
  }
},
{
  "model": "galeria.imagen",
  "pk": 36,
  "fields": {
    "sitio": 109,
    "imagen": "imagenes/WhatsApp_Image_2024-10-01_at_15.23.05_1.jpeg",
    "descripcion": null,
    "fecha_carga": "2024-10-01",
    "usuario": 2
  }
},
{
  "model": "galeria.imagen",
  "pk": 37,
  "fields": {
    "sitio": 109,
    "imagen": "imagenes/WhatsApp_Image_2024-10-01_at_15.23.06.jpeg",
    "descripcion": null,
    "fecha_carga": "2024-10-01",
    "usuario": 2
  }
},
{
  "model": "galeria.imagen",
  "pk": 38,
  "fields": {
    "sitio": 109,
    "imagen": "imagenes/WhatsApp_Image_2024-10-01_at_15.23.07.jpeg",
    "descripcion": null,
    "fecha_carga": "2024-10-01",
    "usuario": 2
  }
},
{
  "model": "galeria.imagen",
  "pk": 39,
  "fields": {
    "sitio": 109,
    "imagen": "imagenes/WhatsApp_Image_2024-10-03_at_09.19.03.jpeg",
    "descripcion": null,
    "fecha_carga": "2024-10-01",
    "usuario": 2
  }
},
{
  "model": "galeria.imagen",
  "pk": 40,
  "fields": {
    "sitio": 109,
    "imagen": "imagenes/WhatsApp_Image_2024-10-07_at_08.10.18.jpeg",
    "descripcion": null,
    "fecha_carga": "2024-10-07",
    "usuario": 2
  }
},
{
  "model": "galeria.imagen",
  "pk": 41,
  "fields": {
    "sitio": 109,
    "imagen": "imagenes/WhatsApp_Image_2024-10-09_at_08.47.57_1.jpeg",
    "descripcion": null,
    "fecha_carga": "2024-10-07",
    "usuario": 2
  }
},
{
  "model": "galeria.imagen",
  "pk": 42,
  "fields": {
    "sitio": 109,
    "imagen": "imagenes/WhatsApp_Image_2024-10-09_at_08.47.57.jpeg",
    "descripcion": null,
    "fecha_carga": "2024-10-07",
    "usuario": 2
  }
},
{
  "model": "galeria.imagen",
  "pk": 43,
  "fields": {
    "sitio": 109,
    "imagen": "imagenes/WhatsApp_Image_2024-10-09_at_08.47.58_2.jpeg",
    "descripcion": null,
    "fecha_carga": "2024-10-07",
    "usuario": 2
  }
},
{
  "model": "galeria.imagen",
  "pk": 44,
  "fields": {
    "sitio": 109,
    "imagen": "imagenes/WhatsApp_Image_2024-10-09_at_08.47.59.jpeg",
    "descripcion": null,
    "fecha_carga": "2024-10-07",
    "usuario": 2
  }
},
{
  "model": "galeria.imagen",
  "pk": 45,
  "fields": {
    "sitio": 109,
    "imagen": "imagenes/WhatsApp_Image_2024-10-09_at_08.47.54_1.jpeg",
    "descripcion": null,
    "fecha_carga": "2024-10-08",
    "usuario": 2
  }
},
{
  "model": "galeria.imagen",
  "pk": 46,
  "fields": {
    "sitio": 109,
    "imagen": "imagenes/WhatsApp_Image_2024-10-09_at_08.47.55_2.jpeg",
    "descripcion": null,
    "fecha_carga": "2024-10-08",
    "usuario": 2
  }
},
{
  "model": "galeria.imagen",
  "pk": 47,
  "fields": {
    "sitio": 109,
    "imagen": "imagenes/WhatsApp_Image_2024-10-09_at_08.47.55.jpeg",
    "descripcion": null,
    "fecha_carga": "2024-10-08",
    "usuario": 2
  }
},
{
  "model": "galeria.imagen",
  "pk": 48,
  "fields": {
    "sitio": 109,
    "imagen": "imagenes/WhatsApp_Image_2024-10-09_at_08.47.56_1.jpeg",
    "descripcion": null,
    "fecha_carga": "2024-10-08",
    "usuario": 2
  }
},
{
  "model": "galeria.imagen",
  "pk": 49,
  "fields": {
    "sitio": 109,
    "imagen": "imagenes/WhatsApp_Image_2024-10-09_at_08.47.56_2.jpeg",
    "descripcion": null,
    "fecha_carga": "2024-10-08",
    "usuario": 2
  }
},
{
  "model": "galeria.imagen",
  "pk": 50,
  "fields": {
    "sitio": 109,
    "imagen": "imagenes/WhatsApp_Image_2024-10-09_at_08.47.56.jpeg",
    "descripcion": null,
    "fecha_carga": "2024-10-08",
    "usuario": 2
  }
},
{
  "model": "galeria.imagen",
  "pk": 51,
  "fields": {
    "sitio": 105,
    "imagen": "imagenes/WhatsApp_Image_2024-10-01_at_12.45.18_1.jpeg",
    "descripcion": null,
    "fecha_carga": "2024-10-01",
    "usuario": 2
  }
},
{
  "model": "galeria.imagen",
  "pk": 52,
  "fields": {
    "sitio": 105,
    "imagen": "imagenes/WhatsApp_Image_2024-10-01_at_12.45.18.jpeg",
    "descripcion": null,
    "fecha_carga": "2024-10-01",
    "usuario": 2
  }
},
{
  "model": "galeria.imagen",
  "pk": 53,
  "fields": {
    "sitio": 105,
    "imagen": "imagenes/WhatsApp_Image_2024-10-01_at_12.45.38.jpeg",
    "descripcion": null,
    "fecha_carga": "2024-10-01",
    "usuario": 2
  }
},
{
  "model": "galeria.imagen",
  "pk": 54,
  "fields": {
    "sitio": 105,
    "imagen": "imagenes/WhatsApp_Image_2024-10-01_at_12.45.47.jpeg",
    "descripcion": null,
    "fecha_carga": "2024-10-01",
    "usuario": 2
  }
},
{
  "model": "galeria.imagen",
  "pk": 55,
  "fields": {
    "sitio": 105,
    "imagen": "imagenes/WhatsApp_Image_2024-10-09_at_08.51.12_1.jpeg",
    "descripcion": null,
    "fecha_carga": "2024-10-07",
    "usuario": 2
  }
},
{
  "model": "galeria.imagen",
  "pk": 56,
  "fields": {
    "sitio": 105,
    "imagen": "imagenes/WhatsApp_Image_2024-10-09_at_08.51.14.jpeg",
    "descripcion": null,
    "fecha_carga": "2024-10-07",
    "usuario": 2
  }
},
{
  "model": "galeria.imagen",
  "pk": 57,
  "fields": {
    "sitio": 105,
    "imagen": "imagenes/WhatsApp_Image_2024-10-09_at_08.51.15_2.jpeg",
    "descripcion": null,
    "fecha_carga": "2024-10-07",
    "usuario": 2
  }
},
{
  "model": "galeria.imagen",
  "pk": 58,
  "fields": {
    "sitio": 105,
    "imagen": "imagenes/WhatsApp_Image_2024-10-09_at_08.51.16_1.jpeg",
    "descripcion": null,
    "fecha_carga": "2024-10-07",
    "usuario": 2
  }
},
{
  "model": "galeria.imagen",
  "pk": 59,
  "fields": {
    "sitio": 109,
    "imagen": "imagenes/WhatsApp_Image_2024-10-03_at_09.17.57.jpeg",
    "descripcion": null,
    "fecha_carga": "2024-10-03",
    "usuario": 2
  }
},
{
  "model": "galeria.imagen",
  "pk": 60,
  "fields": {
    "sitio": 109,
    "imagen": "imagenes/WhatsApp_Image_2024-10-03_at_09.17.58.jpeg",
    "descripcion": null,
    "fecha_carga": "2024-10-03",
    "usuario": 2
  }
},
{
  "model": "galeria.imagen",
  "pk": 61,
  "fields": {
    "sitio": 109,
    "imagen": "imagenes/WhatsApp_Image_2024-10-03_at_09.17.59.jpeg",
    "descripcion": null,
    "fecha_carga": "2024-10-03",
    "usuario": 2
  }
},
{
  "model": "galeria.imagen",
  "pk": 62,
  "fields": {
    "sitio": 109,
    "imagen": "imagenes/WhatsApp_Image_2024-10-07_at_08.11.16.jpeg",
    "descripcion": null,
    "fecha_carga": "2024-10-05",
    "usuario": 2
  }
},
{
  "model": "galeria.imagen",
  "pk": 63,
  "fields": {
    "sitio": 109,
    "imagen": "imagenes/WhatsApp_Image_2024-10-07_at_08.11.17_1.jpeg",
    "descripcion": null,
    "fecha_carga": "2024-10-05",
    "usuario": 2
  }
},
{
  "model": "galeria.imagen",
  "pk": 64,
  "fields": {
    "sitio": 109,
    "imagen": "imagenes/WhatsApp_Image_2024-10-07_at_08.11.17.jpeg",
    "descripcion": null,
    "fecha_carga": "2024-10-05",
    "usuario": 2
  }
},
{
  "model": "galeria.imagen",
  "pk": 68,
  "fields": {
    "sitio": 106,
    "imagen": "imagenes/WhatsApp_Image_2024-10-10_at_10.32.48.jpeg",
    "descripcion": null,
    "fecha_carga": "2024-10-10",
    "usuario": 2
  }
},
{
  "model": "galeria.imagen",
  "pk": 69,
  "fields": {
    "sitio": 106,
    "imagen": "imagenes/WhatsApp_Image_2024-10-10_at_11.23.09.jpeg",
    "descripcion": null,
    "fecha_carga": "2024-10-10",
    "usuario": 2
  }
},
{
  "model": "galeria.imagen",
  "pk": 70,
  "fields": {
    "sitio": 106,
    "imagen": "imagenes/WhatsApp_Image_2024-10-10_at_11.23.10_1.jpeg",
    "descripcion": null,
    "fecha_carga": "2024-10-10",
    "usuario": 2
  }
},
{
  "model": "galeria.imagen",
  "pk": 71,
  "fields": {
    "sitio": 106,
    "imagen": "imagenes/WhatsApp_Image_2024-10-10_at_11.23.10.jpeg",
    "descripcion": null,
    "fecha_carga": "2024-10-10",
    "usuario": 2
  }
},
{
  "model": "galeria.imagen",
  "pk": 72,
  "fields": {
    "sitio": 106,
    "imagen": "imagenes/WhatsApp_Image_2024-10-10_at_11.23.11.jpeg",
    "descripcion": null,
    "fecha_carga": "2024-10-10",
    "usuario": 2
  }
},
{
  "model": "galeria.imagen",
  "pk": 73,
  "fields": {
    "sitio": 106,
    "imagen": "imagenes/WhatsApp_Image_2024-10-10_at_11.31.19.jpeg",
    "descripcion": null,
    "fecha_carga": "2024-10-10",
    "usuario": 2
  }
},
{
  "model": "galeria.imagen",
  "pk": 74,
  "fields": {
    "sitio": 109,
    "imagen": "imagenes/WhatsApp_Image_2024-10-11_at_13.34.02.jpeg",
    "descripcion": null,
    "fecha_carga": "2024-10-11",
    "usuario": 2
  }
},
{
  "model": "galeria.imagen",
  "pk": 75,
  "fields": {
    "sitio": 109,
    "imagen": "imagenes/WhatsApp_Image_2024-10-11_at_16.45.17.jpeg",
    "descripcion": null,
    "fecha_carga": "2024-10-11",
    "usuario": 2
  }
},
{
  "model": "galeria.imagen",
  "pk": 76,
  "fields": {
    "sitio": 109,
    "imagen": "imagenes/WhatsApp_Image_2024-10-11_at_16.45.19_2.jpeg",
    "descripcion": null,
    "fecha_carga": "2024-10-11",
    "usuario": 2
  }
},
{
  "model": "galeria.imagen",
  "pk": 77,
  "fields": {
    "sitio": 109,
    "imagen": "imagenes/WhatsApp_Image_2024-10-11_at_16.45.22_2.jpeg",
    "descripcion": null,
    "fecha_carga": "2024-10-11",
    "usuario": 2
  }
},
{
  "model": "galeria.imagen",
  "pk": 78,
  "fields": {
    "sitio": 109,
    "imagen": "imagenes/WhatsApp_Image_2024-10-11_at_16.45.22_3.jpeg",
    "descripcion": null,
    "fecha_carga": "2024-10-11",
    "usuario": 2
  }
},
{
  "model": "galeria.imagen",
  "pk": 82,
  "fields": {
    "sitio": 107,
    "imagen": "imagenes/IMG_20241014_141017_876.jpg",
    "descripcion": null,
    "fecha_carga": "2024-10-14",
    "usuario": 3
  }
},
{
  "model": "galeria.imagen",
  "pk": 88,
  "fields": {
    "sitio": 107,
    "imagen": "imagenes/WhatsApp_Image_2024-10-14_at_10.22.17.jpeg",
    "descripcion": null,
    "fecha_carga": "2024-10-14",
    "usuario": 2
  }
},
{
  "model": "galeria.imagen",
  "pk": 92,
  "fields": {
    "sitio": 107,
    "imagen": "imagenes/IMG-20241014-WA0059.jpg",
    "descripcion": null,
    "fecha_carga": "2024-10-14",
    "usuario": 3
  }
},
{
  "model": "galeria.imagen",
  "pk": 93,
  "fields": {
    "sitio": 107,
    "imagen": "imagenes/IMG-20241014-WA0060.jpg",
    "descripcion": null,
    "fecha_carga": "2024-10-14",
    "usuario": 3
  }
},
{
  "model": "galeria.imagen",
  "pk": 94,
  "fields": {
    "sitio": 107,
    "imagen": "imagenes/IMG-20241014-WA0058.jpg",
    "descripcion": null,
    "fecha_carga": "2024-10-14",
    "usuario": 3
  }
},
{
  "model": "galeria.imagen",
  "pk": 95,
  "fields": {
    "sitio": 107,
    "imagen": "imagenes/IMG-20241014-WA0057.jpg",
    "descripcion": null,
    "fecha_carga": "2024-10-14",
    "usuario": 3
  }
},
{
  "model": "galeria.imagen",
  "pk": 96,
  "fields": {
    "sitio": 107,
    "imagen": "imagenes/IMG-20241014-WA0056.jpg",
    "descripcion": null,
    "fecha_carga": "2024-10-14",
    "usuario": 3
  }
},
{
  "model": "galeria.imagen",
  "pk": 97,
  "fields": {
    "sitio": 107,
    "imagen": "imagenes/IMG-20241014-WA0055.jpg",
    "descripcion": null,
    "fecha_carga": "2024-10-14",
    "usuario": 3
  }
},
{
  "model": "galeria.imagen",
  "pk": 98,
  "fields": {
    "sitio": 107,
    "imagen": "imagenes/IMG-20241014-WA0054.jpg",
    "descripcion": null,
    "fecha_carga": "2024-10-14",
    "usuario": 3
  }
},
{
  "model": "galeria.imagen",
  "pk": 99,
  "fields": {
    "sitio": 107,
    "imagen": "imagenes/IMG-20241014-WA0034.jpg",
    "descripcion": null,
    "fecha_carga": "2024-10-14",
    "usuario": 3
  }
},
{
  "model": "galeria.imagen",
  "pk": 100,
  "fields": {
    "sitio": 107,
    "imagen": "imagenes/IMG-20241014-WA0036.jpg",
    "descripcion": null,
    "fecha_carga": "2024-10-14",
    "usuario": 3
  }
},
{
  "model": "galeria.imagen",
  "pk": 101,
  "fields": {
    "sitio": 107,
    "imagen": "imagenes/IMG-20241014-WA0053.jpg",
    "descripcion": null,
    "fecha_carga": "2024-10-14",
    "usuario": 3
  }
},
{
  "model": "galeria.imagen",
  "pk": 102,
  "fields": {
    "sitio": 107,
    "imagen": "imagenes/IMG-20241014-WA0052.jpg",
    "descripcion": null,
    "fecha_carga": "2024-10-14",
    "usuario": 3
  }
},
{
  "model": "galeria.imagen",
  "pk": 103,
  "fields": {
    "sitio": 107,
    "imagen": "imagenes/IMG-20241014-WA0044.jpg",
    "descripcion": null,
    "fecha_carga": "2024-10-14",
    "usuario": 3
  }
},
{
  "model": "galeria.imagen",
  "pk": 104,
  "fields": {
    "sitio": 107,
    "imagen": "imagenes/IMG-20241014-WA0051.jpg",
    "descripcion": null,
    "fecha_carga": "2024-10-14",
    "usuario": 3
  }
},
{
  "model": "galeria.imagen",
  "pk": 105,
  "fields": {
    "sitio": 107,
    "imagen": "imagenes/IMG-20241014-WA0041.jpg",
    "descripcion": null,
    "fecha_carga": "2024-10-14",
    "usuario": 3
  }
},
{
  "model": "galeria.imagen",
  "pk": 106,
  "fields": {
    "sitio": 107,
    "imagen": "imagenes/IMG-20241014-WA0043.jpg",
    "descripcion": null,
    "fecha_carga": "2024-10-14",
    "usuario": 3
  }
},
{
  "model": "galeria.imagen",
  "pk": 107,
  "fields": {
    "sitio": 107,
    "imagen": "imagenes/IMG-20241014-WA0042.jpg",
    "descripcion": null,
    "fecha_carga": "2024-10-14",
    "usuario": 3
  }
},
{
  "model": "galeria.imagen",
  "pk": 108,
  "fields": {
    "sitio": 107,
    "imagen": "imagenes/IMG-20241014-WA0040.jpg",
    "descripcion": null,
    "fecha_carga": "2024-10-14",
    "usuario": 3
  }
},
{
  "model": "galeria.imagen",
  "pk": 109,
  "fields": {
    "sitio": 107,
    "imagen": "imagenes/IMG-20241014-WA0039.jpg",
    "descripcion": null,
    "fecha_carga": "2024-10-14",
    "usuario": 3
  }
},
{
  "model": "galeria.imagen",
  "pk": 110,
  "fields": {
    "sitio": 107,
    "imagen": "imagenes/IMG-20241014-WA0038.jpg",
    "descripcion": null,
    "fecha_carga": "2024-10-14",
    "usuario": 3
  }
},
{
  "model": "galeria.imagen",
  "pk": 111,
  "fields": {
    "sitio": 107,
    "imagen": "imagenes/IMG-20241014-WA0037.jpg",
    "descripcion": null,
    "fecha_carga": "2024-10-14",
    "usuario": 3
  }
},
{
  "model": "galeria.imagen",
  "pk": 112,
  "fields": {
    "sitio": 105,
    "imagen": "imagenes/IMG-20241014-WA0025.jpg",
    "descripcion": null,
    "fecha_carga": "2024-10-12",
    "usuario": 6
  }
},
{
  "model": "galeria.imagen",
  "pk": 113,
  "fields": {
    "sitio": 105,
    "imagen": "imagenes/IMG-20241014-WA0027.jpg",
    "descripcion": null,
    "fecha_carga": "2024-10-12",
    "usuario": 6
  }
},
{
  "model": "galeria.imagen",
  "pk": 114,
  "fields": {
    "sitio": 105,
    "imagen": "imagenes/IMG-20241014-WA0028.jpg",
    "descripcion": null,
    "fecha_carga": "2024-10-12",
    "usuario": 6
  }
},
{
  "model": "galeria.imagen",
  "pk": 115,
  "fields": {
    "sitio": 105,
    "imagen": "imagenes/IMG-20241014-WA0029.jpg",
    "descripcion": null,
    "fecha_carga": "2024-10-12",
    "usuario": 6
  }
},
{
  "model": "galeria.imagen",
  "pk": 116,
  "fields": {
    "sitio": 105,
    "imagen": "imagenes/IMG-20241014-WA0023.jpg",
    "descripcion": null,
    "fecha_carga": "2024-10-12",
    "usuario": 6
  }
},
{
  "model": "galeria.imagen",
  "pk": 117,
  "fields": {
    "sitio": 109,
    "imagen": "imagenes/IMG-20241015-WA0003.jpg",
    "descripcion": null,
    "fecha_carga": "2024-10-14",
    "usuario": 6
  }
},
{
  "model": "galeria.imagen",
  "pk": 118,
  "fields": {
    "sitio": 109,
    "imagen": "imagenes/IMG-20241015-WA0005.jpg",
    "descripcion": null,
    "fecha_carga": "2024-10-14",
    "usuario": 6
  }
},
{
  "model": "galeria.imagen",
  "pk": 119,
  "fields": {
    "sitio": 109,
    "imagen": "imagenes/IMG-20241015-WA0010.jpg",
    "descripcion": null,
    "fecha_carga": "2024-10-14",
    "usuario": 6
  }
},
{
  "model": "galeria.imagen",
  "pk": 120,
  "fields": {
    "sitio": 109,
    "imagen": "imagenes/IMG-20241015-WA0014.jpg",
    "descripcion": null,
    "fecha_carga": "2024-10-14",
    "usuario": 6
  }
},
{
  "model": "galeria.imagen",
  "pk": 121,
  "fields": {
    "sitio": 109,
    "imagen": "imagenes/IMG-20241015-WA0000.jpg",
    "descripcion": null,
    "fecha_carga": "2024-10-14",
    "usuario": 6
  }
},
{
  "model": "galeria.imagen",
  "pk": 122,
  "fields": {
    "sitio": 105,
    "imagen": "imagenes/WhatsApp_Image_2024-10-15_at_10.40.15_1.jpeg",
    "descripcion": null,
    "fecha_carga": "2024-10-15",
    "usuario": 2
  }
},
{
  "model": "galeria.imagen",
  "pk": 123,
  "fields": {
    "sitio": 105,
    "imagen": "imagenes/WhatsApp_Image_2024-10-15_at_10.40.15_2.jpeg",
    "descripcion": null,
    "fecha_carga": "2024-10-15",
    "usuario": 2
  }
},
{
  "model": "galeria.imagen",
  "pk": 124,
  "fields": {
    "sitio": 105,
    "imagen": "imagenes/WhatsApp_Image_2024-10-15_at_10.40.15.jpeg",
    "descripcion": null,
    "fecha_carga": "2024-10-15",
    "usuario": 2
  }
},
{
  "model": "galeria.imagen",
  "pk": 125,
  "fields": {
    "sitio": 105,
    "imagen": "imagenes/WhatsApp_Image_2024-10-15_at_10.40.16_1.jpeg",
    "descripcion": null,
    "fecha_carga": "2024-10-15",
    "usuario": 2
  }
},
{
  "model": "galeria.imagen",
  "pk": 126,
  "fields": {
    "sitio": 105,
    "imagen": "imagenes/WhatsApp_Image_2024-10-15_at_10.40.16.jpeg",
    "descripcion": null,
    "fecha_carga": "2024-10-15",
    "usuario": 2
  }
},
{
  "model": "galeria.imagen",
  "pk": 127,
  "fields": {
    "sitio": 105,
    "imagen": "imagenes/WhatsApp_Image_2024-10-15_at_10.39.35_1.jpeg",
    "descripcion": null,
    "fecha_carga": "2024-10-10",
    "usuario": 2
  }
},
{
  "model": "galeria.imagen",
  "pk": 128,
  "fields": {
    "sitio": 105,
    "imagen": "imagenes/WhatsApp_Image_2024-10-15_at_10.39.35.jpeg",
    "descripcion": null,
    "fecha_carga": "2024-10-10",
    "usuario": 2
  }
},
{
  "model": "galeria.imagen",
  "pk": 129,
  "fields": {
    "sitio": 105,
    "imagen": "imagenes/WhatsApp_Image_2024-10-15_at_10.39.36_1.jpeg",
    "descripcion": null,
    "fecha_carga": "2024-10-10",
    "usuario": 2
  }
},
{
  "model": "galeria.imagen",
  "pk": 130,
  "fields": {
    "sitio": 105,
    "imagen": "imagenes/WhatsApp_Image_2024-10-15_at_10.39.36_2.jpeg",
    "descripcion": null,
    "fecha_carga": "2024-10-10",
    "usuario": 2
  }
},
{
  "model": "galeria.imagen",
  "pk": 131,
  "fields": {
    "sitio": 105,
    "imagen": "imagenes/WhatsApp_Image_2024-10-15_at_10.39.36_3.jpeg",
    "descripcion": null,
    "fecha_carga": "2024-10-10",
    "usuario": 2
  }
},
{
  "model": "galeria.imagen",
  "pk": 132,
  "fields": {
    "sitio": 105,
    "imagen": "imagenes/WhatsApp_Image_2024-10-15_at_10.39.36.jpeg",
    "descripcion": null,
    "fecha_carga": "2024-10-10",
    "usuario": 2
  }
},
{
  "model": "galeria.imagen",
  "pk": 133,
  "fields": {
    "sitio": 106,
    "imagen": "imagenes/WhatsApp_Image_2024-10-15_at_10.45.36.jpeg",
    "descripcion": null,
    "fecha_carga": "2024-10-15",
    "usuario": 2
  }
},
{
  "model": "galeria.imagen",
  "pk": 134,
  "fields": {
    "sitio": 106,
    "imagen": "imagenes/WhatsApp_Image_2024-10-15_at_10.45.37.jpeg",
    "descripcion": null,
    "fecha_carga": "2024-10-15",
    "usuario": 2
  }
},
{
  "model": "galeria.imagen",
  "pk": 135,
  "fields": {
    "sitio": 106,
    "imagen": "imagenes/WhatsApp_Image_2024-10-15_at_10.45.44.jpeg",
    "descripcion": null,
    "fecha_carga": "2024-10-15",
    "usuario": 2
  }
},
{
  "model": "galeria.imagen",
  "pk": 136,
  "fields": {
    "sitio": 106,
    "imagen": "imagenes/WhatsApp_Image_2024-10-15_at_10.45.45_1.jpeg",
    "descripcion": null,
    "fecha_carga": "2024-10-15",
    "usuario": 2
  }
},
{
  "model": "galeria.imagen",
  "pk": 137,
  "fields": {
    "sitio": 106,
    "imagen": "imagenes/WhatsApp_Image_2024-10-15_at_10.45.45_2.jpeg",
    "descripcion": null,
    "fecha_carga": "2024-10-15",
    "usuario": 2
  }
},
{
  "model": "galeria.imagen",
  "pk": 138,
  "fields": {
    "sitio": 106,
    "imagen": "imagenes/WhatsApp_Image_2024-10-15_at_10.45.45_4.jpeg",
    "descripcion": null,
    "fecha_carga": "2024-10-15",
    "usuario": 2
  }
},
{
  "model": "galeria.imagen",
  "pk": 139,
  "fields": {
    "sitio": 106,
    "imagen": "imagenes/WhatsApp_Image_2024-10-15_at_10.45.45.jpeg",
    "descripcion": null,
    "fecha_carga": "2024-10-15",
    "usuario": 2
  }
},
{
  "model": "galeria.imagen",
  "pk": 140,
  "fields": {
    "sitio": 106,
    "imagen": "imagenes/WhatsApp_Image_2024-10-15_at_10.45.46_2.jpeg",
    "descripcion": null,
    "fecha_carga": "2024-10-15",
    "usuario": 2
  }
},
{
  "model": "galeria.imagen",
  "pk": 141,
  "fields": {
    "sitio": 106,
    "imagen": "imagenes/WhatsApp_Image_2024-10-15_at_10.45.46.jpeg",
    "descripcion": null,
    "fecha_carga": "2024-10-15",
    "usuario": 2
  }
},
{
  "model": "galeria.imagen",
  "pk": 142,
  "fields": {
    "sitio": 103,
    "imagen": "imagenes/WhatsApp_Image_2024-10-02_at_09.58.39.jpeg",
    "descripcion": null,
    "fecha_carga": "2024-10-02",
    "usuario": 2
  }
},
{
  "model": "galeria.imagen",
  "pk": 143,
  "fields": {
    "sitio": 103,
    "imagen": "imagenes/WhatsApp_Image_2024-10-02_at_09.59.40_1.jpeg",
    "descripcion": null,
    "fecha_carga": "2024-10-02",
    "usuario": 2
  }
},
{
  "model": "galeria.imagen",
  "pk": 144,
  "fields": {
    "sitio": 103,
    "imagen": "imagenes/WhatsApp_Image_2024-10-02_at_09.59.41.jpeg",
    "descripcion": null,
    "fecha_carga": "2024-10-02",
    "usuario": 2
  }
},
{
  "model": "galeria.imagen",
  "pk": 145,
  "fields": {
    "sitio": 103,
    "imagen": "imagenes/WhatsApp_Image_2024-10-02_at_09.59.41_2.jpeg",
    "descripcion": null,
    "fecha_carga": "2024-10-02",
    "usuario": 2
  }
},
{
  "model": "galeria.imagen",
  "pk": 146,
  "fields": {
    "sitio": 103,
    "imagen": "imagenes/WhatsApp_Image_2024-10-02_at_09.59.41_3.jpeg",
    "descripcion": null,
    "fecha_carga": "2024-10-02",
    "usuario": 2
  }
},
{
  "model": "galeria.imagen",
  "pk": 147,
  "fields": {
    "sitio": 103,
    "imagen": "imagenes/WhatsApp_Image_2024-10-02_at_09.59.42_1.jpeg",
    "descripcion": null,
    "fecha_carga": "2024-10-02",
    "usuario": 2
  }
},
{
  "model": "galeria.imagen",
  "pk": 148,
  "fields": {
    "sitio": 103,
    "imagen": "imagenes/WhatsApp_Image_2024-10-02_at_09.59.43_1.jpeg",
    "descripcion": null,
    "fecha_carga": "2024-10-02",
    "usuario": 2
  }
},
{
  "model": "galeria.imagen",
  "pk": 149,
  "fields": {
    "sitio": 103,
    "imagen": "imagenes/WhatsApp_Image_2024-10-02_at_09.59.44.jpeg",
    "descripcion": null,
    "fecha_carga": "2024-10-02",
    "usuario": 2
  }
},
{
  "model": "galeria.imagen",
  "pk": 150,
  "fields": {
    "sitio": 103,
    "imagen": "imagenes/WhatsApp_Image_2024-10-02_at_09.59.45.jpeg",
    "descripcion": null,
    "fecha_carga": "2024-10-02",
    "usuario": 2
  }
},
{
  "model": "galeria.imagen",
  "pk": 151,
  "fields": {
    "sitio": 103,
    "imagen": "imagenes/WhatsApp_Image_2024-10-02_at_09.59.45_2.jpeg",
    "descripcion": null,
    "fecha_carga": "2024-10-02",
    "usuario": 2
  }
},
{
  "model": "galeria.imagen",
  "pk": 152,
  "fields": {
    "sitio": 103,
    "imagen": "imagenes/WhatsApp_Image_2024-10-02_at_09.59.46.jpeg",
    "descripcion": null,
    "fecha_carga": "2024-10-02",
    "usuario": 2
  }
},
{
  "model": "galeria.imagen",
  "pk": 153,
  "fields": {
    "sitio": 103,
    "imagen": "imagenes/WhatsApp_Image_2024-10-02_at_09.59.50_1.jpeg",
    "descripcion": null,
    "fecha_carga": "2024-10-02",
    "usuario": 2
  }
},
{
  "model": "galeria.imagen",
  "pk": 154,
  "fields": {
    "sitio": 103,
    "imagen": "imagenes/WhatsApp_Image_2024-10-02_at_09.59.52_1.jpeg",
    "descripcion": null,
    "fecha_carga": "2024-10-02",
    "usuario": 2
  }
},
{
  "model": "galeria.imagen",
  "pk": 155,
  "fields": {
    "sitio": 103,
    "imagen": "imagenes/WhatsApp_Image_2024-10-02_at_09.59.54.jpeg",
    "descripcion": null,
    "fecha_carga": "2024-10-02",
    "usuario": 2
  }
},
{
  "model": "galeria.imagen",
  "pk": 156,
  "fields": {
    "sitio": 104,
    "imagen": "imagenes/WhatsApp_Image_2024-09-25_at_14.51.13_1.jpeg",
    "descripcion": null,
    "fecha_carga": "2024-09-26",
    "usuario": 2
  }
},
{
  "model": "galeria.imagen",
  "pk": 157,
  "fields": {
    "sitio": 104,
    "imagen": "imagenes/WhatsApp_Image_2024-09-25_at_14.51.13_2.jpeg",
    "descripcion": null,
    "fecha_carga": "2024-09-26",
    "usuario": 2
  }
},
{
  "model": "galeria.imagen",
  "pk": 158,
  "fields": {
    "sitio": 104,
    "imagen": "imagenes/WhatsApp_Image_2024-09-25_at_14.51.13_3.jpeg",
    "descripcion": null,
    "fecha_carga": "2024-09-26",
    "usuario": 2
  }
},
{
  "model": "galeria.imagen",
  "pk": 159,
  "fields": {
    "sitio": 104,
    "imagen": "imagenes/WhatsApp_Image_2024-09-25_at_14.51.14.jpeg",
    "descripcion": null,
    "fecha_carga": "2024-09-26",
    "usuario": 2
  }
},
{
  "model": "galeria.imagen",
  "pk": 160,
  "fields": {
    "sitio": 104,
    "imagen": "imagenes/WhatsApp_Image_2024-09-25_at_14.51.14_1.jpeg",
    "descripcion": null,
    "fecha_carga": "2024-09-26",
    "usuario": 2
  }
},
{
  "model": "galeria.imagen",
  "pk": 161,
  "fields": {
    "sitio": 104,
    "imagen": "imagenes/WhatsApp_Image_2024-09-25_at_14.51.15.jpeg",
    "descripcion": null,
    "fecha_carga": "2024-09-26",
    "usuario": 2
  }
},
{
  "model": "galeria.imagen",
  "pk": 162,
  "fields": {
    "sitio": 104,
    "imagen": "imagenes/WhatsApp_Image_2024-09-25_at_14.51.16.jpeg",
    "descripcion": null,
    "fecha_carga": "2024-09-26",
    "usuario": 2
  }
},
{
  "model": "galeria.imagen",
  "pk": 163,
  "fields": {
    "sitio": 104,
    "imagen": "imagenes/WhatsApp_Image_2024-09-25_at_14.51.16_1.jpeg",
    "descripcion": null,
    "fecha_carga": "2024-09-26",
    "usuario": 2
  }
},
{
  "model": "galeria.imagen",
  "pk": 164,
  "fields": {
    "sitio": 104,
    "imagen": "imagenes/WhatsApp_Image_2024-09-25_at_14.51.17.jpeg",
    "descripcion": null,
    "fecha_carga": "2024-09-26",
    "usuario": 2
  }
},
{
  "model": "galeria.imagen",
  "pk": 165,
  "fields": {
    "sitio": 104,
    "imagen": "imagenes/WhatsApp_Image_2024-09-25_at_14.51.17_1.jpeg",
    "descripcion": null,
    "fecha_carga": "2024-09-26",
    "usuario": 2
  }
},
{
  "model": "galeria.imagen",
  "pk": 166,
  "fields": {
    "sitio": 104,
    "imagen": "imagenes/WhatsApp_Image_2024-09-25_at_14.51.17_2.jpeg",
    "descripcion": null,
    "fecha_carga": "2024-09-26",
    "usuario": 2
  }
},
{
  "model": "galeria.imagen",
  "pk": 167,
  "fields": {
    "sitio": 104,
    "imagen": "imagenes/WhatsApp_Image_2024-09-25_at_14.51.17_3.jpeg",
    "descripcion": null,
    "fecha_carga": "2024-09-26",
    "usuario": 2
  }
},
{
  "model": "galeria.imagen",
  "pk": 168,
  "fields": {
    "sitio": 104,
    "imagen": "imagenes/WhatsApp_Image_2024-09-25_at_14.51.17_4.jpeg",
    "descripcion": null,
    "fecha_carga": "2024-09-26",
    "usuario": 2
  }
},
{
  "model": "galeria.imagen",
  "pk": 169,
  "fields": {
    "sitio": 104,
    "imagen": "imagenes/WhatsApp_Image_2024-09-25_at_14.51.18.jpeg",
    "descripcion": null,
    "fecha_carga": "2024-09-26",
    "usuario": 2
  }
},
{
  "model": "galeria.imagen",
  "pk": 170,
  "fields": {
    "sitio": 104,
    "imagen": "imagenes/WhatsApp_Image_2024-09-25_at_14.51.18_2.jpeg",
    "descripcion": null,
    "fecha_carga": "2024-09-26",
    "usuario": 2
  }
},
{
  "model": "galeria.imagen",
  "pk": 171,
  "fields": {
    "sitio": 104,
    "imagen": "imagenes/WhatsApp_Image_2024-09-25_at_14.51.54_1.jpeg",
    "descripcion": null,
    "fecha_carga": "2024-09-26",
    "usuario": 2
  }
},
{
  "model": "galeria.imagen",
  "pk": 172,
  "fields": {
    "sitio": 104,
    "imagen": "imagenes/WhatsApp_Image_2024-09-25_at_14.51.55_1.jpeg",
    "descripcion": null,
    "fecha_carga": "2024-09-26",
    "usuario": 2
  }
},
{
  "model": "galeria.imagen",
  "pk": 173,
  "fields": {
    "sitio": 104,
    "imagen": "imagenes/WhatsApp_Image_2024-09-25_at_14.51.56.jpeg",
    "descripcion": null,
    "fecha_carga": "2024-09-26",
    "usuario": 2
  }
},
{
  "model": "galeria.imagen",
  "pk": 174,
  "fields": {
    "sitio": 104,
    "imagen": "imagenes/WhatsApp_Image_2024-09-25_at_14.51.57.jpeg",
    "descripcion": null,
    "fecha_carga": "2024-09-26",
    "usuario": 2
  }
},
{
  "model": "galeria.imagen",
  "pk": 175,
  "fields": {
    "sitio": 105,
    "imagen": "imagenes/IMG-20241015-WA0051.jpg",
    "descripcion": null,
    "fecha_carga": "2024-10-16",
    "usuario": 6
  }
},
{
  "model": "galeria.imagen",
  "pk": 176,
  "fields": {
    "sitio": 105,
    "imagen": "imagenes/IMG-20241015-WA0050.jpg",
    "descripcion": null,
    "fecha_carga": "2024-10-16",
    "usuario": 6
  }
},
{
  "model": "galeria.imagen",
  "pk": 177,
  "fields": {
    "sitio": 105,
    "imagen": "imagenes/IMG-20241015-WA0052.jpg",
    "descripcion": null,
    "fecha_carga": "2024-10-16",
    "usuario": 6
  }
},
{
  "model": "galeria.imagen",
  "pk": 178,
  "fields": {
    "sitio": 105,
    "imagen": "imagenes/IMG-20241015-WA0053.jpg",
    "descripcion": null,
    "fecha_carga": "2024-10-16",
    "usuario": 6
  }
},
{
  "model": "galeria.imagen",
  "pk": 179,
  "fields": {
    "sitio": 105,
    "imagen": "imagenes/IMG-20241015-WA0049.jpg",
    "descripcion": null,
    "fecha_carga": "2024-10-16",
    "usuario": 6
  }
},
{
  "model": "galeria.imagen",
  "pk": 180,
  "fields": {
    "sitio": 106,
    "imagen": "imagenes/WhatsApp_Image_2024-10-16_at_14.38.17_1.jpeg",
    "descripcion": null,
    "fecha_carga": "2024-10-16",
    "usuario": 2
  }
},
{
  "model": "galeria.imagen",
  "pk": 181,
  "fields": {
    "sitio": 106,
    "imagen": "imagenes/WhatsApp_Image_2024-10-16_at_14.38.17_2.jpeg",
    "descripcion": null,
    "fecha_carga": "2024-10-16",
    "usuario": 2
  }
},
{
  "model": "galeria.imagen",
  "pk": 182,
  "fields": {
    "sitio": 106,
    "imagen": "imagenes/WhatsApp_Image_2024-10-16_at_14.38.17.jpeg",
    "descripcion": null,
    "fecha_carga": "2024-10-16",
    "usuario": 2
  }
},
{
  "model": "galeria.imagen",
  "pk": 183,
  "fields": {
    "sitio": 106,
    "imagen": "imagenes/WhatsApp_Image_2024-10-16_at_14.38.18.jpeg",
    "descripcion": null,
    "fecha_carga": "2024-10-16",
    "usuario": 2
  }
},
{
  "model": "galeria.imagen",
  "pk": 184,
  "fields": {
    "sitio": 109,
    "imagen": "imagenes/IMG-20241016-WA0008.jpg",
    "descripcion": null,
    "fecha_carga": "2024-10-16",
    "usuario": 6
  }
},
{
  "model": "galeria.imagen",
  "pk": 185,
  "fields": {
    "sitio": 109,
    "imagen": "imagenes/IMG-20241016-WA0040.jpg",
    "descripcion": null,
    "fecha_carga": "2024-10-16",
    "usuario": 6
  }
},
{
  "model": "galeria.imagen",
  "pk": 186,
  "fields": {
    "sitio": 109,
    "imagen": "imagenes/IMG-20241016-WA0043.jpg",
    "descripcion": null,
    "fecha_carga": "2024-10-16",
    "usuario": 6
  }
},
{
  "model": "galeria.imagen",
  "pk": 187,
  "fields": {
    "sitio": 109,
    "imagen": "imagenes/IMG-20241016-WA0044.jpg",
    "descripcion": null,
    "fecha_carga": "2024-10-16",
    "usuario": 6
  }
},
{
  "model": "galeria.imagen",
  "pk": 188,
  "fields": {
    "sitio": 109,
    "imagen": "imagenes/IMG-20241016-WA0046.jpg",
    "descripcion": null,
    "fecha_carga": "2024-10-16",
    "usuario": 6
  }
},
{
  "model": "galeria.imagen",
  "pk": 189,
  "fields": {
    "sitio": 109,
    "imagen": "imagenes/IMG-20241016-WA0113.jpg",
    "descripcion": null,
    "fecha_carga": "2024-10-16",
    "usuario": 6
  }
},
{
  "model": "galeria.imagen",
  "pk": 190,
  "fields": {
    "sitio": 109,
    "imagen": "imagenes/IMG-20241016-WA0111.jpg",
    "descripcion": null,
    "fecha_carga": "2024-10-16",
    "usuario": 6
  }
},
{
  "model": "galeria.imagen",
  "pk": 191,
  "fields": {
    "sitio": 109,
    "imagen": "imagenes/IMG-20241016-WA0106.jpg",
    "descripcion": null,
    "fecha_carga": "2024-10-16",
    "usuario": 6
  }
},
{
  "model": "galeria.imagen",
  "pk": 192,
  "fields": {
    "sitio": 109,
    "imagen": "imagenes/IMG-20241016-WA0103.jpg",
    "descripcion": null,
    "fecha_carga": "2024-10-16",
    "usuario": 6
  }
},
{
  "model": "galeria.imagen",
  "pk": 193,
  "fields": {
    "sitio": 113,
    "imagen": "imagenes/WhatsApp_Image_2024-10-15_at_8.23.45_AM.jpeg",
    "descripcion": null,
    "fecha_carga": "2024-10-15",
    "usuario": 7
  }
},
{
  "model": "galeria.imagen",
  "pk": 194,
  "fields": {
    "sitio": 113,
    "imagen": "imagenes/WhatsApp_Image_2024-10-15_at_8.20.06_AM.jpeg",
    "descripcion": null,
    "fecha_carga": "2024-10-15",
    "usuario": 7
  }
},
{
  "model": "galeria.imagen",
  "pk": 195,
  "fields": {
    "sitio": 113,
    "imagen": "imagenes/WhatsApp_Image_2024-10-15_at_8.20.05_AM.jpeg",
    "descripcion": null,
    "fecha_carga": "2024-10-15",
    "usuario": 7
  }
},
{
  "model": "galeria.imagen",
  "pk": 196,
  "fields": {
    "sitio": 112,
    "imagen": "imagenes/WhatsApp_Image_2024-10-15_at_8_nzZy89e.23.45_AM.jpeg",
    "descripcion": null,
    "fecha_carga": "2024-10-15",
    "usuario": 7
  }
},
{
  "model": "galeria.imagen",
  "pk": 197,
  "fields": {
    "sitio": 112,
    "imagen": "imagenes/WhatsApp_Image_2024-10-15_at_8_RK2Sb3M.20.06_AM.jpeg",
    "descripcion": null,
    "fecha_carga": "2024-10-15",
    "usuario": 7
  }
},
{
  "model": "galeria.imagen",
  "pk": 198,
  "fields": {
    "sitio": 112,
    "imagen": "imagenes/WhatsApp_Image_2024-10-15_at_8_u0qcFh9.20.05_AM.jpeg",
    "descripcion": null,
    "fecha_carga": "2024-10-15",
    "usuario": 7
  }
},
{
  "model": "galeria.imagen",
  "pk": 199,
  "fields": {
    "sitio": 112,
    "imagen": "imagenes/WhatsApp_Image_2024-10-16_at_12.07.19_PM_1.jpeg",
    "descripcion": null,
    "fecha_carga": "2024-10-16",
    "usuario": 7
  }
},
{
  "model": "galeria.imagen",
  "pk": 200,
  "fields": {
    "sitio": 112,
    "imagen": "imagenes/WhatsApp_Image_2024-10-16_at_12.07.19_PM.jpeg",
    "descripcion": null,
    "fecha_carga": "2024-10-16",
    "usuario": 7
  }
},
{
  "model": "galeria.imagen",
  "pk": 201,
  "fields": {
    "sitio": 112,
    "imagen": "imagenes/WhatsApp_Image_2024-10-16_at_11.19.24_AM.jpeg",
    "descripcion": null,
    "fecha_carga": "2024-10-16",
    "usuario": 7
  }
},
{
  "model": "galeria.imagen",
  "pk": 202,
  "fields": {
    "sitio": 112,
    "imagen": "imagenes/WhatsApp_Video_2024-10-16_at_7.59.29_AM.mp4",
    "descripcion": null,
    "fecha_carga": "2024-10-16",
    "usuario": 7
  }
},
{
  "model": "galeria.imagen",
  "pk": 203,
  "fields": {
    "sitio": 112,
    "imagen": "imagenes/WhatsApp_Image_2024-10-16_at_7.59.25_AM.jpeg",
    "descripcion": null,
    "fecha_carga": "2024-10-16",
    "usuario": 7
  }
},
{
  "model": "galeria.imagen",
  "pk": 204,
  "fields": {
    "sitio": 109,
    "imagen": "imagenes/IMG-20241017-WA0072.jpg",
    "descripcion": null,
    "fecha_carga": "2024-10-17",
    "usuario": 6
  }
},
{
  "model": "galeria.imagen",
  "pk": 205,
  "fields": {
    "sitio": 109,
    "imagen": "imagenes/IMG-20241017-WA0069.jpg",
    "descripcion": null,
    "fecha_carga": "2024-10-17",
    "usuario": 6
  }
},
{
  "model": "galeria.imagen",
  "pk": 206,
  "fields": {
    "sitio": 109,
    "imagen": "imagenes/IMG-20241017-WA0068.jpg",
    "descripcion": null,
    "fecha_carga": "2024-10-17",
    "usuario": 6
  }
},
{
  "model": "galeria.imagen",
  "pk": 207,
  "fields": {
    "sitio": 109,
    "imagen": "imagenes/IMG-20241017-WA0066.jpg",
    "descripcion": null,
    "fecha_carga": "2024-10-17",
    "usuario": 6
  }
},
{
  "model": "galeria.imagen",
  "pk": 208,
  "fields": {
    "sitio": 109,
    "imagen": "imagenes/IMG-20241017-WA0076.jpg",
    "descripcion": null,
    "fecha_carga": "2024-10-17",
    "usuario": 6
  }
},
{
  "model": "galeria.imagen",
  "pk": 209,
  "fields": {
    "sitio": 105,
    "imagen": "imagenes/4C507B0D-9E2E-45A1-B5D0-823CE181C39A.jpeg",
    "descripcion": null,
    "fecha_carga": "2024-10-18",
    "usuario": 5
  }
},
{
  "model": "galeria.imagen",
  "pk": 210,
  "fields": {
    "sitio": 105,
    "imagen": "imagenes/IMG_8073.jpeg",
    "descripcion": null,
    "fecha_carga": "2024-10-18",
    "usuario": 5
  }
},
{
  "model": "galeria.imagen",
  "pk": 211,
  "fields": {
    "sitio": 112,
    "imagen": "imagenes/WhatsApp_Image_2024-10-17_at_2.44.14_PM_1.jpeg",
    "descripcion": null,
    "fecha_carga": "2024-10-17",
    "usuario": 7
  }
},
{
  "model": "galeria.imagen",
  "pk": 212,
  "fields": {
    "sitio": 112,
    "imagen": "imagenes/WhatsApp_Image_2024-10-17_at_2.44.14_PM_2.jpeg",
    "descripcion": null,
    "fecha_carga": "2024-10-17",
    "usuario": 7
  }
},
{
  "model": "galeria.imagen",
  "pk": 213,
  "fields": {
    "sitio": 112,
    "imagen": "imagenes/WhatsApp_Image_2024-10-17_at_2.44.14_PM.jpeg",
    "descripcion": null,
    "fecha_carga": "2024-10-17",
    "usuario": 7
  }
},
{
  "model": "galeria.imagen",
  "pk": 214,
  "fields": {
    "sitio": 112,
    "imagen": "imagenes/WhatsApp_Image_2024-10-16_at_7_rL1VGnz.59.25_AM.jpeg",
    "descripcion": null,
    "fecha_carga": "2024-10-16",
    "usuario": 7
  }
},
{
  "model": "galeria.imagen",
  "pk": 215,
  "fields": {
    "sitio": 112,
    "imagen": "imagenes/WhatsApp_Image_2024-10-16_at_11.19.24_AM_1.jpeg",
    "descripcion": null,
    "fecha_carga": "2024-10-16",
    "usuario": 7
  }
},
{
  "model": "galeria.imagen",
  "pk": 216,
  "fields": {
    "sitio": 112,
    "imagen": "imagenes/WhatsApp_Image_2024-10-16_at_11_UaumhkG.19.24_AM.jpeg",
    "descripcion": null,
    "fecha_carga": "2024-10-16",
    "usuario": 7
  }
},
{
  "model": "galeria.imagen",
  "pk": 217,
  "fields": {
    "sitio": 112,
    "imagen": "imagenes/WhatsApp_Image_2024-10-16_at_12_Tgi97fv.07.19_PM_1.jpeg",
    "descripcion": null,
    "fecha_carga": "2024-10-16",
    "usuario": 7
  }
},
{
  "model": "galeria.imagen",
  "pk": 218,
  "fields": {
    "sitio": 112,
    "imagen": "imagenes/WhatsApp_Image_2024-10-16_at_12.07.19_PM_2.jpeg",
    "descripcion": null,
    "fecha_carga": "2024-10-16",
    "usuario": 7
  }
},
{
  "model": "galeria.imagen",
  "pk": 219,
  "fields": {
    "sitio": 112,
    "imagen": "imagenes/WhatsApp_Image_2024-10-16_at_12.07.19_PM_3.jpeg",
    "descripcion": null,
    "fecha_carga": "2024-10-16",
    "usuario": 7
  }
},
{
  "model": "galeria.imagen",
  "pk": 220,
  "fields": {
    "sitio": 112,
    "imagen": "imagenes/WhatsApp_Image_2024-10-16_at_12_McktqrS.07.19_PM.jpeg",
    "descripcion": null,
    "fecha_carga": "2024-10-16",
    "usuario": 7
  }
},
{
  "model": "galeria.imagen",
  "pk": 221,
  "fields": {
    "sitio": 105,
    "imagen": "imagenes/6fe275cd-4035-4d17-af0f-04d01319174b.jpeg",
    "descripcion": null,
    "fecha_carga": "2024-10-19",
    "usuario": 5
  }
},
{
  "model": "galeria.imagen",
  "pk": 222,
  "fields": {
    "sitio": 105,
    "imagen": "imagenes/14ac1db2-66e3-461c-bad6-e57cc8b2cb37.jpeg",
    "descripcion": null,
    "fecha_carga": "2024-10-19",
    "usuario": 5
  }
},
{
  "model": "galeria.imagen",
  "pk": 223,
  "fields": {
    "sitio": 105,
    "imagen": "imagenes/4eeb8364-0164-4f6d-93b7-e4f684603f62.jpeg",
    "descripcion": null,
    "fecha_carga": "2024-10-19",
    "usuario": 5
  }
},
{
  "model": "galeria.imagen",
  "pk": 224,
  "fields": {
    "sitio": 105,
    "imagen": "imagenes/33da8758-984c-4a97-a380-d256bb417368.jpeg",
    "descripcion": null,
    "fecha_carga": "2024-10-19",
    "usuario": 5
  }
},
{
  "model": "galeria.imagen",
  "pk": 225,
  "fields": {
    "sitio": 105,
    "imagen": "imagenes/d05cb68f-a9f8-4936-887f-ae10b606fdb9.jpeg",
    "descripcion": null,
    "fecha_carga": "2024-10-19",
    "usuario": 5
  }
},
{
  "model": "galeria.imagen",
  "pk": 226,
  "fields": {
    "sitio": 105,
    "imagen": "imagenes/7ab7d83b-43be-4076-9117-c72f47fd528e.jpeg",
    "descripcion": null,
    "fecha_carga": "2024-10-19",
    "usuario": 5
  }
},
{
  "model": "galeria.imagen",
  "pk": 227,
  "fields": {
    "sitio": 105,
    "imagen": "imagenes/6f9c1a95-ca1d-4e32-a8e9-ece947007c76.jpeg",
    "descripcion": null,
    "fecha_carga": "2024-10-19",
    "usuario": 5
  }
},
{
  "model": "galeria.imagen",
  "pk": 228,
  "fields": {
    "sitio": 105,
    "imagen": "imagenes/IMG-20241019-WA0024.jpg",
    "descripcion": null,
    "fecha_carga": "2024-10-19",
    "usuario": 6
  }
},
{
  "model": "galeria.imagen",
  "pk": 229,
  "fields": {
    "sitio": 105,
    "imagen": "imagenes/IMG-20241019-WA0025.jpg",
    "descripcion": null,
    "fecha_carga": "2024-10-19",
    "usuario": 6
  }
},
{
  "model": "galeria.imagen",
  "pk": 230,
  "fields": {
    "sitio": 105,
    "imagen": "imagenes/IMG-20241019-WA0023.jpg",
    "descripcion": null,
    "fecha_carga": "2024-10-19",
    "usuario": 6
  }
},
{
  "model": "galeria.imagen",
  "pk": 231,
  "fields": {
    "sitio": 105,
    "imagen": "imagenes/IMG-20241019-WA0020.jpg",
    "descripcion": null,
    "fecha_carga": "2024-10-19",
    "usuario": 6
  }
},
{
  "model": "galeria.imagen",
  "pk": 232,
  "fields": {
    "sitio": 105,
    "imagen": "imagenes/IMG-20241019-WA0021.jpg",
    "descripcion": null,
    "fecha_carga": "2024-10-19",
    "usuario": 6
  }
},
{
  "model": "galeria.imagen",
  "pk": 233,
  "fields": {
    "sitio": 105,
    "imagen": "imagenes/IMG-20241019-WA0019.jpg",
    "descripcion": null,
    "fecha_carga": "2024-10-19",
    "usuario": 6
  }
},
{
  "model": "galeria.imagen",
  "pk": 234,
  "fields": {
    "sitio": 105,
    "imagen": "imagenes/IMG-20241019-WA0018.jpg",
    "descripcion": null,
    "fecha_carga": "2024-10-19",
    "usuario": 6
  }
},
{
  "model": "galeria.imagen",
  "pk": 235,
  "fields": {
    "sitio": 105,
    "imagen": "imagenes/IMG-20241019-WA0017.jpg",
    "descripcion": null,
    "fecha_carga": "2024-10-19",
    "usuario": 6
  }
},
{
  "model": "galeria.imagen",
  "pk": 236,
  "fields": {
    "sitio": 105,
    "imagen": "imagenes/IMG_20241019_132551_711.webp",
    "descripcion": null,
    "fecha_carga": "2024-10-19",
    "usuario": 6
  }
},
{
  "model": "galeria.imagen",
  "pk": 237,
  "fields": {
    "sitio": 105,
    "imagen": "imagenes/IMG_20241019_132617_349.webp",
    "descripcion": null,
    "fecha_carga": "2024-10-19",
    "usuario": 6
  }
},
{
  "model": "galeria.imagen",
  "pk": 238,
  "fields": {
    "sitio": 106,
    "imagen": "imagenes/IMG_20241021_113406_001.jpg",
    "descripcion": null,
    "fecha_carga": "2024-10-21",
    "usuario": 3
  }
},
{
  "model": "galeria.imagen",
  "pk": 239,
  "fields": {
    "sitio": 106,
    "imagen": "imagenes/IMG_20241021_113356_498.jpg",
    "descripcion": null,
    "fecha_carga": "2024-10-21",
    "usuario": 3
  }
},
{
  "model": "galeria.imagen",
  "pk": 240,
  "fields": {
    "sitio": 106,
    "imagen": "imagenes/IMG_20241021_112535_405.jpg",
    "descripcion": null,
    "fecha_carga": "2024-10-21",
    "usuario": 3
  }
},
{
  "model": "galeria.imagen",
  "pk": 241,
  "fields": {
    "sitio": 106,
    "imagen": "imagenes/IMG_20241021_112531_863.jpg",
    "descripcion": null,
    "fecha_carga": "2024-10-21",
    "usuario": 3
  }
},
{
  "model": "galeria.imagen",
  "pk": 242,
  "fields": {
    "sitio": 106,
    "imagen": "imagenes/IMG_20241021_112459_843.jpg",
    "descripcion": null,
    "fecha_carga": "2024-10-21",
    "usuario": 3
  }
},
{
  "model": "galeria.imagen",
  "pk": 243,
  "fields": {
    "sitio": 106,
    "imagen": "imagenes/IMG_20241021_112458_028.jpg",
    "descripcion": null,
    "fecha_carga": "2024-10-21",
    "usuario": 3
  }
},
{
  "model": "galeria.imagen",
  "pk": 244,
  "fields": {
    "sitio": 106,
    "imagen": "imagenes/IMG_20241021_112104_079.jpg",
    "descripcion": null,
    "fecha_carga": "2024-10-21",
    "usuario": 3
  }
},
{
  "model": "galeria.imagen",
  "pk": 245,
  "fields": {
    "sitio": 106,
    "imagen": "imagenes/IMG_20241021_112055_775.jpg",
    "descripcion": null,
    "fecha_carga": "2024-10-21",
    "usuario": 3
  }
},
{
  "model": "galeria.imagen",
  "pk": 246,
  "fields": {
    "sitio": 106,
    "imagen": "imagenes/IMG_20241021_112046_418.jpg",
    "descripcion": null,
    "fecha_carga": "2024-10-21",
    "usuario": 3
  }
},
{
  "model": "galeria.imagen",
  "pk": 247,
  "fields": {
    "sitio": 106,
    "imagen": "imagenes/IMG_20241021_112000_299.jpg",
    "descripcion": null,
    "fecha_carga": "2024-10-21",
    "usuario": 3
  }
},
{
  "model": "galeria.imagen",
  "pk": 248,
  "fields": {
    "sitio": 106,
    "imagen": "imagenes/IMG_20241021_111957_127.jpg",
    "descripcion": null,
    "fecha_carga": "2024-10-21",
    "usuario": 3
  }
},
{
  "model": "galeria.imagen",
  "pk": 249,
  "fields": {
    "sitio": 106,
    "imagen": "imagenes/IMG_20241021_111949_072.jpg",
    "descripcion": null,
    "fecha_carga": "2024-10-21",
    "usuario": 3
  }
},
{
  "model": "galeria.imagen",
  "pk": 250,
  "fields": {
    "sitio": 106,
    "imagen": "imagenes/IMG_20241021_111938_193.jpg",
    "descripcion": null,
    "fecha_carga": "2024-10-21",
    "usuario": 3
  }
},
{
  "model": "galeria.imagen",
  "pk": 251,
  "fields": {
    "sitio": 106,
    "imagen": "imagenes/IMG_20241021_111930_051.jpg",
    "descripcion": null,
    "fecha_carga": "2024-10-21",
    "usuario": 3
  }
},
{
  "model": "galeria.imagen",
  "pk": 252,
  "fields": {
    "sitio": 106,
    "imagen": "imagenes/IMG_20241021_111925_352.jpg",
    "descripcion": null,
    "fecha_carga": "2024-10-21",
    "usuario": 3
  }
},
{
  "model": "galeria.imagen",
  "pk": 253,
  "fields": {
    "sitio": 106,
    "imagen": "imagenes/IMG_20241021_111922_137.jpg",
    "descripcion": null,
    "fecha_carga": "2024-10-21",
    "usuario": 3
  }
},
{
  "model": "galeria.imagen",
  "pk": 254,
  "fields": {
    "sitio": 106,
    "imagen": "imagenes/IMG_20241021_111917_153.jpg",
    "descripcion": null,
    "fecha_carga": "2024-10-21",
    "usuario": 3
  }
},
{
  "model": "galeria.imagen",
  "pk": 255,
  "fields": {
    "sitio": 106,
    "imagen": "imagenes/IMG_20241021_111912_928.jpg",
    "descripcion": null,
    "fecha_carga": "2024-10-21",
    "usuario": 3
  }
},
{
  "model": "galeria.imagen",
  "pk": 256,
  "fields": {
    "sitio": 106,
    "imagen": "imagenes/IMG_20241021_111906_826.jpg",
    "descripcion": null,
    "fecha_carga": "2024-10-21",
    "usuario": 3
  }
},
{
  "model": "galeria.imagen",
  "pk": 257,
  "fields": {
    "sitio": 106,
    "imagen": "imagenes/IMG_20241021_111902_017.jpg",
    "descripcion": null,
    "fecha_carga": "2024-10-21",
    "usuario": 3
  }
},
{
  "model": "galeria.imagen",
  "pk": 258,
  "fields": {
    "sitio": 106,
    "imagen": "imagenes/IMG_20241021_111902_017_V3V6qby.jpg",
    "descripcion": null,
    "fecha_carga": "2024-10-21",
    "usuario": 3
  }
},
{
  "model": "galeria.imagen",
  "pk": 259,
  "fields": {
    "sitio": 106,
    "imagen": "imagenes/IMG_20241021_111851_952.jpg",
    "descripcion": null,
    "fecha_carga": "2024-10-21",
    "usuario": 3
  }
},
{
  "model": "galeria.imagen",
  "pk": 260,
  "fields": {
    "sitio": 106,
    "imagen": "imagenes/IMG_20241021_111822_427.jpg",
    "descripcion": null,
    "fecha_carga": "2024-10-21",
    "usuario": 3
  }
},
{
  "model": "galeria.imagen",
  "pk": 261,
  "fields": {
    "sitio": 106,
    "imagen": "imagenes/IMG_20241021_111730_801.jpg",
    "descripcion": null,
    "fecha_carga": "2024-10-21",
    "usuario": 3
  }
},
{
  "model": "galeria.imagen",
  "pk": 262,
  "fields": {
    "sitio": 106,
    "imagen": "imagenes/IMG_20241021_111724_261.jpg",
    "descripcion": null,
    "fecha_carga": "2024-10-21",
    "usuario": 3
  }
},
{
  "model": "galeria.imagen",
  "pk": 263,
  "fields": {
    "sitio": 106,
    "imagen": "imagenes/IMG_20241021_111706_342.jpg",
    "descripcion": null,
    "fecha_carga": "2024-10-21",
    "usuario": 3
  }
},
{
  "model": "galeria.imagen",
  "pk": 264,
  "fields": {
    "sitio": 106,
    "imagen": "imagenes/IMG_20241021_111658_114.jpg",
    "descripcion": null,
    "fecha_carga": "2024-10-21",
    "usuario": 3
  }
},
{
  "model": "galeria.imagen",
  "pk": 265,
  "fields": {
    "sitio": 106,
    "imagen": "imagenes/IMG_20241021_111641_715.jpg",
    "descripcion": null,
    "fecha_carga": "2024-10-21",
    "usuario": 3
  }
},
{
  "model": "galeria.imagen",
  "pk": 266,
  "fields": {
    "sitio": 106,
    "imagen": "imagenes/IMG_20241021_111603_529.jpg",
    "descripcion": null,
    "fecha_carga": "2024-10-21",
    "usuario": 3
  }
},
{
  "model": "galeria.imagen",
  "pk": 267,
  "fields": {
    "sitio": 106,
    "imagen": "imagenes/IMG_20241021_111553_812.jpg",
    "descripcion": null,
    "fecha_carga": "2024-10-21",
    "usuario": 3
  }
},
{
  "model": "galeria.imagen",
  "pk": 268,
  "fields": {
    "sitio": 106,
    "imagen": "imagenes/IMG_20241021_111534_259.jpg",
    "descripcion": null,
    "fecha_carga": "2024-10-21",
    "usuario": 3
  }
},
{
  "model": "galeria.imagen",
  "pk": 269,
  "fields": {
    "sitio": 106,
    "imagen": "imagenes/IMG_20241021_111525_966.jpg",
    "descripcion": null,
    "fecha_carga": "2024-10-21",
    "usuario": 3
  }
},
{
  "model": "galeria.imagen",
  "pk": 270,
  "fields": {
    "sitio": 106,
    "imagen": "imagenes/IMG_20241021_111517_649.jpg",
    "descripcion": null,
    "fecha_carga": "2024-10-21",
    "usuario": 3
  }
},
{
  "model": "galeria.imagen",
  "pk": 271,
  "fields": {
    "sitio": 106,
    "imagen": "imagenes/IMG_20241021_111507_199.jpg",
    "descripcion": null,
    "fecha_carga": "2024-10-21",
    "usuario": 3
  }
},
{
  "model": "galeria.imagen",
  "pk": 272,
  "fields": {
    "sitio": 106,
    "imagen": "imagenes/IMG_20241021_111500_686.jpg",
    "descripcion": null,
    "fecha_carga": "2024-10-21",
    "usuario": 3
  }
},
{
  "model": "galeria.imagen",
  "pk": 273,
  "fields": {
    "sitio": 106,
    "imagen": "imagenes/IMG_20241021_111451_545.jpg",
    "descripcion": null,
    "fecha_carga": "2024-10-21",
    "usuario": 3
  }
},
{
  "model": "galeria.imagen",
  "pk": 274,
  "fields": {
    "sitio": 106,
    "imagen": "imagenes/IMG_20241021_111447_089.jpg",
    "descripcion": null,
    "fecha_carga": "2024-10-21",
    "usuario": 3
  }
},
{
  "model": "galeria.imagen",
  "pk": 275,
  "fields": {
    "sitio": 106,
    "imagen": "imagenes/IMG_20241021_111440_636.jpg",
    "descripcion": null,
    "fecha_carga": "2024-10-21",
    "usuario": 3
  }
},
{
  "model": "galeria.imagen",
  "pk": 276,
  "fields": {
    "sitio": 106,
    "imagen": "imagenes/IMG_20241021_105344_948_SR.jpg",
    "descripcion": null,
    "fecha_carga": "2024-10-21",
    "usuario": 3
  }
},
{
  "model": "galeria.imagen",
  "pk": 277,
  "fields": {
    "sitio": 106,
    "imagen": "imagenes/IMG_20241021_105340_279_SR.jpg",
    "descripcion": null,
    "fecha_carga": "2024-10-21",
    "usuario": 3
  }
},
{
  "model": "galeria.imagen",
  "pk": 278,
  "fields": {
    "sitio": 106,
    "imagen": "imagenes/IMG_20241021_105334_523_SR.jpg",
    "descripcion": null,
    "fecha_carga": "2024-10-21",
    "usuario": 3
  }
},
{
  "model": "galeria.imagen",
  "pk": 279,
  "fields": {
    "sitio": 106,
    "imagen": "imagenes/IMG_20241021_105319_039.jpg",
    "descripcion": null,
    "fecha_carga": "2024-10-21",
    "usuario": 3
  }
},
{
  "model": "galeria.imagen",
  "pk": 280,
  "fields": {
    "sitio": 106,
    "imagen": "imagenes/IMG_20241021_105324_002_SR.jpg",
    "descripcion": null,
    "fecha_carga": "2024-10-21",
    "usuario": 3
  }
},
{
  "model": "galeria.imagen",
  "pk": 281,
  "fields": {
    "sitio": 106,
    "imagen": "imagenes/IMG_20241021_105330_355_SR.jpg",
    "descripcion": null,
    "fecha_carga": "2024-10-21",
    "usuario": 3
  }
},
{
  "model": "galeria.imagen",
  "pk": 282,
  "fields": {
    "sitio": 109,
    "imagen": "imagenes/IMG-20241021-WA0003.jpg",
    "descripcion": null,
    "fecha_carga": "2024-10-19",
    "usuario": 6
  }
},
{
  "model": "galeria.imagen",
  "pk": 283,
  "fields": {
    "sitio": 109,
    "imagen": "imagenes/IMG-20241021-WA0004.jpg",
    "descripcion": null,
    "fecha_carga": "2024-10-19",
    "usuario": 6
  }
},
{
  "model": "galeria.imagen",
  "pk": 284,
  "fields": {
    "sitio": 109,
    "imagen": "imagenes/IMG-20241021-WA0005.jpg",
    "descripcion": null,
    "fecha_carga": "2024-10-19",
    "usuario": 6
  }
},
{
  "model": "galeria.imagen",
  "pk": 285,
  "fields": {
    "sitio": 109,
    "imagen": "imagenes/IMG-20241021-WA0006.jpg",
    "descripcion": null,
    "fecha_carga": "2024-10-19",
    "usuario": 6
  }
},
{
  "model": "galeria.imagen",
  "pk": 286,
  "fields": {
    "sitio": 109,
    "imagen": "imagenes/IMG-20241021-WA0002.jpg",
    "descripcion": null,
    "fecha_carga": "2024-10-19",
    "usuario": 6
  }
},
{
  "model": "galeria.imagen",
  "pk": 287,
  "fields": {
    "sitio": 109,
    "imagen": "imagenes/IMG-20241021-WA0000.jpg",
    "descripcion": null,
    "fecha_carga": "2024-10-19",
    "usuario": 6
  }
},
{
  "model": "galeria.imagen",
  "pk": 288,
  "fields": {
    "sitio": 109,
    "imagen": "imagenes/IMG-20241021-WA0001.jpg",
    "descripcion": null,
    "fecha_carga": "2024-10-19",
    "usuario": 6
  }
},
{
  "model": "galeria.imagen",
  "pk": 289,
  "fields": {
    "sitio": 112,
    "imagen": "imagenes/WhatsApp_Image_2024-10-21_at_18.30.11_3.jpeg",
    "descripcion": null,
    "fecha_carga": "2024-10-15",
    "usuario": 10
  }
},
{
  "model": "galeria.imagen",
  "pk": 290,
  "fields": {
    "sitio": 112,
    "imagen": "imagenes/WhatsApp_Image_2024-10-21_at_18.30.11_2.jpeg",
    "descripcion": null,
    "fecha_carga": "2024-10-15",
    "usuario": 10
  }
},
{
  "model": "galeria.imagen",
  "pk": 291,
  "fields": {
    "sitio": 112,
    "imagen": "imagenes/WhatsApp_Image_2024-10-21_at_18.30.11_1.jpeg",
    "descripcion": null,
    "fecha_carga": "2024-10-15",
    "usuario": 10
  }
},
{
  "model": "galeria.imagen",
  "pk": 292,
  "fields": {
    "sitio": 112,
    "imagen": "imagenes/WhatsApp_Image_2024-10-21_at_18.30.11.jpeg",
    "descripcion": null,
    "fecha_carga": "2024-10-15",
    "usuario": 10
  }
},
{
  "model": "galeria.imagen",
  "pk": 293,
  "fields": {
    "sitio": 112,
    "imagen": "imagenes/WhatsApp_Image_2024-10-21_at_18.30.10.jpeg",
    "descripcion": null,
    "fecha_carga": "2024-10-15",
    "usuario": 10
  }
},
{
  "model": "galeria.imagen",
  "pk": 294,
  "fields": {
    "sitio": 109,
    "imagen": "imagenes/IMG-20241022-WA0006.jpg",
    "descripcion": null,
    "fecha_carga": "2024-10-22",
    "usuario": 6
  }
},
{
  "model": "galeria.imagen",
  "pk": 295,
  "fields": {
    "sitio": 109,
    "imagen": "imagenes/IMG-20241022-WA0005.jpg",
    "descripcion": null,
    "fecha_carga": "2024-10-22",
    "usuario": 6
  }
},
{
  "model": "galeria.imagen",
  "pk": 296,
  "fields": {
    "sitio": 109,
    "imagen": "imagenes/IMG-20241022-WA0007.jpg",
    "descripcion": null,
    "fecha_carga": "2024-10-22",
    "usuario": 6
  }
},
{
  "model": "galeria.imagen",
  "pk": 297,
  "fields": {
    "sitio": 109,
    "imagen": "imagenes/IMG-20241022-WA0004.jpg",
    "descripcion": null,
    "fecha_carga": "2024-10-22",
    "usuario": 6
  }
},
{
  "model": "galeria.imagen",
  "pk": 298,
  "fields": {
    "sitio": 109,
    "imagen": "imagenes/IMG-20241022-WA0003.jpg",
    "descripcion": null,
    "fecha_carga": "2024-10-22",
    "usuario": 6
  }
},
{
  "model": "galeria.imagen",
  "pk": 299,
  "fields": {
    "sitio": 109,
    "imagen": "imagenes/IMG-20241022-WA0002.jpg",
    "descripcion": null,
    "fecha_carga": "2024-10-22",
    "usuario": 6
  }
},
{
  "model": "galeria.imagen",
  "pk": 300,
  "fields": {
    "sitio": 109,
    "imagen": "imagenes/IMG-20241022-WA0001.jpg",
    "descripcion": null,
    "fecha_carga": "2024-10-22",
    "usuario": 6
  }
},
{
  "model": "galeria.imagen",
  "pk": 301,
  "fields": {
    "sitio": 105,
    "imagen": "imagenes/IMG-20241022-WA0037.jpg",
    "descripcion": null,
    "fecha_carga": "2024-10-22",
    "usuario": 6
  }
},
{
  "model": "galeria.imagen",
  "pk": 302,
  "fields": {
    "sitio": 105,
    "imagen": "imagenes/IMG-20241022-WA0036.jpg",
    "descripcion": null,
    "fecha_carga": "2024-10-22",
    "usuario": 6
  }
},
{
  "model": "galeria.imagen",
  "pk": 303,
  "fields": {
    "sitio": 105,
    "imagen": "imagenes/IMG-20241022-WA0035.jpg",
    "descripcion": null,
    "fecha_carga": "2024-10-22",
    "usuario": 6
  }
},
{
  "model": "galeria.imagen",
  "pk": 304,
  "fields": {
    "sitio": 105,
    "imagen": "imagenes/IMG-20241022-WA0034.jpg",
    "descripcion": null,
    "fecha_carga": "2024-10-22",
    "usuario": 6
  }
},
{
  "model": "galeria.imagen",
  "pk": 305,
  "fields": {
    "sitio": 105,
    "imagen": "imagenes/IMG-20241022-WA0033.jpg",
    "descripcion": null,
    "fecha_carga": "2024-10-22",
    "usuario": 6
  }
},
{
  "model": "galeria.imagen",
  "pk": 306,
  "fields": {
    "sitio": 105,
    "imagen": "imagenes/IMG-20241022-WA0032.jpg",
    "descripcion": null,
    "fecha_carga": "2024-10-22",
    "usuario": 6
  }
},
{
  "model": "galeria.imagen",
  "pk": 307,
  "fields": {
    "sitio": 105,
    "imagen": "imagenes/IMG-20241022-WA0031.jpg",
    "descripcion": null,
    "fecha_carga": "2024-10-22",
    "usuario": 6
  }
},
{
  "model": "galeria.imagen",
  "pk": 308,
  "fields": {
    "sitio": 105,
    "imagen": "imagenes/IMG-20241022-WA0030.jpg",
    "descripcion": null,
    "fecha_carga": "2024-10-22",
    "usuario": 6
  }
},
{
  "model": "galeria.imagen",
  "pk": 309,
  "fields": {
    "sitio": 105,
    "imagen": "imagenes/IMG-20241022-WA0029.jpg",
    "descripcion": null,
    "fecha_carga": "2024-10-22",
    "usuario": 6
  }
},
{
  "model": "galeria.imagen",
  "pk": 310,
  "fields": {
    "sitio": 105,
    "imagen": "imagenes/IMG-20241022-WA0027.jpg",
    "descripcion": null,
    "fecha_carga": "2024-10-22",
    "usuario": 6
  }
},
{
  "model": "galeria.imagen",
  "pk": 311,
  "fields": {
    "sitio": 105,
    "imagen": "imagenes/IMG-20241022-WA0028.jpg",
    "descripcion": null,
    "fecha_carga": "2024-10-22",
    "usuario": 6
  }
},
{
  "model": "galeria.imagen",
  "pk": 312,
  "fields": {
    "sitio": 112,
    "imagen": "imagenes/20241016_115801000_iOS.jpg",
    "descripcion": null,
    "fecha_carga": "2024-10-20",
    "usuario": 11
  }
},
{
  "model": "galeria.imagen",
  "pk": 313,
  "fields": {
    "sitio": 112,
    "imagen": "imagenes/20241016_120843020_iOS.jpg",
    "descripcion": null,
    "fecha_carga": "2024-10-20",
    "usuario": 11
  }
},
{
  "model": "galeria.imagen",
  "pk": 314,
  "fields": {
    "sitio": 112,
    "imagen": "imagenes/20241016_151354000_iOS.jpg",
    "descripcion": null,
    "fecha_carga": "2024-10-20",
    "usuario": 11
  }
},
{
  "model": "galeria.imagen",
  "pk": 315,
  "fields": {
    "sitio": 112,
    "imagen": "imagenes/20241016_115801000_iOS_AgTcF57.jpg",
    "descripcion": null,
    "fecha_carga": "2024-10-22",
    "usuario": 11
  }
},
{
  "model": "galeria.imagen",
  "pk": 316,
  "fields": {
    "sitio": 112,
    "imagen": "imagenes/20241016_120843020_iOS_DcPB6QC.jpg",
    "descripcion": null,
    "fecha_carga": "2024-10-22",
    "usuario": 11
  }
},
{
  "model": "galeria.imagen",
  "pk": 317,
  "fields": {
    "sitio": 112,
    "imagen": "imagenes/20241016_151354000_iOS_WimwVO0.jpg",
    "descripcion": null,
    "fecha_carga": "2024-10-22",
    "usuario": 11
  }
},
{
  "model": "galeria.imagen",
  "pk": 318,
  "fields": {
    "sitio": 112,
    "imagen": "imagenes/20241016_155648000_iOS.jpg",
    "descripcion": null,
    "fecha_carga": "2024-10-22",
    "usuario": 11
  }
},
{
  "model": "galeria.imagen",
  "pk": 319,
  "fields": {
    "sitio": 112,
    "imagen": "imagenes/20241016_173755540_iOS.jpg",
    "descripcion": null,
    "fecha_carga": "2024-10-22",
    "usuario": 11
  }
},
{
  "model": "galeria.imagen",
  "pk": 320,
  "fields": {
    "sitio": 112,
    "imagen": "imagenes/Imagen_de_WhatsApp_2024-10-22_a_las_19.34.54_1322febc.jpg",
    "descripcion": null,
    "fecha_carga": "2024-10-22",
    "usuario": 11
  }
},
{
  "model": "galeria.imagen",
  "pk": 321,
  "fields": {
    "sitio": 112,
    "imagen": "imagenes/Imagen_de_WhatsApp_2024-10-22_a_las_19.34.54_a13721a6.jpg",
    "descripcion": null,
    "fecha_carga": "2024-10-22",
    "usuario": 11
  }
},
{
  "model": "galeria.imagen",
  "pk": 322,
  "fields": {
    "sitio": 112,
    "imagen": "imagenes/Imagen_de_WhatsApp_2024-10-22_a_las_19.34.54_b536f339.jpg",
    "descripcion": null,
    "fecha_carga": "2024-10-22",
    "usuario": 11
  }
},
{
  "model": "galeria.imagen",
  "pk": 323,
  "fields": {
    "sitio": 112,
    "imagen": "imagenes/Imagen_de_WhatsApp_2024-10-22_a_las_19.34.54_cd9196de.jpg",
    "descripcion": null,
    "fecha_carga": "2024-10-22",
    "usuario": 11
  }
},
{
  "model": "galeria.imagen",
  "pk": 324,
  "fields": {
    "sitio": 112,
    "imagen": "imagenes/Imagen_de_WhatsApp_2024-10-22_a_las_19.34.54_ed7d44f8.jpg",
    "descripcion": null,
    "fecha_carga": "2024-10-22",
    "usuario": 11
  }
},
{
  "model": "galeria.comentario",
  "pk": 1,
  "fields": {
    "sitio": 105,
    "comentario": "Se realizo el hormigonado de la fundación",
    "fecha_carga": "2024-10-08",
    "usuario": 2
  }
},
{
  "model": "galeria.comentario",
  "pk": 2,
  "fields": {
    "sitio": 105,
    "comentario": "Se inicia con la excavación de la fundación",
    "fecha_carga": "2024-10-02",
    "usuario": 2
  }
},
{
  "model": "galeria.comentario",
  "pk": 3,
  "fields": {
    "sitio": 106,
    "comentario": "Se realiza la entrega del sitio a la constructora AJ, para dar inicios a las obras constructivas",
    "fecha_carga": "2024-09-30",
    "usuario": 2
  }
},
{
  "model": "galeria.comentario",
  "pk": 4,
  "fields": {
    "sitio": 106,
    "comentario": "Se realiza la inspección y liberación de la enferradura de la fundación",
    "fecha_carga": "2024-10-04",
    "usuario": 2
  }
},
{
  "model": "galeria.comentario",
  "pk": 5,
  "fields": {
    "sitio": 106,
    "comentario": "Se realiza el hormigonado de la fundación",
    "fecha_carga": "2024-10-05",
    "usuario": 2
  }
},
{
  "model": "galeria.comentario",
  "pk": 6,
  "fields": {
    "sitio": 107,
    "comentario": "Se realiza entrega del sitio a la constructora MER para inicios de actividades",
    "fecha_carga": "2024-09-30",
    "usuario": 2
  }
},
{
  "model": "galeria.comentario",
  "pk": 7,
  "fields": {
    "sitio": 107,
    "comentario": "Se inicia con la excavación de la fundación",
    "fecha_carga": "2024-10-01",
    "usuario": 2
  }
},
{
  "model": "galeria.comentario",
  "pk": 8,
  "fields": {
    "sitio": 107,
    "comentario": "Se realiza la verificación de la enferradura de la fundación",
    "fecha_carga": "2024-10-06",
    "usuario": 2
  }
},
{
  "model": "galeria.comentario",
  "pk": 9,
  "fields": {
    "sitio": 107,
    "comentario": "Se realiza el hormigonado de la fundación",
    "fecha_carga": "2024-10-07",
    "usuario": 2
  }
},
{
  "model": "galeria.comentario",
  "pk": 10,
  "fields": {
    "sitio": 109,
    "comentario": "Se realiza la entrega del sitio a la constructora GH3 para inicios de actividades",
    "fecha_carga": "2024-09-30",
    "usuario": 2
  }
},
{
  "model": "galeria.comentario",
  "pk": 11,
  "fields": {
    "sitio": 109,
    "comentario": "Se inicia la excavación para la fundación",
    "fecha_carga": "2024-10-01",
    "usuario": 2
  }
},
{
  "model": "galeria.comentario",
  "pk": 12,
  "fields": {
    "sitio": 109,
    "comentario": "Se realiza la verificación y liberación de la enferradura de la fundación",
    "fecha_carga": "2024-10-07",
    "usuario": 2
  }
},
{
  "model": "galeria.comentario",
  "pk": 13,
  "fields": {
    "sitio": 109,
    "comentario": "Se realiza el hormigonado de la fundación",
    "fecha_carga": "2024-10-08",
    "usuario": 2
  }
},
{
  "model": "galeria.comentario",
  "pk": 14,
  "fields": {
    "sitio": 105,
    "comentario": "Se realiza la entrega del sitio a la empresa AJ para dar inicio de actividades",
    "fecha_carga": "2024-10-01",
    "usuario": 2
  }
},
{
  "model": "galeria.comentario",
  "pk": 15,
  "fields": {
    "sitio": 105,
    "comentario": "Se realiza verificación y liberación de la enferradura de la fundación",
    "fecha_carga": "2024-10-07",
    "usuario": 2
  }
},
{
  "model": "galeria.comentario",
  "pk": 16,
  "fields": {
    "sitio": 109,
    "comentario": "Se realiza como trabajo adicional la limpieza y relleno de un pozo existente, para liberar el acceso al sitio",
    "fecha_carga": "2024-10-03",
    "usuario": 2
  }
},
{
  "model": "galeria.comentario",
  "pk": 18,
  "fields": {
    "sitio": 109,
    "comentario": "Se realiza como trabajo adicional la construccion de  cerco y portón en el sitio para mayor seguridad, a solicitud del propietario",
    "fecha_carga": "2024-10-05",
    "usuario": 2
  }
},
{
  "model": "galeria.comentario",
  "pk": 19,
  "fields": {
    "sitio": 106,
    "comentario": "Se realiza montaje de la torre Autosoportada",
    "fecha_carga": "2024-10-10",
    "usuario": 2
  }
},
{
  "model": "galeria.comentario",
  "pk": 20,
  "fields": {
    "sitio": 109,
    "comentario": "Se realiza montaje de la torre Autosoportada",
    "fecha_carga": "2024-10-11",
    "usuario": 2
  }
},
{
  "model": "galeria.comentario",
  "pk": 21,
  "fields": {
    "sitio": 107,
    "comentario": "Se realiza el montaje de la torre Autosoportada",
    "fecha_carga": "2024-10-14",
    "usuario": 3
  }
},
{
  "model": "galeria.comentario",
  "pk": 24,
  "fields": {
    "sitio": 107,
    "comentario": "Montaje concluido",
    "fecha_carga": "2024-10-14",
    "usuario": 3
  }
},
{
  "model": "galeria.comentario",
  "pk": 25,
  "fields": {
    "sitio": 107,
    "comentario": "Montaje concluido, 3er, 4to tramo y finales",
    "fecha_carga": "2024-10-14",
    "usuario": 3
  }
},
{
  "model": "galeria.comentario",
  "pk": 26,
  "fields": {
    "sitio": 105,
    "comentario": "• instalación de pilares para cierre perimetral.\r\n• instalación de radier para equipos y poste.",
    "fecha_carga": "2024-10-12",
    "usuario": 6
  }
},
{
  "model": "galeria.comentario",
  "pk": 27,
  "fields": {
    "sitio": 109,
    "comentario": "Trabajando en el revestimiento de la torre.",
    "fecha_carga": "2024-10-14",
    "usuario": 6
  }
},
{
  "model": "galeria.comentario",
  "pk": 28,
  "fields": {
    "sitio": 105,
    "comentario": "Se realiza trabajos en el cierre perimetral",
    "fecha_carga": "2024-10-15",
    "usuario": 2
  }
},
{
  "model": "galeria.comentario",
  "pk": 29,
  "fields": {
    "sitio": 105,
    "comentario": "Se realiza trabajos de relleno y compactado de la fundación.\r\nSe concluye sistema de malla a tierra.",
    "fecha_carga": "2024-10-10",
    "usuario": 2
  }
},
{
  "model": "galeria.comentario",
  "pk": 30,
  "fields": {
    "sitio": 106,
    "comentario": "-Se realizan trabajos de instalación de pilares del cierre perimetral\r\n-La construccion de la LE provisoria se encuentra casi concluida\r\n-La losa radier de equipos se encuentra lista",
    "fecha_carga": "2024-10-15",
    "usuario": 2
  }
},
{
  "model": "galeria.comentario",
  "pk": 31,
  "fields": {
    "sitio": 103,
    "comentario": "-Se realiza la entrega del sitio",
    "fecha_carga": "2024-10-02",
    "usuario": 2
  }
},
{
  "model": "galeria.comentario",
  "pk": 32,
  "fields": {
    "sitio": 104,
    "comentario": "-Se realiza la entrega del sitio",
    "fecha_carga": "2024-09-26",
    "usuario": 2
  }
},
{
  "model": "galeria.comentario",
  "pk": 33,
  "fields": {
    "sitio": 105,
    "comentario": "Realizando el prearmado de la torre.\r\nSe agendo el montaje para el día viernes 18, hora por confirmar.",
    "fecha_carga": "2024-10-16",
    "usuario": 6
  }
},
{
  "model": "galeria.comentario",
  "pk": 34,
  "fields": {
    "sitio": 106,
    "comentario": "Se encuentran trabajando en el cierre perimetral",
    "fecha_carga": "2024-10-16",
    "usuario": 2
  }
},
{
  "model": "galeria.comentario",
  "pk": 35,
  "fields": {
    "sitio": 109,
    "comentario": "Se terminó el reapriete de la torre y se comenzó con el trabajo de la malla tierra iniciando con la excavación.",
    "fecha_carga": "2024-10-16",
    "usuario": 6
  }
},
{
  "model": "galeria.comentario",
  "pk": 36,
  "fields": {
    "sitio": 113,
    "comentario": "Se efectuó el relevamiento y estacado del terreno determinando los 4 vertices del sitio y el camino de acceso a construir.",
    "fecha_carga": "2024-10-15",
    "usuario": 7
  }
},
{
  "model": "galeria.comentario",
  "pk": 37,
  "fields": {
    "sitio": 112,
    "comentario": "Se inicia el relevamiento de terreno, estacado de vertices y limpieza de predio.",
    "fecha_carga": "2024-10-15",
    "usuario": 7
  }
},
{
  "model": "galeria.comentario",
  "pk": 38,
  "fields": {
    "sitio": 112,
    "comentario": "Se efectua la limpieza del terreno extrayendo toda la cobertura vegetal.",
    "fecha_carga": "2024-10-16",
    "usuario": 7
  }
},
{
  "model": "galeria.comentario",
  "pk": 39,
  "fields": {
    "sitio": 109,
    "comentario": "• Trabajando en la instalación de malla tierra. \r\n• instalación de pilares para cierre perimetral.",
    "fecha_carga": "2024-10-17",
    "usuario": 6
  }
},
{
  "model": "galeria.comentario",
  "pk": 40,
  "fields": {
    "sitio": 105,
    "comentario": "Posicionamiento de grua y preparación de maniobra",
    "fecha_carga": "2024-10-18",
    "usuario": 5
  }
},
{
  "model": "galeria.comentario",
  "pk": 41,
  "fields": {
    "sitio": 112,
    "comentario": "Se concluye con la limpieza de la cobertura vegetal y se realiza medición de cotas para determinar cota final de sitio",
    "fecha_carga": "2024-10-17",
    "usuario": 7
  }
},
{
  "model": "galeria.comentario",
  "pk": 42,
  "fields": {
    "sitio": 112,
    "comentario": "Limpieza de Sitio",
    "fecha_carga": "2024-10-16",
    "usuario": 7
  }
},
{
  "model": "galeria.comentario",
  "pk": 43,
  "fields": {
    "sitio": 105,
    "comentario": "Montaje distintos tramos",
    "fecha_carga": "2024-10-19",
    "usuario": 5
  }
},
{
  "model": "galeria.comentario",
  "pk": 44,
  "fields": {
    "sitio": 105,
    "comentario": "Montaje de plataforma",
    "fecha_carga": "2024-10-19",
    "usuario": 5
  }
},
{
  "model": "galeria.comentario",
  "pk": 45,
  "fields": {
    "sitio": 105,
    "comentario": "Montaje finalizado exitosamente",
    "fecha_carga": "2024-10-19",
    "usuario": 5
  }
},
{
  "model": "galeria.comentario",
  "pk": 46,
  "fields": {
    "sitio": 105,
    "comentario": "- Se está avanzando en la instalación del cerco\r\n- Se realizó el montaje de la torre completa, posteriormente se continuará con el revestimiento.",
    "fecha_carga": "2024-10-19",
    "usuario": 6
  }
},
{
  "model": "galeria.comentario",
  "pk": 47,
  "fields": {
    "sitio": 106,
    "comentario": "Recepción de sitio, sin observaciones, Con energía provisoria instalada",
    "fecha_carga": "2024-10-21",
    "usuario": 3
  }
},
{
  "model": "galeria.comentario",
  "pk": 48,
  "fields": {
    "sitio": 106,
    "comentario": "Sitio recepcionado sin observaciones, sitio energizado con provisoria",
    "fecha_carga": "2024-10-21",
    "usuario": 3
  }
},
{
  "model": "galeria.comentario",
  "pk": 49,
  "fields": {
    "sitio": 109,
    "comentario": "• Trabajando en el cerco de la torre y el cierre perimetral exterior.",
    "fecha_carga": "2024-10-19",
    "usuario": 6
  }
},
{
  "model": "galeria.comentario",
  "pk": 50,
  "fields": {
    "sitio": 112,
    "comentario": "Se realizó el geoposicionamiento del sitio conforme a coordenadas por Uds. enviadas",
    "fecha_carga": "2024-10-15",
    "usuario": 10
  }
},
{
  "model": "galeria.comentario",
  "pk": 51,
  "fields": {
    "sitio": 112,
    "comentario": "Se realizó el geoposicionamiento del sitio conforme a coordenadas por Uds. enviadas",
    "fecha_carga": "2024-10-21",
    "usuario": 10
  }
},
{
  "model": "galeria.comentario",
  "pk": 52,
  "fields": {
    "sitio": 109,
    "comentario": "• Se continúa trabajando en el cerco, cierre perimetral y el portón de entrada al sitio.",
    "fecha_carga": "2024-10-22",
    "usuario": 6
  }
},
{
  "model": "galeria.comentario",
  "pk": 53,
  "fields": {
    "sitio": 105,
    "comentario": "• Trabajando en el cerco de la torre.\r\n• Tablero instalado, radier terminado, trabajando en la escalerilla.",
    "fecha_carga": "2024-10-22",
    "usuario": 6
  }
},
{
  "model": "galeria.comentario",
  "pk": 54,
  "fields": {
    "sitio": 112,
    "comentario": "Limpieza Terreno",
    "fecha_carga": "2024-10-20",
    "usuario": 11
  }
},
{
  "model": "galeria.comentario",
  "pk": 55,
  "fields": {
    "sitio": 112,
    "comentario": "Limpieza Terreno",
    "fecha_carga": "2024-10-22",
    "usuario": 11
  }
},
{
  "model": "galeria.comentario",
  "pk": 56,
  "fields": {
    "sitio": 112,
    "comentario": "Nivelación Terreno",
    "fecha_carga": "2024-10-22",
    "usuario": 11
  }
},
{
  "model": "actividades.actividad",
  "pk": 1,
  "fields": {
    "nombre": "Instalación de Faenas",
    "descripcion": ""
  }
},
{
  "model": "actividades.actividad",
  "pk": 2,
  "fields": {
    "nombre": "Replanteo y Trazado",
    "descripcion": ""
  }
},
{
  "model": "actividades.actividad",
  "pk": 3,
  "fields": {
    "nombre": "Excavación para la fundación",
    "descripcion": ""
  }
},
{
  "model": "actividades.actividad",
  "pk": 4,
  "fields": {
    "nombre": "Enferradura de la fundación",
    "descripcion": ""
  }
},
{
  "model": "actividades.actividad",
  "pk": 5,
  "fields": {
    "nombre": "Hormigonado de la fundación",
    "descripcion": ""
  }
},
{
  "model": "actividades.actividad",
  "pk": 6,
  "fields": {
    "nombre": "Relleno y Compactado",
    "descripcion": ""
  }
},
{
  "model": "actividades.actividad",
  "pk": 7,
  "fields": {
    "nombre": "Montaje de la torre",
    "descripcion": ""
  }
},
{
  "model": "actividades.actividad",
  "pk": 8,
  "fields": {
    "nombre": "Losa radier de equipos",
    "descripcion": ""
  }
},
{
  "model": "actividades.actividad",
  "pk": 9,
  "fields": {
    "nombre": "Cierre perimetral",
    "descripcion": ""
  }
},
{
  "model": "actividades.actividad",
  "pk": 10,
  "fields": {
    "nombre": "Sistema puesta a tierra",
    "descripcion": ""
  }
},
{
  "model": "actividades.actividad",
  "pk": 11,
  "fields": {
    "nombre": "Linea eléctrica provisoria",
    "descripcion": ""
  }
},
{
  "model": "actividades.actividad",
  "pk": 12,
  "fields": {
    "nombre": "Linea eléctrica definitiva",
    "descripcion": ""
  }
},
{
  "model": "actividades.actividad",
  "pk": 13,
  "fields": {
    "nombre": "Trabajos finales / adicionales",
    "descripcion": ""
  }
},
{
  "model": "actividades.actividad",
  "pk": 14,
  "fields": {
    "nombre": "Sistema eléctrico",
    "descripcion": ""
  }
},
{
  "model": "actividades.actividad",
  "pk": 15,
  "fields": {
    "nombre": "Retiro Cobertura Vegetal",
    "descripcion": "SX"
  }
},
{
  "model": "actividades.actividad",
  "pk": 16,
  "fields": {
    "nombre": "Nivelación Sitio",
    "descripcion": "SX"
  }
},
{
  "model": "actividades.actividad",
  "pk": 17,
  "fields": {
    "nombre": "Portón Exterior",
    "descripcion": "SX"
  }
},
{
  "model": "actividades.actividad",
  "pk": 18,
  "fields": {
    "nombre": "Geotextil con antiherbicida",
    "descripcion": "SX"
  }
},
{
  "model": "actividades.actividad",
  "pk": 19,
  "fields": {
    "nombre": "Colocación de ripio 3/4\" - 1\"",
    "descripcion": "SX"
  }
},
{
  "model": "actividades.actividad",
  "pk": 20,
  "fields": {
    "nombre": "Losa de generadores",
    "descripcion": "SX"
  }
},
{
  "model": "actividades.actividad",
  "pk": 21,
  "fields": {
    "nombre": "Acometida electrica",
    "descripcion": "SX"
  }
},
{
  "model": "actividades.actividad",
  "pk": 22,
  "fields": {
    "nombre": "Pilastra",
    "descripcion": "SX"
  }
},
{
  "model": "actividades.actividad",
  "pk": 23,
  "fields": {
    "nombre": "Ductos eléctricos",
    "descripcion": "SX"
  }
},
{
  "model": "actividades.actividad",
  "pk": 24,
  "fields": {
    "nombre": "Cableado",
    "descripcion": "SX"
  }
},
{
  "model": "actividades.actividad",
  "pk": 25,
  "fields": {
    "nombre": "Instalación tablero eléctrico",
    "descripcion": "SX"
  }
},
{
  "model": "actividades.actividad",
  "pk": 26,
  "fields": {
    "nombre": "Drenaje pluvial",
    "descripcion": "SX"
  }
},
{
  "model": "actividades.actividad",
  "pk": 27,
  "fields": {
    "nombre": "Camino de acceso",
    "descripcion": "SX"
  }
},
{
  "model": "actividades.actividad",
  "pk": 28,
  "fields": {
    "nombre": "Otros (limpieza, señalización)",
    "descripcion": "SX"
  }
},
{
  "model": "actividades.grupoactividades",
  "pk": 1,
  "fields": {
    "nombre": "PTI Base Torres"
  }
},
{
  "model": "actividades.grupoactividades",
  "pk": 2,
  "fields": {
    "nombre": "PTI-SX"
  }
},
{
  "model": "actividades.actividadgrupo",
  "pk": 1,
  "fields": {
    "actividad": 1,
    "grupo": 1,
    "ponderacion": 2.0,
    "order": 0
  }
},
{
  "model": "actividades.actividadgrupo",
  "pk": 2,
  "fields": {
    "actividad": 2,
    "grupo": 1,
    "ponderacion": 2.0,
    "order": 0
  }
},
{
  "model": "actividades.actividadgrupo",
  "pk": 3,
  "fields": {
    "actividad": 3,
    "grupo": 1,
    "ponderacion": 2.0,
    "order": 0
  }
},
{
  "model": "actividades.actividadgrupo",
  "pk": 4,
  "fields": {
    "actividad": 4,
    "grupo": 1,
    "ponderacion": 15.0,
    "order": 0
  }
},
{
  "model": "actividades.actividadgrupo",
  "pk": 5,
  "fields": {
    "actividad": 5,
    "grupo": 1,
    "ponderacion": 15.0,
    "order": 0
  }
},
{
  "model": "actividades.actividadgrupo",
  "pk": 6,
  "fields": {
    "actividad": 6,
    "grupo": 1,
    "ponderacion": 10.0,
    "order": 0
  }
},
{
  "model": "actividades.actividadgrupo",
  "pk": 7,
  "fields": {
    "actividad": 7,
    "grupo": 1,
    "ponderacion": 15.0,
    "order": 0
  }
},
{
  "model": "actividades.actividadgrupo",
  "pk": 8,
  "fields": {
    "actividad": 8,
    "grupo": 1,
    "ponderacion": 4.0,
    "order": 0
  }
},
{
  "model": "actividades.actividadgrupo",
  "pk": 9,
  "fields": {
    "actividad": 9,
    "grupo": 1,
    "ponderacion": 5.0,
    "order": 0
  }
},
{
  "model": "actividades.actividadgrupo",
  "pk": 10,
  "fields": {
    "actividad": 10,
    "grupo": 1,
    "ponderacion": 5.0,
    "order": 0
  }
},
{
  "model": "actividades.actividadgrupo",
  "pk": 11,
  "fields": {
    "actividad": 14,
    "grupo": 1,
    "ponderacion": 10.0,
    "order": 0
  }
},
{
  "model": "actividades.actividadgrupo",
  "pk": 12,
  "fields": {
    "actividad": 11,
    "grupo": 1,
    "ponderacion": 5.0,
    "order": 0
  }
},
{
  "model": "actividades.actividadgrupo",
  "pk": 13,
  "fields": {
    "actividad": 12,
    "grupo": 1,
    "ponderacion": 5.0,
    "order": 0
  }
},
{
  "model": "actividades.actividadgrupo",
  "pk": 14,
  "fields": {
    "actividad": 13,
    "grupo": 1,
    "ponderacion": 5.0,
    "order": 0
  }
},
{
  "model": "actividades.actividadgrupo",
  "pk": 15,
  "fields": {
    "actividad": 1,
    "grupo": 2,
    "ponderacion": 5.0,
    "order": 1
  }
},
{
  "model": "actividades.actividadgrupo",
  "pk": 16,
  "fields": {
    "actividad": 15,
    "grupo": 2,
    "ponderacion": 5.0,
    "order": 2
  }
},
{
  "model": "actividades.actividadgrupo",
  "pk": 17,
  "fields": {
    "actividad": 16,
    "grupo": 2,
    "ponderacion": 10.0,
    "order": 3
  }
},
{
  "model": "actividades.actividadgrupo",
  "pk": 18,
  "fields": {
    "actividad": 9,
    "grupo": 2,
    "ponderacion": 10.0,
    "order": 4
  }
},
{
  "model": "actividades.actividadgrupo",
  "pk": 19,
  "fields": {
    "actividad": 17,
    "grupo": 2,
    "ponderacion": 5.0,
    "order": 5
  }
},
{
  "model": "actividades.actividadgrupo",
  "pk": 20,
  "fields": {
    "actividad": 18,
    "grupo": 2,
    "ponderacion": 10.0,
    "order": 6
  }
},
{
  "model": "actividades.actividadgrupo",
  "pk": 21,
  "fields": {
    "actividad": 19,
    "grupo": 2,
    "ponderacion": 5.0,
    "order": 7
  }
},
{
  "model": "actividades.actividadgrupo",
  "pk": 22,
  "fields": {
    "actividad": 20,
    "grupo": 2,
    "ponderacion": 5.0,
    "order": 8
  }
},
{
  "model": "actividades.actividadgrupo",
  "pk": 23,
  "fields": {
    "actividad": 21,
    "grupo": 2,
    "ponderacion": 5.0,
    "order": 9
  }
},
{
  "model": "actividades.actividadgrupo",
  "pk": 24,
  "fields": {
    "actividad": 22,
    "grupo": 2,
    "ponderacion": 5.0,
    "order": 10
  }
},
{
  "model": "actividades.actividadgrupo",
  "pk": 25,
  "fields": {
    "actividad": 23,
    "grupo": 2,
    "ponderacion": 5.0,
    "order": 11
  }
},
{
  "model": "actividades.actividadgrupo",
  "pk": 26,
  "fields": {
    "actividad": 24,
    "grupo": 2,
    "ponderacion": 5.0,
    "order": 12
  }
},
{
  "model": "actividades.actividadgrupo",
  "pk": 27,
  "fields": {
    "actividad": 25,
    "grupo": 2,
    "ponderacion": 5.0,
    "order": 13
  }
},
{
  "model": "actividades.actividadgrupo",
  "pk": 28,
  "fields": {
    "actividad": 26,
    "grupo": 2,
    "ponderacion": 5.0,
    "order": 14
  }
},
{
  "model": "actividades.actividadgrupo",
  "pk": 29,
  "fields": {
    "actividad": 27,
    "grupo": 2,
    "ponderacion": 5.0,
    "order": 15
  }
},
{
  "model": "actividades.actividadgrupo",
  "pk": 30,
  "fields": {
    "actividad": 28,
    "grupo": 2,
    "ponderacion": 5.0,
    "order": 16
  }
},
{
  "model": "actividades.proyectoactividad",
  "pk": 1,
  "fields": {
    "proyecto": 105,
    "grupo": 1,
    "fecha_creacion": "2024-10-16T22:25:33.428Z"
  }
},
{
  "model": "actividades.proyectoactividad",
  "pk": 2,
  "fields": {
    "proyecto": 109,
    "grupo": 1,
    "fecha_creacion": "2024-10-16T22:25:33.428Z"
  }
},
{
  "model": "actividades.proyectoactividad",
  "pk": 3,
  "fields": {
    "proyecto": 107,
    "grupo": 1,
    "fecha_creacion": "2024-10-16T22:25:33.428Z"
  }
},
{
  "model": "actividades.proyectoactividad",
  "pk": 4,
  "fields": {
    "proyecto": 106,
    "grupo": 1,
    "fecha_creacion": "2024-10-16T22:25:33.428Z"
  }
},
{
  "model": "actividades.proyectoactividad",
  "pk": 5,
  "fields": {
    "proyecto": 104,
    "grupo": 1,
    "fecha_creacion": "2024-10-16T22:25:33.428Z"
  }
},
{
  "model": "actividades.proyectoactividad",
  "pk": 6,
  "fields": {
    "proyecto": 103,
    "grupo": 1,
    "fecha_creacion": "2024-10-16T22:25:33.428Z"
  }
},
{
  "model": "actividades.proyectoactividad",
  "pk": 7,
  "fields": {
    "proyecto": 112,
    "grupo": 2,
    "fecha_creacion": "2024-10-22T23:54:53.593Z"
  }
},
{
  "model": "actividades.progreso",
  "pk": 1,
  "fields": {
    "progreso": 1,
    "activar": true,
    "fecha_inicio": "2024-10-01",
    "fecha_final": null
  }
},
{
  "model": "actividades.progreso",
  "pk": 2,
  "fields": {
    "progreso": 2,
    "activar": true,
    "fecha_inicio": "2024-10-02",
    "fecha_final": null
  }
},
{
  "model": "actividades.progreso",
  "pk": 3,
  "fields": {
    "progreso": 3,
    "activar": true,
    "fecha_inicio": "2024-09-30",
    "fecha_final": null
  }
},
{
  "model": "actividades.progreso",
  "pk": 4,
  "fields": {
    "progreso": 4,
    "activar": true,
    "fecha_inicio": "2024-09-30",
    "fecha_final": null
  }
},
{
  "model": "actividades.progreso",
  "pk": 5,
  "fields": {
    "progreso": 5,
    "activar": true,
    "fecha_inicio": "2024-08-29",
    "fecha_final": "2024-09-26"
  }
},
{
  "model": "actividades.progreso",
  "pk": 6,
  "fields": {
    "progreso": 6,
    "activar": true,
    "fecha_inicio": "2024-08-29",
    "fecha_final": "2024-10-02"
  }
},
{
  "model": "actividades.progreso",
  "pk": 7,
  "fields": {
    "progreso": 7,
    "activar": true,
    "fecha_inicio": "2024-10-14",
    "fecha_final": null
  }
},
{
  "model": "actividades.detalleprogreso",
  "pk": 1,
  "fields": {
    "progreso": 1,
    "actividad_grupo": 1,
    "porcentaje": 100.0,
    "mostrar": true,
    "order": 0
  }
},
{
  "model": "actividades.detalleprogreso",
  "pk": 2,
  "fields": {
    "progreso": 1,
    "actividad_grupo": 2,
    "porcentaje": 100.0,
    "mostrar": true,
    "order": 0
  }
},
{
  "model": "actividades.detalleprogreso",
  "pk": 3,
  "fields": {
    "progreso": 1,
    "actividad_grupo": 3,
    "porcentaje": 100.0,
    "mostrar": true,
    "order": 0
  }
},
{
  "model": "actividades.detalleprogreso",
  "pk": 4,
  "fields": {
    "progreso": 1,
    "actividad_grupo": 4,
    "porcentaje": 100.0,
    "mostrar": true,
    "order": 0
  }
},
{
  "model": "actividades.detalleprogreso",
  "pk": 5,
  "fields": {
    "progreso": 1,
    "actividad_grupo": 5,
    "porcentaje": 100.0,
    "mostrar": true,
    "order": 0
  }
},
{
  "model": "actividades.detalleprogreso",
  "pk": 6,
  "fields": {
    "progreso": 1,
    "actividad_grupo": 6,
    "porcentaje": 100.0,
    "mostrar": true,
    "order": 0
  }
},
{
  "model": "actividades.detalleprogreso",
  "pk": 7,
  "fields": {
    "progreso": 1,
    "actividad_grupo": 7,
    "porcentaje": 100.0,
    "mostrar": true,
    "order": 0
  }
},
{
  "model": "actividades.detalleprogreso",
  "pk": 8,
  "fields": {
    "progreso": 1,
    "actividad_grupo": 8,
    "porcentaje": 100.0,
    "mostrar": true,
    "order": 0
  }
},
{
  "model": "actividades.detalleprogreso",
  "pk": 9,
  "fields": {
    "progreso": 1,
    "actividad_grupo": 9,
    "porcentaje": 90.0,
    "mostrar": true,
    "order": 0
  }
},
{
  "model": "actividades.detalleprogreso",
  "pk": 10,
  "fields": {
    "progreso": 1,
    "actividad_grupo": 10,
    "porcentaje": 100.0,
    "mostrar": true,
    "order": 0
  }
},
{
  "model": "actividades.detalleprogreso",
  "pk": 11,
  "fields": {
    "progreso": 1,
    "actividad_grupo": 11,
    "porcentaje": 50.0,
    "mostrar": true,
    "order": 0
  }
},
{
  "model": "actividades.detalleprogreso",
  "pk": 12,
  "fields": {
    "progreso": 1,
    "actividad_grupo": 12,
    "porcentaje": 0.0,
    "mostrar": false,
    "order": 0
  }
},
{
  "model": "actividades.detalleprogreso",
  "pk": 14,
  "fields": {
    "progreso": 1,
    "actividad_grupo": 14,
    "porcentaje": 0.0,
    "mostrar": true,
    "order": 0
  }
},
{
  "model": "actividades.detalleprogreso",
  "pk": 15,
  "fields": {
    "progreso": 2,
    "actividad_grupo": 1,
    "porcentaje": 100.0,
    "mostrar": true,
    "order": 0
  }
},
{
  "model": "actividades.detalleprogreso",
  "pk": 16,
  "fields": {
    "progreso": 2,
    "actividad_grupo": 2,
    "porcentaje": 100.0,
    "mostrar": true,
    "order": 0
  }
},
{
  "model": "actividades.detalleprogreso",
  "pk": 17,
  "fields": {
    "progreso": 2,
    "actividad_grupo": 3,
    "porcentaje": 100.0,
    "mostrar": true,
    "order": 0
  }
},
{
  "model": "actividades.detalleprogreso",
  "pk": 18,
  "fields": {
    "progreso": 2,
    "actividad_grupo": 4,
    "porcentaje": 100.0,
    "mostrar": true,
    "order": 0
  }
},
{
  "model": "actividades.detalleprogreso",
  "pk": 19,
  "fields": {
    "progreso": 2,
    "actividad_grupo": 5,
    "porcentaje": 100.0,
    "mostrar": true,
    "order": 0
  }
},
{
  "model": "actividades.detalleprogreso",
  "pk": 20,
  "fields": {
    "progreso": 2,
    "actividad_grupo": 6,
    "porcentaje": 100.0,
    "mostrar": true,
    "order": 0
  }
},
{
  "model": "actividades.detalleprogreso",
  "pk": 21,
  "fields": {
    "progreso": 2,
    "actividad_grupo": 7,
    "porcentaje": 100.0,
    "mostrar": true,
    "order": 0
  }
},
{
  "model": "actividades.detalleprogreso",
  "pk": 22,
  "fields": {
    "progreso": 2,
    "actividad_grupo": 8,
    "porcentaje": 0.0,
    "mostrar": true,
    "order": 0
  }
},
{
  "model": "actividades.detalleprogreso",
  "pk": 23,
  "fields": {
    "progreso": 2,
    "actividad_grupo": 9,
    "porcentaje": 70.0,
    "mostrar": true,
    "order": 0
  }
},
{
  "model": "actividades.detalleprogreso",
  "pk": 24,
  "fields": {
    "progreso": 2,
    "actividad_grupo": 10,
    "porcentaje": 100.0,
    "mostrar": true,
    "order": 0
  }
},
{
  "model": "actividades.detalleprogreso",
  "pk": 25,
  "fields": {
    "progreso": 2,
    "actividad_grupo": 11,
    "porcentaje": 0.0,
    "mostrar": true,
    "order": 0
  }
},
{
  "model": "actividades.detalleprogreso",
  "pk": 26,
  "fields": {
    "progreso": 2,
    "actividad_grupo": 12,
    "porcentaje": 20.0,
    "mostrar": true,
    "order": 0
  }
},
{
  "model": "actividades.detalleprogreso",
  "pk": 27,
  "fields": {
    "progreso": 2,
    "actividad_grupo": 13,
    "porcentaje": 0.0,
    "mostrar": true,
    "order": 0
  }
},
{
  "model": "actividades.detalleprogreso",
  "pk": 28,
  "fields": {
    "progreso": 2,
    "actividad_grupo": 14,
    "porcentaje": 30.0,
    "mostrar": true,
    "order": 0
  }
},
{
  "model": "actividades.detalleprogreso",
  "pk": 29,
  "fields": {
    "progreso": 3,
    "actividad_grupo": 1,
    "porcentaje": 100.0,
    "mostrar": true,
    "order": 0
  }
},
{
  "model": "actividades.detalleprogreso",
  "pk": 30,
  "fields": {
    "progreso": 3,
    "actividad_grupo": 2,
    "porcentaje": 100.0,
    "mostrar": true,
    "order": 0
  }
},
{
  "model": "actividades.detalleprogreso",
  "pk": 31,
  "fields": {
    "progreso": 3,
    "actividad_grupo": 3,
    "porcentaje": 100.0,
    "mostrar": true,
    "order": 0
  }
},
{
  "model": "actividades.detalleprogreso",
  "pk": 32,
  "fields": {
    "progreso": 3,
    "actividad_grupo": 4,
    "porcentaje": 100.0,
    "mostrar": true,
    "order": 0
  }
},
{
  "model": "actividades.detalleprogreso",
  "pk": 33,
  "fields": {
    "progreso": 3,
    "actividad_grupo": 5,
    "porcentaje": 100.0,
    "mostrar": true,
    "order": 0
  }
},
{
  "model": "actividades.detalleprogreso",
  "pk": 34,
  "fields": {
    "progreso": 3,
    "actividad_grupo": 6,
    "porcentaje": 100.0,
    "mostrar": true,
    "order": 0
  }
},
{
  "model": "actividades.detalleprogreso",
  "pk": 35,
  "fields": {
    "progreso": 3,
    "actividad_grupo": 7,
    "porcentaje": 100.0,
    "mostrar": true,
    "order": 0
  }
},
{
  "model": "actividades.detalleprogreso",
  "pk": 36,
  "fields": {
    "progreso": 3,
    "actividad_grupo": 8,
    "porcentaje": 0.0,
    "mostrar": true,
    "order": 0
  }
},
{
  "model": "actividades.detalleprogreso",
  "pk": 37,
  "fields": {
    "progreso": 3,
    "actividad_grupo": 9,
    "porcentaje": 0.0,
    "mostrar": true,
    "order": 0
  }
},
{
  "model": "actividades.detalleprogreso",
  "pk": 38,
  "fields": {
    "progreso": 3,
    "actividad_grupo": 10,
    "porcentaje": 0.0,
    "mostrar": true,
    "order": 0
  }
},
{
  "model": "actividades.detalleprogreso",
  "pk": 39,
  "fields": {
    "progreso": 3,
    "actividad_grupo": 11,
    "porcentaje": 0.0,
    "mostrar": true,
    "order": 0
  }
},
{
  "model": "actividades.detalleprogreso",
  "pk": 40,
  "fields": {
    "progreso": 3,
    "actividad_grupo": 12,
    "porcentaje": 0.0,
    "mostrar": true,
    "order": 0
  }
},
{
  "model": "actividades.detalleprogreso",
  "pk": 41,
  "fields": {
    "progreso": 3,
    "actividad_grupo": 13,
    "porcentaje": 0.0,
    "mostrar": true,
    "order": 0
  }
},
{
  "model": "actividades.detalleprogreso",
  "pk": 42,
  "fields": {
    "progreso": 3,
    "actividad_grupo": 14,
    "porcentaje": 0.0,
    "mostrar": true,
    "order": 0
  }
},
{
  "model": "actividades.detalleprogreso",
  "pk": 43,
  "fields": {
    "progreso": 4,
    "actividad_grupo": 1,
    "porcentaje": 100.0,
    "mostrar": true,
    "order": 0
  }
},
{
  "model": "actividades.detalleprogreso",
  "pk": 44,
  "fields": {
    "progreso": 4,
    "actividad_grupo": 2,
    "porcentaje": 100.0,
    "mostrar": true,
    "order": 0
  }
},
{
  "model": "actividades.detalleprogreso",
  "pk": 45,
  "fields": {
    "progreso": 4,
    "actividad_grupo": 3,
    "porcentaje": 100.0,
    "mostrar": true,
    "order": 0
  }
},
{
  "model": "actividades.detalleprogreso",
  "pk": 46,
  "fields": {
    "progreso": 4,
    "actividad_grupo": 4,
    "porcentaje": 100.0,
    "mostrar": true,
    "order": 0
  }
},
{
  "model": "actividades.detalleprogreso",
  "pk": 47,
  "fields": {
    "progreso": 4,
    "actividad_grupo": 5,
    "porcentaje": 100.0,
    "mostrar": true,
    "order": 0
  }
},
{
  "model": "actividades.detalleprogreso",
  "pk": 48,
  "fields": {
    "progreso": 4,
    "actividad_grupo": 6,
    "porcentaje": 100.0,
    "mostrar": true,
    "order": 0
  }
},
{
  "model": "actividades.detalleprogreso",
  "pk": 49,
  "fields": {
    "progreso": 4,
    "actividad_grupo": 7,
    "porcentaje": 100.0,
    "mostrar": true,
    "order": 0
  }
},
{
  "model": "actividades.detalleprogreso",
  "pk": 50,
  "fields": {
    "progreso": 4,
    "actividad_grupo": 8,
    "porcentaje": 100.0,
    "mostrar": true,
    "order": 0
  }
},
{
  "model": "actividades.detalleprogreso",
  "pk": 51,
  "fields": {
    "progreso": 4,
    "actividad_grupo": 9,
    "porcentaje": 79.0,
    "mostrar": true,
    "order": 0
  }
},
{
  "model": "actividades.detalleprogreso",
  "pk": 52,
  "fields": {
    "progreso": 4,
    "actividad_grupo": 10,
    "porcentaje": 100.0,
    "mostrar": true,
    "order": 0
  }
},
{
  "model": "actividades.detalleprogreso",
  "pk": 53,
  "fields": {
    "progreso": 4,
    "actividad_grupo": 11,
    "porcentaje": 0.0,
    "mostrar": true,
    "order": 0
  }
},
{
  "model": "actividades.detalleprogreso",
  "pk": 54,
  "fields": {
    "progreso": 4,
    "actividad_grupo": 12,
    "porcentaje": 80.0,
    "mostrar": true,
    "order": 0
  }
},
{
  "model": "actividades.detalleprogreso",
  "pk": 55,
  "fields": {
    "progreso": 4,
    "actividad_grupo": 13,
    "porcentaje": 0.0,
    "mostrar": true,
    "order": 0
  }
},
{
  "model": "actividades.detalleprogreso",
  "pk": 56,
  "fields": {
    "progreso": 4,
    "actividad_grupo": 14,
    "porcentaje": 0.0,
    "mostrar": true,
    "order": 0
  }
},
{
  "model": "actividades.detalleprogreso",
  "pk": 57,
  "fields": {
    "progreso": 5,
    "actividad_grupo": 1,
    "porcentaje": 100.0,
    "mostrar": true,
    "order": 0
  }
},
{
  "model": "actividades.detalleprogreso",
  "pk": 58,
  "fields": {
    "progreso": 5,
    "actividad_grupo": 2,
    "porcentaje": 100.0,
    "mostrar": true,
    "order": 0
  }
},
{
  "model": "actividades.detalleprogreso",
  "pk": 59,
  "fields": {
    "progreso": 5,
    "actividad_grupo": 3,
    "porcentaje": 100.0,
    "mostrar": true,
    "order": 0
  }
},
{
  "model": "actividades.detalleprogreso",
  "pk": 60,
  "fields": {
    "progreso": 5,
    "actividad_grupo": 4,
    "porcentaje": 100.0,
    "mostrar": true,
    "order": 0
  }
},
{
  "model": "actividades.detalleprogreso",
  "pk": 61,
  "fields": {
    "progreso": 5,
    "actividad_grupo": 5,
    "porcentaje": 100.0,
    "mostrar": true,
    "order": 0
  }
},
{
  "model": "actividades.detalleprogreso",
  "pk": 62,
  "fields": {
    "progreso": 5,
    "actividad_grupo": 6,
    "porcentaje": 100.0,
    "mostrar": true,
    "order": 0
  }
},
{
  "model": "actividades.detalleprogreso",
  "pk": 63,
  "fields": {
    "progreso": 5,
    "actividad_grupo": 7,
    "porcentaje": 100.0,
    "mostrar": true,
    "order": 0
  }
},
{
  "model": "actividades.detalleprogreso",
  "pk": 64,
  "fields": {
    "progreso": 5,
    "actividad_grupo": 8,
    "porcentaje": 100.0,
    "mostrar": true,
    "order": 0
  }
},
{
  "model": "actividades.detalleprogreso",
  "pk": 65,
  "fields": {
    "progreso": 5,
    "actividad_grupo": 9,
    "porcentaje": 100.0,
    "mostrar": true,
    "order": 0
  }
},
{
  "model": "actividades.detalleprogreso",
  "pk": 66,
  "fields": {
    "progreso": 5,
    "actividad_grupo": 10,
    "porcentaje": 100.0,
    "mostrar": true,
    "order": 0
  }
},
{
  "model": "actividades.detalleprogreso",
  "pk": 67,
  "fields": {
    "progreso": 5,
    "actividad_grupo": 11,
    "porcentaje": 100.0,
    "mostrar": true,
    "order": 0
  }
},
{
  "model": "actividades.detalleprogreso",
  "pk": 70,
  "fields": {
    "progreso": 5,
    "actividad_grupo": 14,
    "porcentaje": 100.0,
    "mostrar": true,
    "order": 0
  }
},
{
  "model": "actividades.detalleprogreso",
  "pk": 71,
  "fields": {
    "progreso": 6,
    "actividad_grupo": 1,
    "porcentaje": 100.0,
    "mostrar": true,
    "order": 0
  }
},
{
  "model": "actividades.detalleprogreso",
  "pk": 72,
  "fields": {
    "progreso": 6,
    "actividad_grupo": 2,
    "porcentaje": 100.0,
    "mostrar": true,
    "order": 0
  }
},
{
  "model": "actividades.detalleprogreso",
  "pk": 73,
  "fields": {
    "progreso": 6,
    "actividad_grupo": 3,
    "porcentaje": 100.0,
    "mostrar": true,
    "order": 0
  }
},
{
  "model": "actividades.detalleprogreso",
  "pk": 74,
  "fields": {
    "progreso": 6,
    "actividad_grupo": 4,
    "porcentaje": 100.0,
    "mostrar": true,
    "order": 0
  }
},
{
  "model": "actividades.detalleprogreso",
  "pk": 75,
  "fields": {
    "progreso": 6,
    "actividad_grupo": 5,
    "porcentaje": 100.0,
    "mostrar": true,
    "order": 0
  }
},
{
  "model": "actividades.detalleprogreso",
  "pk": 76,
  "fields": {
    "progreso": 6,
    "actividad_grupo": 6,
    "porcentaje": 100.0,
    "mostrar": true,
    "order": 0
  }
},
{
  "model": "actividades.detalleprogreso",
  "pk": 77,
  "fields": {
    "progreso": 6,
    "actividad_grupo": 7,
    "porcentaje": 100.0,
    "mostrar": true,
    "order": 0
  }
},
{
  "model": "actividades.detalleprogreso",
  "pk": 78,
  "fields": {
    "progreso": 6,
    "actividad_grupo": 8,
    "porcentaje": 100.0,
    "mostrar": true,
    "order": 0
  }
},
{
  "model": "actividades.detalleprogreso",
  "pk": 79,
  "fields": {
    "progreso": 6,
    "actividad_grupo": 9,
    "porcentaje": 100.0,
    "mostrar": true,
    "order": 0
  }
},
{
  "model": "actividades.detalleprogreso",
  "pk": 80,
  "fields": {
    "progreso": 6,
    "actividad_grupo": 10,
    "porcentaje": 100.0,
    "mostrar": true,
    "order": 0
  }
},
{
  "model": "actividades.detalleprogreso",
  "pk": 81,
  "fields": {
    "progreso": 6,
    "actividad_grupo": 11,
    "porcentaje": 100.0,
    "mostrar": true,
    "order": 0
  }
},
{
  "model": "actividades.detalleprogreso",
  "pk": 84,
  "fields": {
    "progreso": 6,
    "actividad_grupo": 14,
    "porcentaje": 100.0,
    "mostrar": true,
    "order": 0
  }
},
{
  "model": "actividades.detalleprogreso",
  "pk": 85,
  "fields": {
    "progreso": 7,
    "actividad_grupo": 15,
    "porcentaje": 100.0,
    "mostrar": true,
    "order": 1
  }
},
{
  "model": "actividades.detalleprogreso",
  "pk": 86,
  "fields": {
    "progreso": 7,
    "actividad_grupo": 16,
    "porcentaje": 100.0,
    "mostrar": true,
    "order": 2
  }
},
{
  "model": "actividades.detalleprogreso",
  "pk": 87,
  "fields": {
    "progreso": 7,
    "actividad_grupo": 17,
    "porcentaje": 0.0,
    "mostrar": true,
    "order": 3
  }
},
{
  "model": "actividades.detalleprogreso",
  "pk": 88,
  "fields": {
    "progreso": 7,
    "actividad_grupo": 18,
    "porcentaje": 0.0,
    "mostrar": true,
    "order": 4
  }
},
{
  "model": "actividades.detalleprogreso",
  "pk": 89,
  "fields": {
    "progreso": 7,
    "actividad_grupo": 19,
    "porcentaje": 0.0,
    "mostrar": true,
    "order": 5
  }
},
{
  "model": "actividades.detalleprogreso",
  "pk": 90,
  "fields": {
    "progreso": 7,
    "actividad_grupo": 20,
    "porcentaje": 0.0,
    "mostrar": true,
    "order": 6
  }
},
{
  "model": "actividades.detalleprogreso",
  "pk": 91,
  "fields": {
    "progreso": 7,
    "actividad_grupo": 21,
    "porcentaje": 0.0,
    "mostrar": true,
    "order": 7
  }
},
{
  "model": "actividades.detalleprogreso",
  "pk": 92,
  "fields": {
    "progreso": 7,
    "actividad_grupo": 22,
    "porcentaje": 0.0,
    "mostrar": true,
    "order": 8
  }
},
{
  "model": "actividades.detalleprogreso",
  "pk": 93,
  "fields": {
    "progreso": 7,
    "actividad_grupo": 23,
    "porcentaje": 0.0,
    "mostrar": true,
    "order": 9
  }
},
{
  "model": "actividades.detalleprogreso",
  "pk": 94,
  "fields": {
    "progreso": 7,
    "actividad_grupo": 24,
    "porcentaje": 0.0,
    "mostrar": true,
    "order": 10
  }
},
{
  "model": "actividades.detalleprogreso",
  "pk": 95,
  "fields": {
    "progreso": 7,
    "actividad_grupo": 25,
    "porcentaje": 0.0,
    "mostrar": true,
    "order": 11
  }
},
{
  "model": "actividades.detalleprogreso",
  "pk": 96,
  "fields": {
    "progreso": 7,
    "actividad_grupo": 26,
    "porcentaje": 0.0,
    "mostrar": true,
    "order": 12
  }
},
{
  "model": "actividades.detalleprogreso",
  "pk": 97,
  "fields": {
    "progreso": 7,
    "actividad_grupo": 27,
    "porcentaje": 0.0,
    "mostrar": true,
    "order": 13
  }
},
{
  "model": "actividades.detalleprogreso",
  "pk": 98,
  "fields": {
    "progreso": 7,
    "actividad_grupo": 28,
    "porcentaje": 0.0,
    "mostrar": true,
    "order": 14
  }
},
{
  "model": "actividades.detalleprogreso",
  "pk": 99,
  "fields": {
    "progreso": 7,
    "actividad_grupo": 29,
    "porcentaje": 0.0,
    "mostrar": true,
    "order": 15
  }
},
{
  "model": "actividades.detalleprogreso",
  "pk": 100,
  "fields": {
    "progreso": 7,
    "actividad_grupo": 30,
    "porcentaje": 0.0,
    "mostrar": true,
    "order": 16
  }
},
{
  "model": "clientes.cliente",
  "pk": 1,
  "fields": {
    "nombre": "Phoenix Tower International",
    "cod": "PTI"
  }
},
{
  "model": "clientes.cliente",
  "pk": 2,
  "fields": {
    "nombre": "EMBOL SA",
    "cod": "EMB"
  }
},
{
  "model": "clientes.proyecto",
  "pk": 1,
  "fields": {
    "cliente": 1,
    "nombre": "Supervisión Torres Chile",
    "cod": "PTI-CL-SUP"
  }
},
{
  "model": "clientes.proyecto",
  "pk": 2,
  "fields": {
    "cliente": 1,
    "nombre": "Gateway Argentina SX",
    "cod": "PTI-AR-SX"
  }
},
{
  "model": "clientes.proyecto",
  "pk": 3,
  "fields": {
    "cliente": 2,
    "nombre": "Auditoria Pavimentos",
    "cod": "EMB-BO-PAV"
  }
},
{
  "model": "clientes.userprofile",
  "pk": 1,
  "fields": {
    "user": 5,
    "cargo": "PRE",
    "proyectos": [
      1
    ]
  }
},
{
  "model": "clientes.userprofile",
  "pk": 2,
  "fields": {
    "user": 4,
    "cargo": "CLI",
    "proyectos": [
      1,
      2
    ]
  }
},
{
  "model": "clientes.userprofile",
  "pk": 3,
  "fields": {
    "user": 1,
    "cargo": "ADM",
    "proyectos": [
      1,
      2,
      3
    ]
  }
},
{
  "model": "clientes.userprofile",
  "pk": 4,
  "fields": {
    "user": 2,
    "cargo": "SEG",
    "proyectos": [
      1,
      2,
      3
    ]
  }
},
{
  "model": "clientes.userprofile",
  "pk": 5,
  "fields": {
    "user": 3,
    "cargo": "SUP",
    "proyectos": [
      1
    ]
  }
},
{
  "model": "clientes.userprofile",
  "pk": 6,
  "fields": {
    "user": 7,
    "cargo": "ADM",
    "proyectos": [
      1,
      2,
      3
    ]
  }
},
{
  "model": "clientes.userprofile",
  "pk": 7,
  "fields": {
    "user": 6,
    "cargo": "SUP",
    "proyectos": [
      1
    ]
  }
},
{
  "model": "clientes.userprofile",
  "pk": 8,
  "fields": {
    "user": 8,
    "cargo": "CLI",
    "proyectos": [
      1
    ]
  }
},
{
  "model": "clientes.userprofile",
  "pk": 9,
  "fields": {
    "user": 9,
    "cargo": "CLI",
    "proyectos": [
      1
    ]
  }
},
{
  "model": "clientes.userprofile",
  "pk": 10,
  "fields": {
    "user": 10,
    "cargo": "SUP",
    "proyectos": [
      2
    ]
  }
},
{
  "model": "clientes.userprofile",
  "pk": 11,
  "fields": {
    "user": 11,
    "cargo": "CLI",
    "proyectos": [
      2
    ]
  }
}
]
